customer_id,full_name,country_of_residence,occupation,product_type,is_pep,risk_score,risk_rating,match_score,activity_ratio
100001,Dmitri Okafor,Nigeria,Nurse,International Wire Transfers,0,60,High,0.77,1.0
100002,Priya Chen,Canada,Nurse,Crypto Wallet,0,20,Low,0.37,3.06
100003,Hassan Fitzgerald,United Kingdom,Software Engineer,Private Banking,0,30,Medium,0.53,1.0
100004,Zara Johnson,Australia,Accountant,Current Account,0,10,Low,0.33,1.0
100005,Mary Muller,Ireland,Jeweller,Current Account,0,20,Low,0.42,1.0
100006,Chloe Dubois,United Kingdom,Software Engineer,Current Account,0,0,Low,0.33,1.0
100007,Ravi Johnson,China,Software Engineer,Credit Card,0,35,Medium,0.4,1.2
100008,Elena Haddad,Germany,Teacher,Savings Account,0,0,Low,0.75,1.0
100009,James Andersson,North Korea,Retail Trader,Crypto Wallet,0,70,High,0.38,1.2
100010,Kwame Lindqvist,France,Real Estate Agent,Savings Account,0,35,Medium,0.42,3.14
100011,Carlos Okafor,Russia,Software Engineer,Personal Loan,0,60,High,0.38,2.86
100012,Wei Ivanov,Sweden,Cash-Intensive Business,Personal Loan,0,45,Medium,0.78,4.62
100013,Ivan Petrov,Russia,Software Engineer,Personal Loan,1,85,High,1.0,1.0
100014,Sergei Khan,Germany,Real Estate Agent,Savings Account,0,20,Low,0.75,1.2
100015,Oluwaseun Haddad,Nigeria,Civil Servant,Savings Account,0,25,Medium,0.67,1.0
100016,Lucas Sokolov,United Kingdom,Nurse,Private Banking,0,30,Medium,0.69,1.0
100017,Ingrid Sokolov,United States,Civil Servant,Savings Account,0,10,Low,0.79,0.9
100018,James Ivanov,Kenya,Software Engineer,Crypto Wallet,0,35,Medium,0.64,1.0
100019,Mary Nguyen,India,Software Engineer,Current Account,0,15,Low,0.5,0.9
100020,Mary Volkov,China,Car Dealer,Fixed Deposit,0,25,Medium,0.75,1.0
100021,Emma Okafor,Nigeria,Teacher,Savings Account,0,30,Medium,0.5,4.67
100022,James Dubois,France,Civil Servant,Personal Loan,0,10,Low,0.33,1.0
100023,Hassan Rossi,Nigeria,Car Dealer,Credit Card,0,45,Medium,0.48,1.0
100024,Mohammed Khan,Australia,Nurse,Savings Account,0,0,Low,0.65,7.45
100025,Oluwaseun Volkov,Nigeria,Jeweller,Savings Account,0,35,Medium,0.62,1.0
100026,Hassan Bello,India,Nurse,Private Banking,0,45,Medium,0.48,1.2
100027,Mohammed Osei,United States,Software Engineer,Savings Account,0,25,Medium,0.71,1.0
100028,Wei Silva,China,Real Estate Agent,Savings Account,0,35,Medium,0.55,1.0
100029,Adebayo Johnson,Australia,Jeweller,Current Account,0,20,Low,0.37,0.9
100030,Grace Silva,Nigeria,Retail Trader,Credit Card,0,60,High,0.5,7.71
100031,Mary Brown,Turkey,Civil Servant,Current Account,0,25,Medium,0.38,0.9
100032,Hassan Khan,China,Import/Export Trader,Savings Account,0,25,Medium,0.64,2.11
100033,Liam Rossi,United States,Software Engineer,Personal Loan,0,20,Low,0.48,3.02
100034,Elena Nakamura,Nigeria,Import/Export Trader,Savings Account,0,35,Medium,0.52,0.9
100035,Chloe Dubois,Canada,Nurse,Personal Loan,0,10,Low,0.33,1.2
100036,Chen Okafor,India,Car Dealer,Savings Account,0,35,Medium,0.5,5.38
100037,Kenji Brown,Canada,Money Service Business,Current Account,0,35,Medium,0.33,5.7
100038,Grace Lindqvist,United Kingdom,Civil Servant,Crypto Wallet,0,30,Medium,0.36,1.2
100039,Adebayo Hall,Australia,Nurse,International Wire Transfers,0,20,Low,0.5,1.0
100040,Kenji Nguyen,United Kingdom,Civil Servant,Private Banking,0,20,Low,0.33,0.9
100041,Adebayo Andersson,Australia,Retail Trader,Savings Account,0,20,Low,0.41,4.07
100042,Nadia Reddy,India,Civil Servant,Savings Account,0,25,Medium,0.7,9.51
100043,Hassan Smith,Germany,Nurse,Savings Account,0,0,Low,0.55,6.94
100044,Mary Smith,Ireland,Cash-Intensive Business,Private Banking,0,55,Medium,0.36,4.73
100045,Chen Nakamoto,China,Nurse,Current Account,0,40,Medium,0.72,1.0
100046,Chen Haddad,Germany,Real Estate Agent,Personal Loan,0,30,Medium,0.7,5.42
100047,Emma Fitzgerald,Australia,Software Engineer,Trade Finance,0,20,Low,0.43,0.9
100048,Sofia Fitzgerald,Russia,Retail Trader,Savings Account,0,60,High,0.41,3.44
100049,Mei Nakamura,Nigeria,Real Estate Agent,Current Account,0,35,Medium,0.58,1.0
100050,Kwame Muller,United Kingdom,Nurse,Credit Card,0,40,Medium,0.4,1.0
100051,Kenji Haddad,UAE,Doctor,Savings Account,0,15,Low,0.75,1.2
100052,Rajesh Lindqvist,United Kingdom,Accountant,Fixed Deposit,0,10,Low,0.35,5.07
100053,Adebayo Chen,South Africa,Car Dealer,Personal Loan,0,35,Medium,0.42,3.9
100054,Ivan Mbeki,United States,Retail Trader,Crypto Wallet,0,45,Medium,0.57,1.0
100055,Hassan Okafor,United States,Teacher,Fixed Deposit,0,0,Low,0.53,6.21
100056,Priya Adeyemi,Canada,Teacher,Fixed Deposit,0,35,Medium,0.44,3.27
100057,Tariq Patel,United States,Teacher,Fixed Deposit,0,25,Medium,0.64,1.2
100058,Ingrid Okafor,China,Money Service Business,Fixed Deposit,0,55,Medium,0.54,9.54
100059,Benjamin Petrov,Australia,Real Estate Agent,Current Account,0,20,Low,0.69,1.0
100060,Sergei Muller,South Africa,Import/Export Trader,Savings Account,0,35,Medium,0.59,1.0
100061,Hassan Reddy,China,Software Engineer,Savings Account,0,25,Medium,0.62,5.47
100062,Adebayo Hall,Nigeria,Accountant,Savings Account,0,25,Medium,0.5,1.2
100063,Hassan Lindqvist,India,Nurse,International Wire Transfers,0,45,Medium,0.48,0.9
100064,Zara Patel,Germany,Car Dealer,Savings Account,0,20,Low,0.43,1.0
100065,Oluwaseun Haddad,United States,Accountant,Fixed Deposit,0,25,Medium,0.67,3.96
100066,Ivan Andersson,Turkey,Civil Servant,Private Banking,0,45,Medium,0.64,1.2
100067,Liam Bello,Turkey,Car Dealer,International Wire Transfers,0,55,Medium,0.48,9.96
100068,Kwame Bello,Japan,Casino Operator,Current Account,0,25,Medium,0.42,1.0
100069,Carlos Reddy,Brazil,Real Estate Agent,Credit Card,0,35,Medium,0.48,1.2
100070,Adebayo Haddad,France,Teacher,Fixed Deposit,1,35,Medium,0.77,1.2
100071,Amara Okafor,Nigeria,Import/Export Trader,Credit Card,0,35,Medium,0.48,5.52
100072,Elena Silva,United Kingdom,Software Engineer,Savings Account,0,10,Low,0.75,1.2
100073,Lucas Mbeki,Japan,Civil Servant,Savings Account,0,0,Low,0.33,0.9
100074,Kwame Ivanov,Japan,Casino Operator,Savings Account,0,50,Medium,0.64,0.9
100075,Mohammed Reddy,United States,Real Estate Agent,Fixed Deposit,0,20,Low,0.69,1.0
100076,Elena Nguyen,Sweden,Nurse,Crypto Wallet,0,30,Medium,0.48,0.9
100077,Kenji Adeyemi,United Kingdom,Accountant,International Wire Transfers,0,30,Medium,0.37,1.0
100078,Sara Brown,India,Accountant,Savings Account,1,70,High,0.38,4.0
100079,Aisha Muller,India,Real Estate Agent,Savings Account,1,60,High,0.42,0.9
100080,Omar Volkov,South Africa,Civil Servant,Fixed Deposit,0,25,Medium,0.75,1.0
100081,Aisha Ivanov,Kenya,Nurse,Savings Account,0,25,Medium,0.64,1.0
100082,Nadia Cole,China,Accountant,Credit Card,0,35,Medium,0.55,0.9
100083,Aisha Andersson,Mexico,Nurse,Personal Loan,0,35,Medium,0.46,1.0
100084,James Yilmaz,South Africa,Accountant,Savings Account,0,25,Medium,0.33,8.75
100085,Sofia Sokolov,United Kingdom,Civil Servant,Crypto Wallet,0,20,Low,0.74,3.66
100086,Mary Lindqvist,United Kingdom,Civil Servant,Savings Account,0,0,Low,0.37,3.34
100087,Wei Fitzgerald,United Kingdom,Money Service Business,Current Account,0,25,Medium,0.37,0.9
100088,Amara Adeyemi,India,Teacher,Credit Card,0,25,Medium,0.54,3.9
100089,Dmitri Volkov,Russia,Nurse,International Wire Transfers,0,70,High,1.0,8.49
100090,Aisha Fitzgerald,Germany,Import/Export Trader,Credit Card,0,20,Low,0.43,6.57
100091,Adebayo Rossi,Canada,Doctor,Savings Account,0,10,Low,0.39,6.75
100092,Ivan Nakamoto,Kenya,Nurse,Current Account,0,15,Low,0.8,1.2
100093,Lucas Khan,Australia,Jeweller,Crypto Wallet,0,40,Medium,0.44,1.0
100094,Chen Bello,Germany,Nurse,Crypto Wallet,0,30,Medium,0.43,4.39
100095,Oluwaseun Rossi,Turkey,Civil Servant,Current Account,0,40,Medium,0.38,1.0
100096,Aisha Brown,United Kingdom,Real Estate Agent,Credit Card,0,30,Medium,0.43,1.0
100097,Benjamin Reddy,India,Precious Metals Dealer,Fixed Deposit,0,50,Medium,0.46,5.43
100098,Mei Volkov,Australia,Software Engineer,Savings Account,0,0,Low,0.78,5.77
100099,Tariq Reddy,United Kingdom,Teacher,Fixed Deposit,0,10,Low,0.64,1.0
100100,Kenji Patel,Netherlands,Car Dealer,Private Banking,0,30,Medium,0.36,1.0
100101,Kenji Bello,United Kingdom,Import/Export Trader,Savings Account,0,20,Low,0.42,5.63
100102,Ingrid Petrov,France,Retail Trader,Current Account,0,20,Low,0.75,1.2
100103,Ivan Osei,Nigeria,Precious Metals Dealer,Personal Loan,0,60,High,0.6,1.2
100104,Mei Andersson,Turkey,Cash-Intensive Business,Current Account,0,40,Medium,0.5,0.9
100105,Kenji Al-Sayed,United States,Doctor,Fixed Deposit,0,10,Low,0.71,3.39
100106,Ingrid Mbeki,Afghanistan,Real Estate Agent,Savings Account,0,60,High,0.4,1.0
100107,Mary Al-Sayed,United States,Nurse,Current Account,0,10,Low,0.92,1.0
100108,Omar Dubois,United Kingdom,Real Estate Agent,Fixed Deposit,0,20,Low,0.5,1.0
100109,Chloe Okafor,Germany,Real Estate Agent,Current Account,0,10,Low,0.33,1.2
100110,Rajesh Chen,Turkey,Nurse,Savings Account,0,40,Medium,0.29,1.0
100111,Ivan Andersson,South Africa,Nurse,Fixed Deposit,0,30,Medium,0.64,0.9
100112,Ivan Nakamoto,Nigeria,Car Dealer,International Wire Transfers,0,70,High,0.8,0.9
100113,Mei Johnson,United Kingdom,Retail Trader,Savings Account,0,20,Low,0.42,5.87
100114,Wei Reddy,Kenya,Accountant,Credit Card,0,35,Medium,0.38,1.0
100115,Rajesh Hall,Brazil,Arms Dealer,Savings Account,0,70,High,0.35,1.0
100116,Sergei Kimura,United States,Doctor,Savings Account,0,0,Low,0.69,1.2
100117,Adebayo Osei,United States,Import/Export Trader,Savings Account,0,20,Low,0.33,1.2
100118,Yuki Kowalski,United Kingdom,Real Estate Agent,Private Banking,0,40,Medium,0.4,6.35
100119,Adebayo Adeyemi,Iran,Real Estate Agent,Current Account,0,60,High,0.44,4.15
100120,Zara Ivanov,Germany,Nurse,International Wire Transfers,0,20,Low,0.67,1.2
100121,Hassan Haddad,Brazil,Accountant,Fixed Deposit,0,25,Medium,0.87,1.0
100122,Omar Fitzgerald,Germany,Jeweller,Personal Loan,0,30,Medium,0.57,8.3
100123,Lucas Chen,United Kingdom,Teacher,Current Account,0,10,Low,0.37,1.0
100124,Zara Bello,Germany,Doctor,Fixed Deposit,0,10,Low,0.43,1.0
100125,Adebayo Al-Sayed,Germany,Nurse,Savings Account,0,0,Low,0.69,2.05
100126,Tariq Hall,Ireland,Civil Servant,Crypto Wallet,0,45,Medium,0.67,2.4
100127,Grace Lindqvist,Germany,Real Estate Agent,International Wire Transfers,0,30,Medium,0.36,1.2
100128,Mei Khan,United Kingdom,Real Estate Agent,Trade Finance,0,45,Medium,0.48,1.2
100129,James Smith,Canada,Precious Metals Dealer,Savings Account,0,35,Medium,0.34,1.0
100130,Thomas Al-Sayed,Mexico,Real Estate Agent,Trade Finance,0,55,Medium,0.86,1.0
100131,Amara Nakamoto,United States,Jeweller,Savings Account,0,25,Medium,0.77,1.0
100132,Noah Patel,Ireland,Real Estate Agent,Credit Card,0,20,Low,0.43,1.0
100133,Chloe Khan,Sweden,Civil Servant,International Wire Transfers,0,20,Low,0.37,0.9
100134,Hassan Wang,UAE,Car Dealer,Personal Loan,0,35,Medium,0.57,3.86
100135,Lucas Johnson,Australia,Jeweller,Current Account,0,20,Low,0.38,0.9
100136,Hassan Muller,China,Car Dealer,Savings Account,0,35,Medium,0.47,2.02
100137,Grace Okonkwo,Australia,Real Estate Agent,Crypto Wallet,1,65,High,0.54,9.63
100138,Kwame Yilmaz,Germany,Precious Metals Dealer,International Wire Transfers,0,55,Medium,0.33,1.0
100139,Kwame Patel,Netherlands,Doctor,Credit Card,0,20,Low,0.41,1.0
100140,Wei Dubois,UAE,Precious Metals Dealer,Savings Account,0,50,Medium,0.36,6.61
100141,Rajesh Nguyen,Brazil,Real Estate Agent,Fixed Deposit,0,35,Medium,0.38,1.0
100142,Noah Fitzgerald,India,Doctor,Credit Card,0,50,Medium,0.43,1.0
100143,Carlos Fitzgerald,China,Retail Trader,Trade Finance,0,55,Medium,0.4,1.2
100144,Ingrid Chen,Netherlands,Accountant,Personal Loan,0,20,Low,0.35,7.97
100145,Wei Patel,United Kingdom,Accountant,Current Account,0,10,Low,0.4,2.48
100146,Chen Reddy,Japan,Accountant,Trade Finance,0,20,Low,0.37,8.47
100147,Chen Volkov,United States,Precious Metals Dealer,Credit Card,0,35,Medium,0.75,4.09
100148,Chen Chen,Nigeria,Retail Trader,International Wire Transfers,0,45,Medium,0.31,0.9
100149,Adebayo Okafor,Germany,Real Estate Agent,Credit Card,0,30,Medium,0.44,2.8
100150,Sofia Johnson,Japan,Nurse,Savings Account,0,10,Low,0.32,1.0
100151,Noah Petrov,Japan,Civil Servant,Personal Loan,0,25,Medium,0.73,1.2
100152,Mei Sokolov,Canada,Civil Servant,Crypto Wallet,0,30,Medium,0.8,0.9
100153,Hassan Khan,United Kingdom,Teacher,Credit Card,0,25,Medium,0.64,2.26
100154,James Wang,United Kingdom,Software Engineer,Savings Account,0,30,Medium,0.35,7.74
100155,Mary Reddy,Germany,Teacher,Trade Finance,0,30,Medium,0.52,5.04
100156,Kwame Reddy,United States,Civil Servant,Current Account,0,30,Medium,0.35,1.0
100157,Elena Hall,Nigeria,Retail Trader,Current Account,0,25,Medium,0.61,1.0
100158,Mary Petrov,UAE,Casino Operator,Personal Loan,0,50,Medium,0.73,7.88
100159,Carlos Petrov,Iran,Teacher,Credit Card,0,50,Medium,0.72,2.62
100160,Elena Wang,Canada,Retail Trader,Savings Account,0,25,Medium,0.61,1.2
100161,Ivan Nakamura,France,Software Engineer,Current Account,0,10,Low,0.56,1.2
100162,Liam Okonkwo,China,Doctor,Fixed Deposit,0,15,Low,0.48,1.0
100163,Oluwaseun Silva,France,Jeweller,Current Account,0,10,Low,0.43,1.0
100164,Sara Lindqvist,United Kingdom,Software Engineer,Savings Account,0,10,Low,0.36,1.0
100165,Adebayo Sokolov,Kenya,Precious Metals Dealer,Personal Loan,0,80,High,0.71,2.69
100166,Nadia Adeyemi,Australia,Teacher,Current Account,0,10,Low,0.64,3.85
100167,Rajesh Wang,India,Doctor,Savings Account,0,25,Medium,0.42,1.0
100168,Emma Volkov,Germany,Civil Servant,Current Account,0,0,Low,0.75,1.2
100169,Elena Bello,United Kingdom,Retail Trader,Credit Card,0,45,Medium,0.67,1.0
100170,Mary Nakamoto,Nigeria,Import/Export Trader,Fixed Deposit,0,50,Medium,0.8,0.9
100171,Grace Khan,Netherlands,Accountant,Credit Card,0,20,Low,0.43,1.0
100172,Wei Volkov,United States,Real Estate Agent,Personal Loan,0,30,Medium,0.7,1.2
100173,Chen Yilmaz,United Kingdom,Casino Operator,Savings Account,0,25,Medium,0.42,1.0
100174,Mohammed Bello,Sweden,Software Engineer,Crypto Wallet,0,30,Medium,0.62,0.9
100175,Nadia Khan,Germany,Teacher,Fixed Deposit,0,10,Low,0.73,4.07
100176,Grace Cole,China,Teacher,Fixed Deposit,0,15,Low,0.43,5.18
100177,Aisha Ivanov,Turkey,Teacher,Savings Account,0,15,Low,0.64,1.2
100178,Ingrid Yilmaz,United States,Software Engineer,Current Account,0,10,Low,0.38,1.2
100179,James Wang,Sweden,Software Engineer,Crypto Wallet,0,20,Low,0.35,1.0
100180,Noah Nakamura,Germany,Real Estate Agent,Personal Loan,0,30,Medium,0.48,1.0
100181,Sergei Petrov,Netherlands,Doctor,Savings Account,0,10,Low,0.69,1.0
100182,Rajesh Reddy,Netherlands,Real Estate Agent,Fixed Deposit,0,20,Low,0.4,1.0
100183,Kwame Andersson,Australia,Retail Trader,Credit Card,0,30,Medium,0.38,1.2
100184,Amara Haddad,United States,Nurse,Credit Card,0,20,Low,0.75,7.24
100185,Emma Petrov,Sweden,Import/Export Trader,Crypto Wallet,0,30,Medium,0.73,1.0
100186,Rajesh Reddy,United States,Real Estate Agent,Savings Account,0,10,Low,0.4,1.2
100187,Carlos Nguyen,Netherlands,Money Service Business,Trade Finance,0,55,Medium,0.46,1.2
100188,Chloe Osei,United States,Civil Servant,Savings Account,0,10,Low,0.29,1.0
100189,Fatima Al-Sayed,Netherlands,Accountant,Trade Finance,0,30,Medium,0.79,1.2
100190,Wei Johnson,Brazil,Accountant,Current Account,0,15,Low,0.4,4.5
100191,Lucas Rossi,United Kingdom,Teacher,Current Account,0,10,Low,0.36,1.2
100192,Amara Bello,United Kingdom,Accountant,International Wire Transfers,0,30,Medium,0.42,1.0
100193,Fatima Okonkwo,Russia,Software Engineer,Current Account,0,40,Medium,0.5,3.51
100194,Emma Okonkwo,Netherlands,Software Engineer,Savings Account,0,10,Low,0.48,1.0
100195,Zara Hall,United Kingdom,Teacher,Savings Account,0,10,Low,0.48,1.2
100196,Sofia Silva,Canada,Teacher,Fixed Deposit,0,10,Low,0.5,2.53
100197,Hassan Okonkwo,United Kingdom,Doctor,International Wire Transfers,0,20,Low,0.45,1.0
100198,Carlos Adeyemi,France,Nurse,Crypto Wallet,0,30,Medium,0.44,8.39
100199,Omar Adeyemi,Japan,Accountant,Personal Loan,0,10,Low,0.64,1.0
100200,Lucas Volkov,United States,Teacher,Private Banking,0,20,Low,0.72,0.9
100201,Sergei Johnson,Panama,Arms Dealer,Personal Loan,0,100,High,0.64,1.0
100202,Adebayo Osei,Sweden,Doctor,Savings Account,0,10,Low,0.33,1.0
100203,Chloe Bello,Brazil,Accountant,Fixed Deposit,0,25,Medium,0.33,1.0
100204,Lucas Haddad,Myanmar,Real Estate Agent,Current Account,0,60,High,0.69,6.31
100205,Thomas Johnson,United States,Nurse,Current Account,0,10,Low,0.32,7.02
100206,Ravi Khan,France,Teacher,Credit Card,0,20,Low,0.48,0.9
100207,Liam Petrov,United Kingdom,Civil Servant,Credit Card,0,20,Low,0.82,1.0
100208,Hassan Khan,Turkey,Car Dealer,Credit Card,0,45,Medium,0.64,0.9
100209,Carlos Brown,United States,Real Estate Agent,Crypto Wallet,0,40,Medium,0.42,7.99
100210,Ivan Brown,China,Accountant,Trade Finance,0,35,Medium,0.67,1.2
100211,Hassan Lindqvist,Japan,Precious Metals Dealer,Credit Card,0,45,Medium,0.48,1.0
100212,Kenji Brown,Turkey,Accountant,Fixed Deposit,0,25,Medium,0.33,4.92
100213,Liam Bello,United States,Precious Metals Dealer,Savings Account,0,25,Medium,0.48,0.9
100214,Chloe Bello,Canada,Jeweller,Personal Loan,0,20,Low,0.33,2.77
100215,Chloe Cole,Canada,Jeweller,Savings Account,0,20,Low,0.43,1.0
100216,Yuki Yilmaz,Germany,Precious Metals Dealer,Current Account,0,35,Medium,0.35,4.84
100217,Aisha Andersson,Germany,Real Estate Agent,Current Account,0,40,Medium,0.46,2.28
100218,Oluwaseun Bello,Russia,Import/Export Trader,Crypto Wallet,0,80,High,0.38,1.2
100219,Yuki Khan,Russia,Software Engineer,Savings Account,0,50,Medium,0.48,0.9
100220,Zara Adeyemi,Nigeria,Casino Operator,International Wire Transfers,0,70,High,0.48,5.07
100221,Fatima Cole,Mexico,Real Estate Agent,Private Banking,0,55,Medium,0.42,1.2
100222,Elena Wang,Germany,Money Service Business,Current Account,0,35,Medium,0.61,4.07
100223,Tariq Reddy,Brazil,Real Estate Agent,Current Account,0,35,Medium,0.64,1.0
100224,Elena Dubois,United Kingdom,Nurse,Current Account,0,0,Low,0.56,1.2
100225,Noah Adeyemi,China,Retail Trader,Current Account,0,25,Medium,0.48,9.38
100226,Sofia Wang,Netherlands,Civil Servant,Credit Card,0,10,Low,0.43,1.0
100227,Mei Kowalski,South Africa,Doctor,Credit Card,0,25,Medium,0.47,2.68
100228,Chloe Lindqvist,Sweden,Car Dealer,Private Banking,0,30,Medium,0.3,0.9
100229,Benjamin Okonkwo,Turkey,Nurse,Current Account,0,25,Medium,0.48,1.0
100230,Adebayo Volkov,Germany,Nurse,Private Banking,0,20,Low,0.59,1.2
100231,Emma Bello,Nigeria,Teacher,Private Banking,0,45,Medium,0.43,1.0
100232,Ingrid Muller,Nigeria,Software Engineer,Current Account,1,50,Medium,0.4,5.0
100233,Ingrid Cole,France,Civil Servant,Credit Card,0,10,Low,0.5,1.2
100234,Aisha Wang,United States,Nurse,Current Account,0,10,Low,0.45,3.95
100235,Nadia Cole,Kenya,Software Engineer,International Wire Transfers,0,35,Medium,0.55,4.45
100236,Aisha Reddy,Germany,Civil Servant,Savings Account,0,30,Medium,0.52,2.99
100237,Hassan Petrov,Mexico,Teacher,Crypto Wallet,0,45,Medium,0.75,1.0
100238,Chloe Petrov,Brazil,Nurse,Trade Finance,0,45,Medium,0.67,1.2
100239,Lucas Reddy,Canada,Software Engineer,Personal Loan,0,10,Low,0.43,2.03
100240,James Haddad,Germany,Car Dealer,Private Banking,0,30,Medium,0.67,1.0
100241,Omar Al-Sayed,Syria,Real Estate Agent,Savings Account,1,75,High,1.0,9.65
100242,James Volkov,UAE,Civil Servant,Fixed Deposit,0,40,Medium,0.64,5.29
100243,Amara Patel,Canada,Doctor,Private Banking,0,30,Medium,0.5,5.67
100244,Ravi Okonkwo,Sweden,Doctor,International Wire Transfers,0,30,Medium,0.56,1.0
100245,Mohammed Kowalski,Ireland,Real Estate Agent,Personal Loan,0,20,Low,0.74,1.2
100246,Lucas Kimura,United States,Nurse,Savings Account,0,10,Low,0.4,1.2
100247,Sofia Yilmaz,United Kingdom,Real Estate Agent,Current Account,0,25,Medium,0.33,1.0
100248,Zara Johnson,Turkey,Nurse,Fixed Deposit,0,15,Low,0.33,1.0
100249,Sergei Bello,United States,Accountant,Fixed Deposit,0,25,Medium,0.69,1.0
100250,Noah Johnson,UAE,Software Engineer,Crypto Wallet,0,50,Medium,0.32,1.2
100251,Carlos Nakamura,United States,Real Estate Agent,Current Account,0,10,Low,0.44,6.9
100252,Emma Sokolov,United Kingdom,Teacher,Savings Account,0,0,Low,0.72,0.9
100253,Ingrid Cole,United Kingdom,Civil Servant,Current Account,1,55,Medium,0.5,4.9
100254,Hassan Khan,Netherlands,Real Estate Agent,Savings Account,0,20,Low,0.64,1.0
100255,Hassan Khan,United States,Doctor,Fixed Deposit,0,10,Low,0.64,0.9
100256,Benjamin Cole,Germany,Money Service Business,Fixed Deposit,0,35,Medium,0.46,1.0
100257,Ingrid Kimura,Australia,Nurse,Fixed Deposit,0,0,Low,0.38,1.0
100258,Sara Hall,Germany,Accountant,Savings Account,0,10,Low,0.48,4.77
100259,Tariq Volkov,United States,Retail Trader,Savings Account,0,20,Low,0.8,9.51
100260,Kenji Brown,United States,Accountant,Credit Card,0,20,Low,0.33,3.03
100261,Emma Chen,United States,Accountant,Credit Card,0,20,Low,0.36,1.2
100262,Liam Muller,Nigeria,Software Engineer,Crypto Wallet,0,35,Medium,0.45,0.9
100263,Mary Rossi,Germany,Retail Trader,Savings Account,0,20,Low,0.38,8.03
100264,Mohammed Kowalski,UAE,Doctor,Credit Card,0,35,Medium,0.74,2.87
100265,Dmitri Khan,Canada,Car Dealer,Current Account,0,10,Low,0.67,1.0
100266,Wei Osei,Germany,Car Dealer,Credit Card,1,55,Medium,0.38,1.2
100267,Benjamin Petrov,United States,Teacher,Savings Account,0,25,Medium,0.69,0.9
100268,Noah Wang,France,Jeweller,International Wire Transfers,0,40,Medium,0.38,1.0
100269,Benjamin Okonkwo,Nigeria,Accountant,Personal Loan,0,45,Medium,0.48,4.56
100270,Mohammed Dubois,United Kingdom,Civil Servant,Fixed Deposit,0,10,Low,0.61,7.88
100271,Hassan Cole,Japan,Teacher,International Wire Transfers,0,30,Medium,0.5,4.69
100272,Ravi Khan,UAE,Casino Operator,Trade Finance,0,60,High,0.48,0.9
100273,Yuki Reddy,Canada,Retail Trader,Savings Account,0,20,Low,0.36,3.83
100274,Kwame Silva,France,Doctor,Personal Loan,1,45,Medium,0.5,1.0
100275,Oluwaseun Dubois,UAE,Retail Trader,Private Banking,0,55,Medium,0.36,6.14
100276,Hassan Okafor,Germany,Jeweller,Credit Card,0,20,Low,0.53,1.2
100277,Thomas Reddy,UAE,Teacher,Current Account,0,25,Medium,0.48,1.0
100278,Ravi Brown,France,Real Estate Agent,Personal Loan,0,20,Low,0.45,1.0
100279,Mohammed Rossi,Nigeria,Car Dealer,Savings Account,0,35,Medium,0.75,0.9
100280,Kwame Wang,France,Accountant,Private Banking,0,30,Medium,0.36,3.42
100281,Priya Kimura,Turkey,Civil Servant,Current Account,0,25,Medium,0.33,1.0
100282,Carlos Nakamura,France,Teacher,Current Account,0,0,Low,0.44,5.13
100283,Carlos Hall,France,Real Estate Agent,Personal Loan,0,30,Medium,0.42,4.91
100284,Liam Muller,Japan,Nurse,Current Account,0,10,Low,0.45,0.9
100285,Sofia Andersson,United Kingdom,Cash-Intensive Business,Savings Account,0,25,Medium,0.46,1.0
100286,Aisha Adeyemi,Brazil,Software Engineer,Savings Account,0,40,Medium,0.48,0.9
100287,Zara Bello,UAE,Precious Metals Dealer,Fixed Deposit,0,40,Medium,0.43,1.0
100288,Zara Haddad,South Africa,Retail Trader,Trade Finance,0,55,Medium,0.78,3.17
100289,Carlos Silva,Canada,Teacher,Personal Loan,0,10,Low,0.4,4.51
100290,Wei Kimura,Russia,Nurse,Savings Account,0,55,Medium,0.43,7.82
100291,Ingrid Brown,India,Nurse,Savings Account,0,60,High,0.43,1.0
100292,Hassan Bello,Canada,Doctor,Crypto Wallet,0,30,Medium,0.48,1.0
100293,Aisha Nakamura,Netherlands,Teacher,International Wire Transfers,0,30,Medium,0.54,3.81
100294,Lucas Okafor,Australia,Casino Operator,Savings Account,0,25,Medium,0.48,1.0
100295,Ravi Ivanov,Netherlands,Retail Trader,Credit Card,0,20,Low,0.75,0.9
100296,Mary Nakamoto,Germany,Teacher,Credit Card,0,10,Low,0.8,1.0
100297,Liam Chen,Germany,Teacher,Crypto Wallet,0,30,Medium,0.4,1.0
100298,Mohammed Nakamoto,Japan,Nurse,Savings Account,0,10,Low,0.69,1.0
100299,James Muller,Canada,Retail Trader,Fixed Deposit,0,20,Low,0.33,9.78
100300,Mei Petrov,Canada,Nurse,Savings Account,0,10,Low,0.76,1.0
100301,Omar Brown,South Africa,Nurse,Private Banking,0,45,Medium,0.45,1.0
100302,Omar Dubois,Germany,Software Engineer,Fixed Deposit,0,10,Low,0.5,1.0
100303,Rajesh Chen,United Kingdom,Teacher,Credit Card,0,20,Low,0.29,1.0
100304,Chen Al-Sayed,United States,Teacher,Private Banking,0,20,Low,0.69,1.0
100305,Adebayo Brown,Iran,Teacher,Fixed Deposit,0,40,Medium,0.33,0.9
100306,Priya Al-Sayed,Canada,Software Engineer,Fixed Deposit,0,10,Low,0.79,1.0
100307,Mary Okonkwo,Netherlands,Civil Servant,Credit Card,0,20,Low,0.54,1.0
100308,Noah Yilmaz,Japan,Doctor,Savings Account,0,0,Low,0.35,9.25
100309,Rajesh Patel,Japan,Doctor,Credit Card,0,10,Low,0.42,1.0
100310,Kenji Kowalski,China,Retail Trader,Savings Account,0,50,Medium,0.44,1.0
100311,Mohammed Wang,China,Accountant,Savings Account,0,15,Low,0.65,1.2
100312,Chen Nguyen,United Kingdom,Nurse,Trade Finance,0,20,Low,0.27,1.0
100313,Tariq Kimura,United Kingdom,Retail Trader,Savings Account,0,10,Low,0.54,7.65
100314,Elena Kowalski,United Kingdom,Money Service Business,Current Account,0,50,Medium,0.67,6.75
100315,Rajesh Sokolov,Brazil,Nurse,Credit Card,0,35,Medium,0.74,0.9
100316,Priya Muller,Nigeria,Teacher,Current Account,0,25,Medium,0.42,3.64
100317,Omar Cole,Canada,Software Engineer,Current Account,0,20,Low,0.64,5.44
100318,Ivan Chen,Germany,Doctor,International Wire Transfers,0,30,Medium,0.6,4.08
100319,Mary Cole,France,Accountant,Private Banking,0,30,Medium,0.45,1.0
100320,Elena Petrov,United Kingdom,Doctor,Personal Loan,0,20,Low,0.7,3.47
100321,Priya Ivanov,Sweden,Retail Trader,International Wire Transfers,0,60,High,0.72,1.2
100322,Adebayo Dubois,Panama,Accountant,Current Account,0,40,Medium,0.38,1.0
100323,Ivan Sokolov,United States,Doctor,Current Account,0,0,Low,0.72,1.0
100324,Sofia Ivanov,Germany,Car Dealer,Savings Account,0,20,Low,0.72,1.0
100325,Fatima Nakamoto,Nigeria,Civil Servant,Trade Finance,0,45,Medium,0.81,1.0
100326,Mei Kimura,United Kingdom,Jeweller,Current Account,0,20,Low,0.43,1.2
100327,Wei Lindqvist,Nigeria,Civil Servant,Savings Account,0,25,Medium,0.46,1.0
100328,Sofia Hall,India,Doctor,Trade Finance,0,35,Medium,0.45,1.2
100329,Chen Dubois,United States,Car Dealer,Credit Card,0,30,Medium,0.35,2.05
100330,Fatima Osei,Mexico,Doctor,Private Banking,0,45,Medium,0.42,6.19
100331,Ingrid Kowalski,Australia,Money Service Business,Credit Card,0,45,Medium,0.48,1.0
100332,Sofia Nakamura,Japan,Import/Export Trader,Private Banking,0,40,Medium,0.54,1.0
100333,Noah Al-Sayed,Mexico,Teacher,Credit Card,0,35,Medium,0.85,1.0
100334,Elena Kowalski,Nigeria,Software Engineer,Fixed Deposit,0,25,Medium,0.67,2.64
100335,Noah Nguyen,Germany,Civil Servant,Fixed Deposit,0,0,Low,0.42,1.0
100336,Rajesh Osei,United Kingdom,Nurse,Current Account,0,30,Medium,0.34,3.86
100337,Rajesh Petrov,Germany,Teacher,Current Account,0,10,Low,0.72,4.18
100338,Tariq Nakamoto,Brazil,Money Service Business,Savings Account,0,50,Medium,0.77,1.0
100339,Chloe Andersson,Nigeria,Retail Trader,Current Account,0,35,Medium,0.38,2.97
100340,Ravi Brown,UAE,Real Estate Agent,Credit Card,0,45,Medium,0.45,3.38
100341,Benjamin Patel,Nigeria,Civil Servant,Fixed Deposit,0,25,Medium,0.4,0.9
100342,Aisha Nakamoto,Australia,Accountant,Credit Card,0,20,Low,0.77,4.67
100343,Yuki Okafor,United States,Real Estate Agent,Fixed Deposit,0,10,Low,0.52,9.73
100344,Mary Nakamura,UAE,Teacher,Current Account,0,15,Low,0.56,6.03
100345,Ivan Andersson,United States,Accountant,Savings Account,0,10,Low,0.64,3.83
100346,Ingrid Wang,France,Real Estate Agent,Savings Account,0,20,Low,0.36,1.0
100347,Noah Lindqvist,United States,Import/Export Trader,Crypto Wallet,0,30,Medium,0.37,1.2
100348,Zara Kowalski,Sweden,Teacher,International Wire Transfers,0,20,Low,0.46,1.2
100349,Zara Silva,United States,Money Service Business,Current Account,0,25,Medium,0.43,8.85
100350,Nadia Johnson,Iran,Cash-Intensive Business,Savings Account,1,90,High,0.56,1.0
100351,Fatima Smith,Canada,Import/Export Trader,Current Account,0,20,Low,0.42,3.55
100352,Hassan Johnson,China,Software Engineer,Credit Card,0,25,Medium,0.52,1.0
100353,Amara Reddy,United Kingdom,Retail Trader,Credit Card,0,30,Medium,0.5,1.0
100354,Fatima Okonkwo,Germany,Teacher,Crypto Wallet,0,30,Medium,0.5,1.0
100355,Tariq Nakamura,Germany,Teacher,Credit Card,0,10,Low,0.57,2.31
100356,Omar Brown,United Kingdom,Accountant,Current Account,0,0,Low,0.45,4.29
100357,Mei Silva,Kenya,Software Engineer,Savings Account,0,15,Low,0.55,5.63
100358,Ingrid Hall,Australia,Car Dealer,Crypto Wallet,0,40,Medium,0.42,6.56
100359,Fatima Al-Sayed,Nigeria,Nurse,Credit Card,0,45,Medium,0.79,1.0
100360,Mei Cole,Germany,Civil Servant,Trade Finance,0,30,Medium,0.48,1.0
100361,Ingrid Nakamoto,Nigeria,Retail Trader,Fixed Deposit,0,35,Medium,0.74,1.0
100362,Chloe Okonkwo,United States,Civil Servant,Credit Card,0,20,Low,0.46,0.9
100363,Priya Petrov,Canada,Teacher,International Wire Transfers,0,20,Low,0.78,1.0
100364,Emma Nakamura,United Kingdom,Jeweller,Credit Card,0,30,Medium,0.56,7.34
100365,Oluwaseun Cole,Netherlands,Software Engineer,Credit Card,0,10,Low,0.32,9.41
100366,Grace Al-Sayed,Netherlands,Casino Operator,Credit Card,0,35,Medium,0.74,9.48
100367,Lucas Nguyen,Sweden,Money Service Business,International Wire Transfers,0,55,Medium,0.32,4.06
100368,Aisha Chen,Russia,Car Dealer,Private Banking,0,85,High,0.44,1.0
100369,Zara Silva,UAE,Civil Servant,Fixed Deposit,0,25,Medium,0.43,1.2
100370,Tariq Silva,Canada,Civil Servant,Savings Account,0,0,Low,0.64,1.0
100371,James Johnson,United Kingdom,Real Estate Agent,Credit Card,0,20,Low,0.38,9.84
100372,Sofia Andersson,Ireland,Civil Servant,Current Account,0,10,Low,0.46,7.03
100373,Tariq Hall,United States,Precious Metals Dealer,Fixed Deposit,1,60,High,0.67,4.32
100374,Nadia Kowalski,Germany,Accountant,Fixed Deposit,0,0,Low,0.54,1.0
100375,Liam Johnson,Germany,Civil Servant,International Wire Transfers,1,55,Medium,0.42,1.0
100376,Amara Cole,UAE,Accountant,Credit Card,0,35,Medium,0.52,1.0
100377,Thomas Al-Sayed,Canada,Doctor,Savings Account,0,0,Low,0.86,1.0
100378,Sara Nakamura,Germany,Software Engineer,Fixed Deposit,0,10,Low,0.48,9.21
100379,Oluwaseun Brown,Sweden,Money Service Business,International Wire Transfers,0,55,Medium,0.38,1.0
100380,James Volkov,France,Casino Operator,Credit Card,0,45,Medium,0.64,6.52
100381,Sara Silva,Germany,Teacher,Crypto Wallet,0,30,Medium,0.52,1.0
100382,Amara Ivanov,Russia,Car Dealer,Personal Loan,0,70,High,0.64,3.69
100383,Fatima Rossi,Germany,Doctor,Current Account,0,10,Low,0.35,1.0
100384,Grace Muller,United Kingdom,Doctor,Savings Account,0,0,Low,0.32,1.0
100385,Liam Dubois,Canada,Civil Servant,Private Banking,0,30,Medium,0.36,1.0
100386,Sara Smith,India,Real Estate Agent,Credit Card,0,35,Medium,0.36,8.51
100387,Chen Kowalski,Germany,Import/Export Trader,Credit Card,0,30,Medium,0.46,1.0
100388,Chen Mbeki,Japan,Doctor,Trade Finance,0,20,Low,0.35,0.9
100389,Grace Haddad,France,Civil Servant,Personal Loan,0,35,Medium,0.67,0.9
100390,James Nakamura,India,Retail Trader,Personal Loan,0,45,Medium,0.54,1.0
100391,Fatima Bello,Japan,Retail Trader,Personal Loan,0,30,Medium,0.4,1.0
100392,Grace Bello,Australia,Civil Servant,Current Account,0,10,Low,0.42,4.81
100393,Ivan Dubois,France,Accountant,Fixed Deposit,0,0,Low,0.55,5.44
100394,Sara Silva,Mexico,Retail Trader,Fixed Deposit,0,25,Medium,0.52,3.86
100395,Yuki Bello,Afghanistan,Jeweller,Personal Loan,0,60,High,0.38,0.9
100396,Ravi Nguyen,Mexico,Civil Servant,Credit Card,0,25,Medium,0.43,2.02
100397,Sofia Nakamura,Germany,Doctor,Current Account,0,0,Low,0.54,6.13
100398,Grace Haddad,United Kingdom,Accountant,Trade Finance,0,30,Medium,0.67,0.9
100399,Adebayo Khan,United States,Nurse,Savings Account,0,0,Low,0.5,1.0
100400,Ingrid Nakamura,United Kingdom,Real Estate Agent,Private Banking,0,30,Medium,0.52,1.0
100401,Lucas Rossi,UAE,Civil Servant,Personal Loan,0,50,Medium,0.36,7.15
100402,Tariq Nakamoto,India,Accountant,Current Account,0,25,Medium,0.77,3.52
100403,Grace Patel,United States,Real Estate Agent,Current Account,0,20,Low,0.36,3.55
100404,Lucas Patel,Canada,Accountant,International Wire Transfers,0,30,Medium,0.36,1.0
100405,Amara Chen,Russia,Teacher,Current Account,0,70,High,0.43,6.67
100406,Kwame Nguyen,France,Teacher,Current Account,0,15,Low,0.34,1.0
100407,Carlos Rossi,India,Software Engineer,Credit Card,0,35,Medium,0.42,4.85
100408,Carlos Silva,United Kingdom,Civil Servant,Savings Account,0,25,Medium,0.4,1.0
100409,Tariq Hall,Germany,Software Engineer,Savings Account,0,10,Low,0.67,0.9
100410,Chen Haddad,United States,Teacher,Private Banking,0,20,Low,0.7,1.0
100411,Oluwaseun Petrov,Afghanistan,Real Estate Agent,Savings Account,0,60,High,0.67,5.99
100412,Yuki Nakamoto,Germany,Software Engineer,Personal Loan,0,35,Medium,0.88,1.0
100413,Rajesh Cole,South Africa,Civil Servant,Trade Finance,0,45,Medium,0.42,1.0
100414,Chen Wang,France,Money Service Business,Personal Loan,0,35,Medium,0.36,0.9
100415,Mary Dubois,United Kingdom,Accountant,Fixed Deposit,0,10,Low,0.42,1.2
100416,Chen Adeyemi,Brazil,Import/Export Trader,Savings Account,0,25,Medium,0.34,2.39
100417,Ravi Yilmaz,Brazil,Nurse,Current Account,0,25,Medium,0.42,1.2
100418,Sergei Nguyen,UAE,Teacher,Current Account,1,40,Medium,0.62,1.0
100419,Zara Mbeki,France,Accountant,Trade Finance,0,30,Medium,0.35,0.9
100420,Sergei Cole,Australia,Accountant,Fixed Deposit,0,0,Low,0.72,0.9
100421,Carlos Rossi,India,Jeweller,Private Banking,0,55,Medium,0.42,1.2
100422,Sergei Volkov,France,Teacher,Trade Finance,0,20,Low,0.81,1.2
100423,Benjamin Nakamoto,Germany,Money Service Business,Fixed Deposit,0,35,Medium,0.69,4.14
100424,Lucas Sokolov,United States,Teacher,International Wire Transfers,0,20,Low,0.69,5.12
100425,Omar Reddy,Germany,Software Engineer,Savings Account,0,0,Low,0.61,3.11
100426,Elena Nakamura,United Kingdom,Car Dealer,Savings Account,0,20,Low,0.52,1.0
100427,Ivan Nguyen,United States,Software Engineer,Current Account,0,0,Low,0.55,4.9
100428,Fatima Smith,Netherlands,Teacher,Current Account,0,20,Low,0.42,1.0
100429,Mei Dubois,United Kingdom,Accountant,Crypto Wallet,0,30,Medium,0.36,0.9
100430,Adebayo Reddy,Kenya,Teacher,Trade Finance,0,35,Medium,0.48,1.2
100431,Chloe Kimura,United States,Teacher,Credit Card,0,40,Medium,0.33,1.2
100432,Chen Fitzgerald,India,Money Service Business,Private Banking,0,70,High,0.36,1.0
100433,Thomas Lindqvist,Russia,Accountant,International Wire Transfers,0,70,High,0.35,1.2
100434,Ravi Nguyen,United Kingdom,Nurse,Current Account,0,10,Low,0.43,9.66
100435,Aisha Lindqvist,United Kingdom,Teacher,Personal Loan,0,20,Low,0.38,1.0
100436,Kenji Brown,Australia,Money Service Business,Current Account,0,25,Medium,0.33,1.0
100437,Emma Al-Sayed,UAE,Money Service Business,Current Account,0,50,Medium,0.85,1.0
100438,Chloe Rossi,Canada,Teacher,Credit Card,0,20,Low,0.35,8.14
100439,Mei Nakamura,United States,Teacher,Credit Card,0,25,Medium,0.58,7.64
100440,Adebayo Muller,Germany,Software Engineer,Savings Account,0,0,Low,0.31,0.9
100441,Emma Brown,United Kingdom,Doctor,Credit Card,0,20,Low,0.35,2.13
100442,Wei Sokolov,United Kingdom,Nurse,Savings Account,1,35,Medium,0.8,1.0
100443,Grace Lindqvist,United States,Teacher,Fixed Deposit,0,10,Low,0.36,1.0
100444,Dmitri Chen,Nigeria,Teacher,Savings Account,0,25,Medium,0.58,1.0
100445,Yuki Nakamoto,Kenya,Civil Servant,Credit Card,0,35,Medium,0.88,1.0
100446,Hassan Rossi,Canada,Doctor,Savings Account,0,10,Low,0.48,1.0
100447,Sergei Volkov,United States,Civil Servant,Private Banking,0,20,Low,0.81,1.2
100448,Thomas Rossi,India,Car Dealer,Current Account,0,25,Medium,0.42,1.0
100449,Kenji Haddad,United States,Nurse,Savings Account,0,10,Low,0.75,9.63
100450,Mei Andersson,Ireland,Accountant,Savings Account,0,10,Low,0.5,1.2
100451,Kenji Cole,Turkey,Software Engineer,International Wire Transfers,0,45,Medium,0.43,0.9
100452,Dmitri Andersson,India,Money Service Business,Crypto Wallet,0,70,High,0.6,1.2
100453,Mei Muller,United Kingdom,Real Estate Agent,Savings Account,0,20,Low,0.35,1.2
100454,Liam Bello,Russia,Software Engineer,Private Banking,0,60,High,0.48,1.0
100455,Wei Al-Sayed,Nigeria,Jeweller,Savings Account,0,35,Medium,0.77,4.35
100456,Chen Rossi,United Kingdom,Precious Metals Dealer,Crypto Wallet,0,70,High,0.43,1.0
100457,Tariq Muller,Germany,Nurse,Fixed Deposit,0,10,Low,0.62,1.0
100458,Aisha Kowalski,Australia,Precious Metals Dealer,Savings Account,1,60,High,0.43,1.0
100459,Omar Nakamoto,UAE,Doctor,International Wire Transfers,0,45,Medium,0.8,1.0
100460,Lucas Wang,Australia,Software Engineer,International Wire Transfers,0,20,Low,0.37,1.2
100461,Dmitri Petrov,Canada,Teacher,Savings Account,0,10,Low,0.72,0.9
100462,Sofia Hall,France,Teacher,Current Account,0,15,Low,0.45,1.0
100463,Mary Sokolov,Germany,Software Engineer,Private Banking,0,30,Medium,0.77,1.2
100464,Sara Wang,Nigeria,Money Service Business,Fixed Deposit,0,50,Medium,0.45,1.0
100465,Emma Johnson,India,Accountant,International Wire Transfers,0,45,Medium,0.4,1.2
100466,Rajesh Kowalski,Japan,Teacher,International Wire Transfers,0,30,Medium,0.43,5.62
100467,Fatima Khan,Turkey,Nurse,Credit Card,0,25,Medium,0.52,1.0
100468,Chloe Hall,Kenya,Software Engineer,Personal Loan,0,35,Medium,0.35,1.0
100469,Ingrid Johnson,Myanmar,Software Engineer,Savings Account,0,50,Medium,0.44,6.18
100470,Noah Lindqvist,Russia,Teacher,International Wire Transfers,0,60,High,0.37,1.0
100471,Lucas Okafor,France,Teacher,Savings Account,0,15,Low,0.48,1.0
100472,Emma Sokolov,United States,Accountant,Savings Account,0,25,Medium,0.72,1.0
100473,Amara Kowalski,Russia,Import/Export Trader,Credit Card,0,80,High,0.52,2.62
100474,Yuki Andersson,India,Doctor,Savings Account,0,15,Low,0.48,1.0
100475,Kwame Muller,United States,Money Service Business,International Wire Transfers,0,55,Medium,0.4,1.2
100476,Zara Lindqvist,Japan,Software Engineer,Current Account,0,15,Low,0.37,5.34
100477,Dmitri Kimura,China,Teacher,Credit Card,0,35,Medium,0.62,1.2
100478,Ivan Chen,Nigeria,Teacher,Trade Finance,0,35,Medium,0.6,1.2
100479,Sergei Kimura,South Africa,Money Service Business,Current Account,0,50,Medium,0.69,1.0
100480,Elena Rossi,Kenya,Nurse,Savings Account,0,25,Medium,0.58,5.04
100481,Sofia Khan,South Africa,Jeweller,Trade Finance,0,55,Medium,0.45,1.2
100482,Kenji Muller,Brazil,Nurse,Savings Account,0,25,Medium,0.32,1.0
100483,Amara Yilmaz,Netherlands,Teacher,Savings Account,0,10,Low,0.4,1.0
100484,Zara Silva,Canada,Doctor,Savings Account,0,10,Low,0.43,3.41
100485,Rajesh Cole,Nigeria,Software Engineer,Current Account,0,25,Medium,0.42,1.2
100486,Yuki Andersson,China,Accountant,Credit Card,0,25,Medium,0.48,1.0
100487,Sofia Nguyen,India,Real Estate Agent,Savings Account,0,40,Medium,0.34,5.68
100488,Wei Patel,United States,Civil Servant,International Wire Transfers,0,30,Medium,0.4,3.7
100489,Mary Nakamura,Ireland,Nurse,International Wire Transfers,1,55,Medium,0.56,3.82
100490,Aisha Muller,United Kingdom,Teacher,International Wire Transfers,0,20,Low,0.42,4.48
100491,Yuki Kowalski,Germany,Nurse,Current Account,0,10,Low,0.4,3.02
100492,Thomas Silva,Germany,Doctor,Savings Account,0,25,Medium,0.4,4.86
100493,Omar Cole,Canada,Teacher,Current Account,0,10,Low,0.64,1.0
100494,Priya Muller,United Kingdom,Retail Trader,Savings Account,0,20,Low,0.42,1.0
100495,Dmitri Chen,UAE,Jeweller,International Wire Transfers,0,65,High,0.58,9.84
100496,Aisha Chen,Afghanistan,Teacher,Credit Card,0,60,High,0.44,6.52
100497,Ivan Adeyemi,France,Nurse,Current Account,0,0,Low,0.52,5.05
100498,Omar Chen,Netherlands,Cash-Intensive Business,International Wire Transfers,0,55,Medium,0.55,1.0
100499,Oluwaseun Mbeki,France,Money Service Business,Credit Card,0,45,Medium,0.31,1.2
100500,Mei Cole,United Kingdom,Car Dealer,Current Account,0,20,Low,0.48,1.2
100501,Rajesh Andersson,India,Teacher,Trade Finance,0,60,High,0.41,4.22
100502,Yuki Nguyen,Germany,Import/Export Trader,Current Account,0,10,Low,0.35,0.9
100503,Zara Kimura,Australia,Precious Metals Dealer,Private Banking,0,55,Medium,0.35,3.46
100504,Ravi Reddy,United States,Real Estate Agent,Savings Account,0,20,Low,0.45,6.15
100505,Sara Khan,Panama,Import/Export Trader,Savings Account,0,50,Medium,0.48,1.2
100506,Mei Nakamoto,United States,Software Engineer,Current Account,0,0,Low,0.83,1.0
100507,Chen Nakamoto,Sweden,Civil Servant,Savings Account,0,0,Low,0.72,5.18
100508,Elena Johnson,Germany,Cash-Intensive Business,Personal Loan,0,50,Medium,0.62,1.2
100509,Kenji Bello,Panama,Import/Export Trader,Private Banking,0,70,High,0.42,1.2
100510,Oluwaseun Yilmaz,Panama,Software Engineer,Savings Account,1,75,High,0.36,1.0
100511,Aisha Okafor,Australia,Import/Export Trader,Personal Loan,0,50,Medium,0.42,1.2
100512,Ivan Muller,Canada,Accountant,Current Account,0,10,Low,0.64,1.2
100513,Sofia Dubois,United States,Real Estate Agent,Current Account,0,10,Low,0.33,8.82
100514,Thomas Nakamura,United Kingdom,Teacher,International Wire Transfers,0,20,Low,0.52,1.0
100515,Dmitri Rossi,Canada,Casino Operator,Fixed Deposit,0,35,Medium,0.64,1.2
100516,Yuki Andersson,United Kingdom,Retail Trader,Fixed Deposit,0,10,Low,0.48,4.38
100517,Fatima Okonkwo,Iran,Casino Operator,Current Account,0,65,High,0.5,4.68
100518,Aisha Adeyemi,Australia,Teacher,Fixed Deposit,0,10,Low,0.48,1.2
100519,Fatima Chen,Iran,Retail Trader,Current Account,0,50,Medium,0.43,1.2
100520,Oluwaseun Smith,United States,Casino Operator,Current Account,0,25,Medium,0.38,1.0
100521,Rajesh Patel,Turkey,Money Service Business,Savings Account,1,75,High,0.42,1.2
100522,Noah Okonkwo,Germany,Doctor,Savings Account,0,0,Low,0.48,5.06
100523,Benjamin Reddy,Germany,Teacher,International Wire Transfers,0,20,Low,0.46,1.2
100524,Mei Petrov,South Africa,Nurse,Current Account,0,15,Low,0.76,2.56
100525,Dmitri Volkov,Germany,Real Estate Agent,Current Account,0,20,Low,1.0,1.0
100526,Amara Osei,Germany,Retail Trader,Fixed Deposit,0,20,Low,0.52,1.0
100527,Ingrid Patel,Canada,Retail Trader,Personal Loan,0,35,Medium,0.43,1.0
100528,Yuki Hall,Japan,Accountant,Current Account,0,10,Low,0.38,0.9
100529,Sergei Dubois,France,Real Estate Agent,International Wire Transfers,0,55,Medium,0.62,0.9
100530,Kwame Lindqvist,Iran,Accountant,Fixed Deposit,0,50,Medium,0.42,1.0
100531,Wei Fitzgerald,China,Teacher,Current Account,0,25,Medium,0.37,1.0
100532,Mohammed Chen,United States,Doctor,Personal Loan,0,10,Low,0.65,0.9
100533,Yuki Petrov,Russia,Accountant,Credit Card,0,60,High,0.73,3.23
100534,Wei Khan,France,Teacher,Savings Account,0,10,Low,0.48,1.2
100535,Mohammed Hall,France,Car Dealer,Fixed Deposit,0,30,Medium,0.71,3.88
100536,Tariq Johnson,China,Doctor,Current Account,0,15,Low,0.52,1.0
100537,Adebayo Petrov,Brazil,Accountant,Private Banking,0,35,Medium,0.69,7.93
100538,Kenji Yilmaz,Australia,Retail Trader,Savings Account,0,20,Low,0.4,4.93
100539,Thomas Wang,Germany,Real Estate Agent,Current Account,0,20,Low,0.42,1.0
100540,Hassan Ivanov,India,Retail Trader,International Wire Transfers,0,45,Medium,0.62,6.04
100541,Elena Hall,UAE,Doctor,Current Account,0,25,Medium,0.61,5.4
100542,Lucas Osei,Turkey,Jeweller,Credit Card,0,35,Medium,0.35,1.2
100543,Noah Ivanov,United Kingdom,Civil Servant,Personal Loan,0,20,Low,0.58,1.0
100544,Liam Osei,India,Casino Operator,Credit Card,0,80,High,0.4,1.0
100545,Priya Nakamoto,Brazil,Real Estate Agent,Credit Card,0,45,Medium,0.77,1.0
100546,Emma Nguyen,Canada,Retail Trader,Personal Loan,0,20,Low,0.42,5.6
100547,Lucas Lindqvist,Canada,Import/Export Trader,International Wire Transfers,1,65,High,0.36,4.07
100548,Hassan Andersson,Australia,Money Service Business,Fixed Deposit,0,35,Medium,0.55,1.2
100549,Rajesh Haddad,UAE,Accountant,Current Account,0,30,Medium,0.64,1.0
100550,Benjamin Muller,Netherlands,Civil Servant,Fixed Deposit,0,0,Low,0.38,1.2
100551,Chen Cole,Australia,Jeweller,Fixed Deposit,0,10,Low,0.45,0.9
100552,Lucas Nakamura,Nigeria,Import/Export Trader,Savings Account,0,50,Medium,0.46,1.0
100553,Lucas Okonkwo,Russia,Real Estate Agent,Savings Account,0,50,Medium,0.46,1.0
100554,Benjamin Mbeki,South Africa,Civil Servant,Current Account,0,25,Medium,0.37,1.0
100555,Hassan Brown,Canada,Accountant,Private Banking,0,30,Medium,0.48,5.58
100556,Mei Kimura,Japan,Software Engineer,Savings Account,0,0,Low,0.43,1.2
100557,Kenji Cole,Sweden,Retail Trader,Credit Card,0,20,Low,0.43,1.0
100558,Ingrid Kimura,United Kingdom,Civil Servant,Private Banking,0,20,Low,0.38,1.0
100559,Wei Kowalski,Australia,Retail Trader,Trade Finance,0,30,Medium,0.46,4.32
100560,Carlos Reddy,Germany,Accountant,International Wire Transfers,0,30,Medium,0.48,1.0
100561,Carlos Al-Sayed,Germany,Casino Operator,Crypto Wallet,0,55,Medium,0.79,4.76
100562,Zara Khan,Kenya,Cash-Intensive Business,Personal Loan,0,60,High,0.48,5.6
100563,Ivan Kowalski,United States,Car Dealer,Trade Finance,0,40,Medium,0.5,5.66
100564,Elena Nakamura,Russia,Software Engineer,Savings Account,0,40,Medium,0.52,1.0
100565,Nadia Kowalski,Sweden,Precious Metals Dealer,Savings Account,0,25,Medium,0.54,1.0
100566,Chen Johnson,India,Civil Servant,International Wire Transfers,0,45,Medium,0.4,1.0
100567,Sofia Silva,Japan,Teacher,Personal Loan,0,20,Low,0.5,0.9
100568,Lucas Fitzgerald,United States,Jeweller,Personal Loan,0,45,Medium,0.36,1.0
100569,Zara Wang,France,Jeweller,Savings Account,0,20,Low,0.38,0.9
100570,Ravi Osei,Nigeria,Teacher,International Wire Transfers,0,45,Medium,0.36,1.0
100571,Sara Dubois,Sweden,Civil Servant,Personal Loan,0,20,Low,0.35,5.27
100572,Aisha Ivanov,Australia,Import/Export Trader,Fixed Deposit,0,20,Low,0.64,0.9
100573,Oluwaseun Brown,Germany,Money Service Business,International Wire Transfers,0,55,Medium,0.38,1.2
100574,Tariq Rossi,United Kingdom,Nurse,Trade Finance,0,30,Medium,0.56,2.07
100575,Zara Nakamura,South Africa,Nurse,Savings Account,0,25,Medium,0.48,6.88
100576,Grace Haddad,Sweden,Nurse,Credit Card,0,10,Low,0.67,2.19
100577,Liam Silva,France,Real Estate Agent,Personal Loan,0,20,Low,0.52,1.0
100578,Noah Johnson,Russia,Car Dealer,Crypto Wallet,0,80,High,0.32,3.37
100579,Omar Osei,Germany,Civil Servant,Current Account,0,0,Low,0.64,1.0
100580,Sara Nguyen,Germany,Teacher,Current Account,0,0,Low,0.33,1.0
100581,Aisha Ivanov,United Kingdom,Retail Trader,Current Account,0,20,Low,0.64,0.9
100582,Ravi Al-Sayed,India,Cash-Intensive Business,Crypto Wallet,0,70,High,0.81,1.2
100583,Tariq Khan,Turkey,Accountant,Savings Account,0,15,Low,0.58,1.2
100584,Chen Osei,Turkey,Doctor,Credit Card,0,35,Medium,0.37,1.0
100585,Mary Muller,Australia,Jeweller,Credit Card,0,30,Medium,0.42,1.2
100586,Chen Hall,Japan,Civil Servant,Current Account,0,10,Low,0.38,4.07
100587,Kwame Yilmaz,Myanmar,Civil Servant,Crypto Wallet,0,70,High,0.33,1.0
100588,Priya Okafor,United States,Teacher,Current Account,0,10,Low,0.48,8.08
100589,Chen Silva,France,Nurse,Crypto Wallet,0,20,Low,0.52,0.9
100590,Ravi Kowalski,Netherlands,Arms Dealer,Savings Account,0,35,Medium,0.46,1.0
100591,Tariq Volkov,Canada,Civil Servant,International Wire Transfers,0,20,Low,0.8,1.0
100592,Ingrid Cole,Nigeria,Jeweller,International Wire Transfers,0,55,Medium,0.5,7.61
100593,Wei Hall,Brazil,Accountant,Credit Card,0,35,Medium,0.4,1.0
100594,Kenji Osei,Nigeria,Retail Trader,Credit Card,0,45,Medium,0.35,1.0
100595,Sergei Okonkwo,Nigeria,Teacher,Fixed Deposit,0,15,Low,0.79,5.77
100596,Oluwaseun Okafor,Japan,Doctor,International Wire Transfers,0,20,Low,0.36,7.6
100597,Kwame Cole,South Africa,Doctor,Savings Account,0,25,Medium,0.36,3.92
100598,Liam Haddad,United States,Import/Export Trader,Fixed Deposit,0,10,Low,0.78,0.9
100599,Mohammed Lindqvist,United Kingdom,Car Dealer,Credit Card,0,20,Low,0.67,1.0
100600,Liam Smith,Canada,Doctor,Current Account,0,0,Low,0.38,0.9
100601,Dmitri Al-Sayed,Brazil,Software Engineer,Savings Account,0,25,Medium,0.83,1.0
100602,Dmitri Lindqvist,Australia,Civil Servant,Crypto Wallet,0,20,Low,0.62,1.0
100603,Emma Nakamura,France,Import/Export Trader,Current Account,1,45,Medium,0.56,6.5
100604,Nadia Volkov,India,Civil Servant,Crypto Wallet,0,45,Medium,0.72,3.22
100605,Aisha Andersson,Turkey,Import/Export Trader,International Wire Transfers,0,55,Medium,0.46,0.9
100606,Chloe Cole,France,Teacher,Private Banking,0,30,Medium,0.43,1.2
100607,Amara Yilmaz,United States,Retail Trader,Savings Account,0,10,Low,0.4,4.7
100608,Chloe Brown,Kenya,Nurse,Savings Account,0,25,Medium,0.35,3.51
100609,Fatima Rossi,France,Civil Servant,Savings Account,0,15,Low,0.35,8.85
100610,Sofia Mbeki,Netherlands,Teacher,Savings Account,0,0,Low,0.26,3.39
100611,Benjamin Okonkwo,United Kingdom,Nurse,Current Account,0,0,Low,0.48,1.0
100612,Mei Volkov,United States,Civil Servant,Current Account,0,0,Low,0.78,1.0
100613,Kwame Chen,Japan,Nurse,Private Banking,0,20,Low,0.36,1.2
100614,Chen Adeyemi,Brazil,Money Service Business,Savings Account,1,65,High,0.34,3.21
100615,Sara Okafor,United Kingdom,Doctor,Savings Account,0,10,Low,0.48,1.0
100616,Sofia Osei,Germany,Nurse,Savings Account,0,25,Medium,0.27,1.0
100617,Grace Kimura,China,Teacher,International Wire Transfers,0,35,Medium,0.33,5.65
100618,James Volkov,Myanmar,Car Dealer,Current Account,0,75,High,0.64,2.99
100619,Ivan Chen,United States,Software Engineer,Credit Card,0,10,Low,0.6,3.21
100620,Tariq Nakamoto,Syria,Doctor,Current Account,0,50,Medium,0.77,7.8
100621,Priya Brown,Japan,Teacher,Credit Card,0,10,Low,0.43,8.31
100622,Amara Rossi,Nigeria,Teacher,Private Banking,0,45,Medium,0.48,0.9
100623,Chen Mbeki,United States,Nurse,Credit Card,0,20,Low,0.35,1.0
100624,Kenji Okafor,United Kingdom,Cash-Intensive Business,Current Account,0,35,Medium,0.48,1.0
100625,Wei Muller,Australia,Nurse,Personal Loan,0,10,Low,0.33,1.0
100626,Sara Kimura,Russia,Real Estate Agent,Personal Loan,0,70,High,0.35,4.69
100627,Hassan Nakamoto,Japan,Software Engineer,Savings Account,0,10,Low,0.67,1.0
100628,Omar Bello,France,Accountant,Fixed Deposit,0,10,Low,0.52,1.0
100629,Liam Petrov,Japan,Retail Trader,International Wire Transfers,0,40,Medium,0.82,0.9
100630,Kwame Chen,Sweden,Car Dealer,International Wire Transfers,0,40,Medium,0.36,1.0
100631,Sergei Silva,United Kingdom,Jeweller,Credit Card,0,20,Low,0.8,1.0
100632,Carlos Bello,United Kingdom,Car Dealer,Credit Card,0,20,Low,0.42,8.62
100633,Ravi Yilmaz,Netherlands,Precious Metals Dealer,Personal Loan,0,45,Medium,0.42,1.0
100634,Sara Muller,United States,Doctor,Credit Card,0,10,Low,0.26,1.2
100635,Emma Nakamoto,United States,Retail Trader,Fixed Deposit,0,20,Low,0.8,1.0
100636,Yuki Ivanov,UAE,Software Engineer,Savings Account,0,25,Medium,0.67,6.94
100637,Sofia Johnson,Japan,Real Estate Agent,Fixed Deposit,0,20,Low,0.32,1.0
100638,Nadia Kimura,Germany,Import/Export Trader,Crypto Wallet,0,40,Medium,0.58,1.0
100639,Yuki Sokolov,Mexico,Accountant,Credit Card,0,35,Medium,0.69,1.0
100640,James Khan,Iran,Teacher,Credit Card,0,60,High,0.37,1.0
100641,James Nakamura,India,Money Service Business,Fixed Deposit,0,50,Medium,0.54,4.6
100642,Sofia Muller,France,Civil Servant,Current Account,0,0,Low,0.25,1.0
100643,Omar Ivanov,Nigeria,Casino Operator,Current Account,0,40,Medium,0.67,0.9
100644,Carlos Brown,UAE,Import/Export Trader,Private Banking,0,55,Medium,0.42,7.15
100645,Sara Petrov,Germany,Import/Export Trader,Current Account,0,20,Low,0.73,1.0
100646,Yuki Andersson,United Kingdom,Teacher,Fixed Deposit,0,0,Low,0.48,1.2
100647,Liam Johnson,United Kingdom,Casino Operator,Current Account,0,35,Medium,0.42,4.54
100648,Carlos Lindqvist,Australia,Car Dealer,Personal Loan,0,20,Low,0.34,0.9
100649,Tariq Mbeki,France,Import/Export Trader,Credit Card,0,20,Low,0.56,1.0
100650,Mary Osei,Russia,Software Engineer,Fixed Deposit,0,50,Medium,0.45,1.0
100651,Sergei Okafor,Kenya,Software Engineer,Fixed Deposit,0,25,Medium,0.74,4.04
100652,Kwame Nguyen,Brazil,Teacher,Personal Loan,0,35,Medium,0.34,4.39
100653,Fatima Okonkwo,United States,Accountant,Credit Card,0,20,Low,0.5,1.0
100654,Ivan Al-Sayed,United Kingdom,Accountant,Personal Loan,0,20,Low,0.77,1.0
100655,Grace Patel,Turkey,Nurse,Current Account,0,40,Medium,0.36,9.48
100656,Grace Okafor,United States,Real Estate Agent,International Wire Transfers,0,30,Medium,0.48,1.0
100657,Sofia Silva,Kenya,Teacher,Trade Finance,0,60,High,0.5,1.0
100658,Chen Lindqvist,Australia,Nurse,Fixed Deposit,1,35,Medium,0.38,4.52
100659,Thomas Haddad,Myanmar,Accountant,Credit Card,0,50,Medium,0.67,0.9
100660,Ingrid Cole,United Kingdom,Software Engineer,Fixed Deposit,0,0,Low,0.5,1.0
100661,Mei Nakamura,United States,Real Estate Agent,International Wire Transfers,0,30,Medium,0.58,4.95
100662,Ravi Hall,Nigeria,Accountant,Savings Account,0,40,Medium,0.48,1.0
100663,Mei Lindqvist,Nigeria,Teacher,Savings Account,0,15,Low,0.46,1.0
100664,Ingrid Kimura,United Kingdom,Casino Operator,Current Account,0,25,Medium,0.38,1.0
100665,Sofia Rossi,Japan,Software Engineer,Credit Card,0,20,Low,0.45,1.0
100666,Chen Petrov,China,Real Estate Agent,International Wire Transfers,0,55,Medium,0.73,4.74
100667,Ingrid Haddad,Netherlands,Accountant,Credit Card,0,20,Low,0.64,4.47
100668,Omar Silva,France,Teacher,Credit Card,0,20,Low,0.61,1.2
100669,Elena Okafor,Sweden,Doctor,Credit Card,0,20,Low,0.72,1.0
100670,Mary Silva,Netherlands,Accountant,Savings Account,0,10,Low,0.5,1.0
100671,Mei Brown,Netherlands,Civil Servant,Savings Account,0,10,Low,0.36,6.38
100672,James Wang,Netherlands,Nurse,International Wire Transfers,0,30,Medium,0.35,4.34
100673,Dmitri Lindqvist,China,Teacher,Fixed Deposit,0,15,Low,0.62,1.0
100674,Liam Volkov,Germany,Import/Export Trader,Savings Account,0,20,Low,0.75,7.62
100675,Fatima Fitzgerald,Sweden,Precious Metals Dealer,Trade Finance,0,45,Medium,0.41,1.2
100676,Carlos Cole,United States,Software Engineer,Trade Finance,0,45,Medium,0.42,1.0
100677,Mary Patel,Germany,Nurse,Credit Card,0,10,Low,0.43,2.61
100678,Liam Fitzgerald,United Kingdom,Software Engineer,International Wire Transfers,0,30,Medium,0.38,1.2
100679,Chloe Haddad,United Kingdom,Teacher,Savings Account,0,0,Low,0.58,1.0
100680,Liam Al-Sayed,Turkey,Nurse,Current Account,0,15,Low,0.77,0.9
100681,Aisha Patel,UAE,Car Dealer,Current Account,0,25,Medium,0.43,1.2
100682,Noah Petrov,Ireland,Jeweller,International Wire Transfers,0,30,Medium,0.73,1.0
100683,Dmitri Fitzgerald,Germany,Accountant,Current Account,0,10,Low,0.53,4.44
100684,Sergei Bello,Nigeria,Nurse,Savings Account,0,25,Medium,0.69,3.7
100685,Chen Nakamoto,Mexico,Civil Servant,Current Account,0,25,Medium,0.72,0.9
100686,Kenji Patel,Ireland,Doctor,Personal Loan,0,10,Low,0.36,1.0
100687,Dmitri Ivanov,South Africa,Cash-Intensive Business,Fixed Deposit,0,50,Medium,0.77,1.0
100688,Kwame Al-Sayed,Sweden,Jeweller,Personal Loan,0,30,Medium,0.74,1.2
100689,Grace Silva,Germany,Accountant,Credit Card,0,10,Low,0.5,1.0
100690,Chen Petrov,Mexico,Precious Metals Dealer,Fixed Deposit,1,75,High,0.73,0.9
100691,Aisha Petrov,United States,Teacher,Crypto Wallet,0,30,Medium,0.75,1.2
100692,James Fitzgerald,Japan,Accountant,International Wire Transfers,0,30,Medium,0.41,3.3
100693,Zara Nakamoto,India,Car Dealer,Savings Account,0,50,Medium,0.72,0.9
100694,James Khan,India,Car Dealer,Crypto Wallet,0,55,Medium,0.37,0.9
100695,Lucas Patel,Nigeria,Retail Trader,Current Account,0,35,Medium,0.36,0.9
100696,Elena Wang,Germany,Software Engineer,Savings Account,0,10,Low,0.61,5.32
100697,Chen Adeyemi,Kenya,Import/Export Trader,Current Account,0,25,Medium,0.34,1.2
100698,Ivan Petrov,Japan,Software Engineer,Crypto Wallet,0,30,Medium,1.0,0.9
100699,Liam Brown,United Kingdom,Software Engineer,Current Account,0,10,Low,0.48,1.0
100700,Sergei Nakamura,China,Software Engineer,International Wire Transfers,0,45,Medium,0.57,1.2
100701,Emma Bello,Australia,Software Engineer,Personal Loan,0,35,Medium,0.43,4.22
100702,Mary Nakamoto,United Kingdom,Real Estate Agent,Personal Loan,0,30,Medium,0.8,1.0
100703,Priya Okafor,Canada,Import/Export Trader,Savings Account,0,40,Medium,0.48,1.0
100704,Kenji Nakamura,Ireland,Jeweller,Trade Finance,0,30,Medium,0.62,5.98
100705,Dmitri Brown,Canada,Software Engineer,Personal Loan,0,10,Low,0.64,3.44
100706,Ravi Brown,United States,Retail Trader,Personal Loan,0,30,Medium,0.45,3.05
100707,Emma Fitzgerald,Germany,Software Engineer,Fixed Deposit,0,0,Low,0.43,1.2
100708,Carlos Muller,Germany,Casino Operator,Crypto Wallet,0,55,Medium,0.4,6.83
100709,Grace Lindqvist,UAE,Precious Metals Dealer,Savings Account,0,50,Medium,0.36,0.9
100710,Nadia Okonkwo,United States,Software Engineer,International Wire Transfers,0,20,Low,0.52,6.54
100711,Thomas Lindqvist,France,Car Dealer,Current Account,0,10,Low,0.35,1.2
100712,Yuki Nguyen,United Kingdom,Nurse,Private Banking,0,30,Medium,0.35,1.2
100713,Mary Petrov,Ireland,Nurse,Personal Loan,0,20,Low,0.73,1.2
100714,Grace Petrov,India,Civil Servant,Personal Loan,0,35,Medium,0.7,1.2
100715,Liam Yilmaz,United States,Civil Servant,Current Account,0,10,Low,0.42,1.0
100716,Zara Hall,Germany,Nurse,Personal Loan,0,20,Low,0.48,1.0
100717,Sergei Cole,Australia,Accountant,Savings Account,0,10,Low,0.72,1.0
100718,Elena Andersson,France,Retail Trader,Current Account,0,20,Low,0.5,8.45
100719,Zara Johnson,Netherlands,Doctor,Current Account,0,10,Low,0.33,1.0
100720,Dmitri Reddy,Australia,Real Estate Agent,Personal Loan,0,45,Medium,0.56,1.0
100721,Grace Brown,United Kingdom,Real Estate Agent,Crypto Wallet,0,30,Medium,0.36,6.37
100722,Hassan Johnson,United Kingdom,Precious Metals Dealer,Personal Loan,0,35,Medium,0.52,1.0
100723,Priya Andersson,Canada,Software Engineer,Savings Account,0,10,Low,0.46,1.0
100724,Fatima Johnson,United States,Doctor,Current Account,0,0,Low,0.38,1.0
100725,Kwame Rossi,Nigeria,Casino Operator,Personal Loan,0,70,High,0.48,1.0
100726,Thomas Johnson,Ireland,Nurse,Credit Card,0,20,Low,0.32,2.35
100727,Emma Reddy,Japan,Nurse,Trade Finance,0,30,Medium,0.43,1.0
100728,Priya Reddy,Germany,Cash-Intensive Business,Fixed Deposit,0,50,Medium,0.43,1.2
100729,Fatima Lindqvist,Syria,Real Estate Agent,Trade Finance,0,90,High,0.36,1.0
100730,Tariq Ivanov,Brazil,Accountant,Fixed Deposit,0,25,Medium,0.72,7.58
100731,Aisha Andersson,France,Real Estate Agent,Personal Loan,0,45,Medium,0.46,5.08
100732,Mei Nguyen,United Kingdom,Casino Operator,Crypto Wallet,0,75,High,0.37,1.0
100733,Carlos Wang,China,Accountant,Credit Card,0,35,Medium,0.42,1.0
100734,Yuki Muller,Kenya,Software Engineer,Savings Account,0,25,Medium,0.36,1.2
100735,Lucas Brown,Kenya,Car Dealer,International Wire Transfers,0,75,High,0.36,3.5
100736,Grace Wang,United Kingdom,Civil Servant,Credit Card,0,35,Medium,0.43,3.97
100737,Mohammed Rossi,France,Civil Servant,Trade Finance,0,30,Medium,0.75,1.2
100738,Tariq Kimura,United States,Jeweller,Credit Card,0,30,Medium,0.54,1.0
100739,Oluwaseun Wang,United Kingdom,Real Estate Agent,Trade Finance,0,30,Medium,0.39,1.0
100740,Omar Ivanov,Brazil,Teacher,Current Account,0,15,Low,0.67,9.95
100741,Dmitri Haddad,Germany,Software Engineer,Savings Account,0,0,Low,0.72,5.35
100742,Sergei Chen,Russia,Nurse,Savings Account,0,40,Medium,0.67,1.2
100743,Wei Osei,India,Software Engineer,Fixed Deposit,0,25,Medium,0.38,1.0
100744,Thomas Yilmaz,Mexico,Retail Trader,Savings Account,0,25,Medium,0.38,1.0
100745,Grace Okonkwo,Japan,Casino Operator,Credit Card,0,45,Medium,0.54,5.53
100746,James Okonkwo,Canada,Casino Operator,Private Banking,0,55,Medium,0.54,4.61
100747,Kwame Dubois,United States,Doctor,Fixed Deposit,0,0,Low,0.33,8.69
100748,Mei Kimura,Canada,Software Engineer,Current Account,0,0,Low,0.43,1.0
100749,Ravi Adeyemi,Nigeria,Teacher,Current Account,0,25,Medium,0.46,1.0
100750,Liam Mbeki,Canada,Civil Servant,Savings Account,0,0,Low,0.38,8.86
100751,Mei Muller,Japan,Software Engineer,Trade Finance,0,30,Medium,0.35,1.2
100752,Priya Hall,Sweden,Real Estate Agent,Fixed Deposit,0,20,Low,0.45,1.0
100753,Sara Okonkwo,Australia,Software Engineer,Current Account,0,10,Low,0.54,1.2
100754,Mei Khan,Nigeria,Teacher,Savings Account,0,15,Low,0.48,1.0
100755,Hassan Adeyemi,China,Retail Trader,Crypto Wallet,0,45,Medium,0.58,4.55
100756,Amara Muller,Myanmar,Teacher,Trade Finance,0,70,High,0.48,1.0
100757,Kenji Khan,Germany,Nurse,Credit Card,0,20,Low,0.45,1.0
100758,Kwame Al-Sayed,Sweden,Retail Trader,Personal Loan,0,30,Medium,0.74,5.82
100759,Hassan Nakamoto,Netherlands,Doctor,Current Account,0,10,Low,0.67,1.0
100760,Fatima Ivanov,United States,Jeweller,Current Account,0,20,Low,0.62,1.0
100761,Emma Andersson,Germany,Real Estate Agent,Current Account,0,10,Low,0.4,1.0
100762,Liam Hall,Mexico,Civil Servant,Fixed Deposit,0,40,Medium,0.48,5.74
100763,Zara Rossi,France,Accountant,Fixed Deposit,0,10,Low,0.38,1.0
100764,Aisha Johnson,Japan,Software Engineer,Trade Finance,0,30,Medium,0.4,1.2
100765,Carlos Petrov,Germany,Import/Export Trader,Savings Account,0,10,Low,0.72,1.0
100766,Sergei Cole,Japan,Retail Trader,Savings Account,0,10,Low,0.72,1.2
100767,Liam Muller,Canada,Accountant,Personal Loan,0,20,Low,0.45,4.01
100768,Mohammed Chen,Nigeria,Nurse,International Wire Transfers,0,35,Medium,0.65,1.0
100769,Mohammed Kowalski,Myanmar,Civil Servant,Personal Loan,0,50,Medium,0.74,1.0
100770,Sara Fitzgerald,Australia,Nurse,Trade Finance,0,35,Medium,0.37,0.9
100771,Nadia Fitzgerald,Australia,Teacher,Crypto Wallet,0,30,Medium,0.57,0.9
100772,Rajesh Mbeki,France,Retail Trader,Personal Loan,0,20,Low,0.33,0.9
100773,Zara Nakamura,Germany,Retail Trader,Trade Finance,0,30,Medium,0.48,7.93
100774,Zara Reddy,United States,Precious Metals Dealer,Credit Card,0,45,Medium,0.45,4.49
100775,Nadia Nguyen,Netherlands,Casino Operator,Trade Finance,0,55,Medium,0.5,1.0
100776,Sergei Petrov,France,Car Dealer,International Wire Transfers,0,40,Medium,0.69,1.0
100777,Ingrid Nguyen,Australia,Civil Servant,Current Account,0,30,Medium,0.37,1.0
100778,Ivan Petroff,Russia,Teacher,Credit Card,0,60,High,0.87,1.0
100779,Dmitri Johnson,Japan,Doctor,Crypto Wallet,0,30,Medium,0.67,1.0
100780,Emma Khan,Canada,Software Engineer,Current Account,0,0,Low,0.45,1.2
100781,Mary Cole,United Kingdom,Import/Export Trader,Personal Loan,0,20,Low,0.45,1.2
100782,Kenji Smith,Canada,Import/Export Trader,Credit Card,0,20,Low,0.35,1.0
100783,Lucas Wang,Turkey,Real Estate Agent,Credit Card,0,65,High,0.37,0.9
100784,Adebayo Nguyen,France,Nurse,Savings Account,0,0,Low,0.31,1.0
100785,Mary Rossi,France,Teacher,Personal Loan,0,20,Low,0.38,7.13
100786,Oluwaseun Osei,Nigeria,Teacher,Private Banking,1,70,High,0.32,3.08
100787,Lucas Smith,Nigeria,Software Engineer,Current Account,0,25,Medium,0.36,1.0
100788,Sergei Yilmaz,Netherlands,Teacher,Savings Account,0,10,Low,0.69,5.12
100789,Priya Ivanov,South Africa,Software Engineer,Credit Card,0,40,Medium,0.72,1.0
100790,Grace Al-Sayed,Brazil,Jeweller,Fixed Deposit,0,25,Medium,0.74,6.68
100791,Wei Nakamoto,Germany,Software Engineer,Trade Finance,1,45,Medium,0.83,1.2
100792,Mohammed Reddy,United States,Car Dealer,Current Account,0,20,Low,0.69,0.9
100793,Sofia Petrov,South Africa,Software Engineer,Trade Finance,0,45,Medium,0.78,7.73
100794,Tariq Nakamoto,United Kingdom,Teacher,Fixed Deposit,0,30,Medium,0.77,2.96
100795,Ravi Petrov,Australia,Accountant,Credit Card,0,40,Medium,0.78,7.76
100796,Sara Adeyemi,United States,Nurse,Credit Card,0,20,Low,0.42,1.0
100797,Priya Haddad,Brazil,Cash-Intensive Business,Personal Loan,0,60,High,0.75,1.0
100798,Omar Nakamura,Australia,Teacher,Savings Account,0,10,Low,0.56,1.0
100799,Kwame Ivanov,India,Accountant,Credit Card,0,35,Medium,0.64,1.0
100800,Chloe Kowalski,Brazil,Teacher,Credit Card,1,50,Medium,0.44,1.0
100801,Aisha Reddy,Nigeria,Nurse,Current Account,0,25,Medium,0.52,1.0
100802,Tariq Andersson,United Kingdom,Import/Export Trader,Fixed Deposit,0,20,Low,0.55,5.09
100803,Dmitri Brown,China,Civil Servant,Current Account,0,15,Low,0.64,5.61
100804,Liam Smith,Canada,Software Engineer,Trade Finance,0,30,Medium,0.38,4.13
100805,Nadia Nakamoto,UAE,Doctor,Savings Account,0,25,Medium,0.77,5.9
100806,Hassan Yilmaz,United Kingdom,Teacher,Fixed Deposit,0,10,Low,0.53,1.0
100807,Ingrid Nguyen,France,Doctor,Personal Loan,0,10,Low,0.37,1.0
100808,Mohammed Sokolov,Germany,Money Service Business,Current Account,0,35,Medium,0.69,4.28
100809,Lucas Patel,Nigeria,Casino Operator,Savings Account,0,50,Medium,0.36,1.0
100810,Wei Lindqvist,Germany,Software Engineer,Savings Account,0,0,Low,0.46,1.0
100811,Ivan Osei,United Kingdom,Retail Trader,Credit Card,0,30,Medium,0.6,5.32
100812,Ingrid Reddy,Nigeria,Real Estate Agent,International Wire Transfers,0,55,Medium,0.38,1.2
100813,Ivan Osei,United Kingdom,Casino Operator,Current Account,0,35,Medium,0.6,8.1
100814,Emma Patel,Japan,Accountant,Credit Card,0,30,Medium,0.43,1.0
100815,Nadia Reddy,France,Teacher,Credit Card,0,25,Medium,0.7,9.87
100816,James Kimura,India,Money Service Business,Credit Card,0,75,High,0.4,1.0
100817,Sara Al-Sayed,Japan,Money Service Business,Current Account,0,35,Medium,0.85,0.9
100818,Noah Al-Sayed,India,Car Dealer,International Wire Transfers,0,45,Medium,0.85,8.49
100819,Mohammed Johnson,United Kingdom,Nurse,Savings Account,0,10,Low,0.59,0.9
100820,Adebayo Dubois,Nigeria,Import/Export Trader,Savings Account,0,35,Medium,0.38,1.0
100821,Priya Okonkwo,United States,Software Engineer,Fixed Deposit,0,10,Low,0.54,7.47
100822,Mohammed Andersson,Canada,Teacher,Savings Account,0,0,Low,0.61,0.9
100823,Ravi Haddad,Nigeria,Software Engineer,Fixed Deposit,0,15,Low,0.78,2.05
100824,Sofia Nguyen,Netherlands,Retail Trader,Personal Loan,0,20,Low,0.34,1.2
100825,Yuki Mbeki,Australia,Precious Metals Dealer,Credit Card,0,35,Medium,0.36,1.0
100826,Chloe Andersson,Japan,Software Engineer,Current Account,0,10,Low,0.38,0.9
100827,Priya Chen,United Kingdom,Accountant,Current Account,0,10,Low,0.37,1.0
100828,Wei Patel,Sweden,Real Estate Agent,Current Account,0,10,Low,0.4,1.0
100829,Kenji Wang,China,Accountant,Trade Finance,0,45,Medium,0.43,0.9
100830,Yuki Smith,United Kingdom,Real Estate Agent,Savings Account,0,20,Low,0.45,2.16
100831,Mei Cole,Canada,Precious Metals Dealer,Crypto Wallet,0,55,Medium,0.48,0.9
100832,Mohammed Wang,United States,Civil Servant,Savings Account,0,10,Low,0.65,1.0
100833,Zara Fitzgerald,India,Doctor,Current Account,0,25,Medium,0.43,1.0
100834,Sara Kowalski,Russia,Nurse,Fixed Deposit,0,50,Medium,0.44,5.59
100835,Lucas Cole,Canada,Accountant,Crypto Wallet,0,30,Medium,0.43,4.66
100836,Noah Bello,United States,Retail Trader,Personal Loan,0,30,Medium,0.43,1.2
100837,Amara Petrov,United Kingdom,Jeweller,International Wire Transfers,0,40,Medium,0.7,3.19
100838,Sergei Johnson,United Kingdom,Precious Metals Dealer,International Wire Transfers,0,55,Medium,0.64,1.0
100839,Kenji Fitzgerald,Afghanistan,Retail Trader,Crypto Wallet,0,95,High,0.36,1.0
100840,Ravi Petrov,France,Car Dealer,Personal Loan,0,20,Low,0.78,1.0
100841,James Okafor,Mexico,Precious Metals Dealer,Fixed Deposit,0,40,Medium,0.48,1.0
100842,Mei Okonkwo,United Kingdom,Real Estate Agent,Credit Card,0,20,Low,0.56,1.2
100843,Sara Chen,South Africa,Accountant,Savings Account,0,25,Medium,0.38,1.0
100844,Sofia Kowalski,Germany,Car Dealer,Fixed Deposit,0,20,Low,0.44,1.0
100845,Ravi Patel,Syria,Jeweller,Current Account,0,50,Medium,0.45,9.23
100846,Chen Osei,Nigeria,Nurse,Savings Account,0,25,Medium,0.37,1.0
100847,Dmitri Silva,Kenya,Car Dealer,Current Account,0,35,Medium,0.77,1.0
100848,Yuki Volkov,Germany,Casino Operator,Savings Account,0,50,Medium,0.67,8.11
100849,Hassan Osei,Japan,Arms Dealer,Credit Card,0,45,Medium,0.5,2.01
100850,Emma Nguyen,UAE,Software Engineer,Credit Card,0,35,Medium,0.42,1.2
100851,Fatima Wang,United Kingdom,Jeweller,Savings Account,0,10,Low,0.43,9.93
100852,Priya Hall,Australia,Software Engineer,Current Account,0,10,Low,0.45,1.0
100853,Lucas Silva,Germany,Nurse,International Wire Transfers,0,30,Medium,0.5,0.9
100854,Adebayo Al-Sayed,Japan,Civil Servant,Fixed Deposit,0,10,Low,0.69,3.7
100855,Hassan Volkov,France,Doctor,Savings Account,0,0,Low,0.62,0.9
100856,Kwame Sokolov,France,Retail Trader,Savings Account,0,20,Low,0.77,1.2
100857,Ivan Andersson,Ireland,Jeweller,Private Banking,0,40,Medium,0.64,1.0
100858,Elena Khan,Japan,Software Engineer,Current Account,0,0,Low,0.7,1.0
100859,Hassan Yilmaz,Germany,Doctor,Credit Card,0,20,Low,0.53,1.2
100860,Kenji Mbeki,Sweden,Jeweller,Fixed Deposit,0,20,Low,0.33,5.74
100861,Sergei Chen,United States,Casino Operator,Trade Finance,0,55,Medium,0.67,1.2
100862,Ingrid Sokolov,Australia,Software Engineer,Fixed Deposit,0,10,Low,0.79,4.86
100863,Emma Nguyen,United States,Car Dealer,International Wire Transfers,0,30,Medium,0.42,1.0
100864,Zara Patel,Germany,Teacher,International Wire Transfers,0,20,Low,0.43,1.0
100865,Kwame Volkov,South Africa,Car Dealer,Fixed Deposit,0,35,Medium,0.64,5.9
100866,Zara Nakamura,Canada,Jeweller,Credit Card,0,20,Low,0.48,4.07
100867,Sergei Reddy,Netherlands,Money Service Business,Credit Card,0,35,Medium,0.56,5.97
100868,Chen Nguyen,United States,Civil Servant,Fixed Deposit,0,0,Low,0.27,0.9
100869,Rajesh Mbeki,Brazil,Casino Operator,Trade Finance,0,60,High,0.33,5.12
100870,Zara Lindqvist,United States,Precious Metals Dealer,International Wire Transfers,0,45,Medium,0.37,3.88
100871,Benjamin Osei,Sweden,Software Engineer,Crypto Wallet,0,30,Medium,0.38,1.2
100872,Mei Ivanov,Russia,Doctor,Current Account,0,50,Medium,0.78,1.0
100873,Ivan Dubois,Nigeria,Arms Dealer,Credit Card,0,60,High,0.55,1.2
100874,Noah Al-Sayed,Brazil,Accountant,Credit Card,0,35,Medium,0.85,1.0
100875,Omar Mbeki,United Kingdom,Nurse,International Wire Transfers,0,30,Medium,0.52,6.84
100876,Mei Patel,China,Import/Export Trader,Current Account,1,60,High,0.4,1.2
100877,Tariq Okonkwo,United Kingdom,Civil Servant,Current Account,0,10,Low,0.59,1.2
100878,Carlos Patel,Netherlands,Nurse,Savings Account,1,35,Medium,0.48,1.0
100879,Wei Muller,United Kingdom,Software Engineer,Savings Account,0,0,Low,0.33,1.0
100880,Ivan Adeyemi,France,Nurse,International Wire Transfers,0,20,Low,0.52,1.0
100881,Mei Cole,United Kingdom,Car Dealer,Credit Card,0,20,Low,0.48,1.0
100882,Ivan Johnson,United Kingdom,Cash-Intensive Business,Fixed Deposit,0,35,Medium,0.52,1.2
100883,Mohammed Cole,Australia,Import/Export Trader,Trade Finance,0,30,Medium,0.65,1.2
100884,Sofia Adeyemi,Japan,Jeweller,Private Banking,0,30,Medium,0.46,3.77
100885,Yuki Chen,Brazil,Accountant,Credit Card,0,25,Medium,0.38,0.9
100886,Elena Volkov,United Kingdom,Retail Trader,Current Account,0,10,Low,0.96,1.0
100887,Yuki Sokolov,Netherlands,Nurse,Trade Finance,0,45,Medium,0.69,1.0
100888,Thomas Kimura,Netherlands,Nurse,Personal Loan,0,20,Low,0.38,1.2
100889,Emma Volkov,Russia,Doctor,Trade Finance,0,60,High,0.75,1.2
100890,Tariq Johnson,France,Teacher,Savings Account,0,10,Low,0.52,1.0
100891,Carlos Haddad,China,Software Engineer,Current Account,0,25,Medium,0.67,1.2
100892,Chen Smith,India,Software Engineer,Trade Finance,1,70,High,0.36,1.0
100893,Grace Hall,Brazil,Nurse,Personal Loan,0,25,Medium,0.36,5.74
100894,Mohammed Okonkwo,Sweden,Arms Dealer,Personal Loan,0,35,Medium,0.53,1.0
100895,Amara Nakamoto,United States,Nurse,Savings Account,0,25,Medium,0.77,1.0
100896,Sergei Yilmaz,China,Software Engineer,Current Account,0,15,Low,0.69,1.0
100897,Sofia Al-Sayed,United Kingdom,Software Engineer,Private Banking,0,30,Medium,0.81,3.09
100898,Zara Al-Sayed,Japan,Accountant,International Wire Transfers,0,50,Medium,0.85,0.9
100899,Chen Cole,Canada,Teacher,International Wire Transfers,0,30,Medium,0.45,1.0
100900,Tariq Al-Sayed,United Kingdom,Car Dealer,Private Banking,0,40,Medium,1.0,1.2
100901,Dmitri Khan,Japan,Software Engineer,Private Banking,0,30,Medium,0.67,2.69
100902,Tariq Muller,UAE,Nurse,Credit Card,0,25,Medium,0.62,1.2
100903,Benjamin Okafor,France,Cash-Intensive Business,Savings Account,0,35,Medium,0.5,1.2
100904,Zara Kimura,Canada,Jeweller,Crypto Wallet,0,40,Medium,0.35,1.2
100905,Liam Haddad,Canada,Teacher,Crypto Wallet,1,55,Medium,0.78,1.2
100906,Aisha Silva,United States,Real Estate Agent,Current Account,0,20,Low,0.43,8.56
100907,Nadia Lindqvist,Australia,Doctor,Current Account,0,10,Low,0.52,0.9
100908,Grace Khan,China,Software Engineer,Current Account,0,25,Medium,0.43,0.9
100909,Mary Silva,United Kingdom,Retail Trader,Credit Card,0,30,Medium,0.5,5.05
100910,Thomas Petrov,United Kingdom,Import/Export Trader,Savings Account,0,10,Low,0.72,1.0
100911,Mei Al-Sayed,Germany,Doctor,Savings Account,0,0,Low,0.8,1.2
100912,Adebayo Silva,Nigeria,Import/Export Trader,Savings Account,0,25,Medium,0.46,8.88
100913,Lucas Okafor,Turkey,Doctor,Personal Loan,0,50,Medium,0.48,0.9
100914,Emma Ivanov,Ireland,Nurse,Savings Account,0,10,Low,0.67,1.0
100915,Chen Cole,Ireland,Accountant,Personal Loan,0,20,Low,0.45,5.82
100916,Ingrid Petrov,United Kingdom,Teacher,Current Account,0,10,Low,0.75,1.0
100917,Carlos Al-Sayed,Turkey,Civil Servant,International Wire Transfers,0,35,Medium,0.79,5.05
100918,Ivan Kimura,India,Car Dealer,Current Account,0,25,Medium,0.55,6.17
100919,Rajesh Sokolov,Nigeria,Software Engineer,Savings Account,0,15,Low,0.74,1.2
100920,Priya Al-Sayed,Germany,Civil Servant,Trade Finance,0,30,Medium,0.79,2.55
100921,Priya Cole,Sweden,Civil Servant,Personal Loan,0,25,Medium,0.43,2.33
100922,Carlos Kimura,India,Accountant,Personal Loan,0,35,Medium,0.38,1.0
100923,Ivan Ivanov,Nigeria,Nurse,Current Account,0,15,Low,0.67,3.45
100924,Thomas Muller,Netherlands,Teacher,Personal Loan,0,20,Low,0.4,9.2
100925,Ingrid Osei,United States,Money Service Business,Current Account,0,35,Medium,0.42,1.0
100926,Wei Nguyen,India,Civil Servant,Current Account,0,25,Medium,0.37,1.2
100927,Adebayo Cole,China,Software Engineer,Savings Account,0,25,Medium,0.4,0.9
100928,Lucas Andersson,United States,Nurse,Personal Loan,0,20,Low,0.38,4.06
100929,Benjamin Brown,Nigeria,Accountant,Savings Account,0,25,Medium,0.4,1.0
100930,Fatima Okafor,Australia,Car Dealer,Savings Account,0,10,Low,0.48,3.26
100931,Chloe Johnson,Japan,Retail Trader,Current Account,0,20,Low,0.24,5.1
100932,Ingrid Cole,United Kingdom,Nurse,Private Banking,0,30,Medium,0.5,7.84
100933,Aisha Osei,United States,Nurse,Fixed Deposit,0,0,Low,0.42,0.9
100934,Sofia Muller,United States,Doctor,Credit Card,0,10,Low,0.25,1.2
100935,Lucas Nakamoto,United States,Jeweller,Fixed Deposit,0,10,Low,0.69,4.3
100936,Mei Sokolov,Japan,Software Engineer,Current Account,0,0,Low,0.8,0.9
100937,Ingrid Wang,United Kingdom,Real Estate Agent,Personal Loan,0,40,Medium,0.36,1.0
100938,Nadia Brown,UAE,Civil Servant,Credit Card,0,55,Medium,0.52,4.87
100939,Mohammed Muller,Turkey,Software Engineer,Fixed Deposit,0,15,Low,0.67,0.9
100940,Ravi Sokolov,India,Software Engineer,Credit Card,0,35,Medium,0.8,1.0
100941,Oluwaseun Hall,Germany,Jeweller,Current Account,0,10,Low,0.45,0.9
100942,Tariq Petrov,UAE,Nurse,Savings Account,0,25,Medium,0.75,9.93
100943,Ivan Haddad,United Kingdom,Doctor,International Wire Transfers,0,30,Medium,0.78,1.0
100944,Tariq Reddy,Japan,Arms Dealer,Crypto Wallet,0,55,Medium,0.64,0.9
100945,Tariq Okonkwo,Japan,Civil Servant,Fixed Deposit,0,0,Low,0.59,1.0
100946,Oluwaseun Wang,United States,Retail Trader,Savings Account,0,10,Low,0.39,3.67
100947,Yuki Nguyen,Ireland,Casino Operator,International Wire Transfers,0,60,High,0.35,1.2
100948,Mary Ivanov,South Africa,Software Engineer,Personal Loan,0,50,Medium,0.67,1.0
100949,Nadia Sokolov,Australia,Software Engineer,Current Account,0,0,Low,0.74,4.18
100950,Kenji Cole,United States,Car Dealer,Credit Card,0,20,Low,0.43,2.09
100951,Oluwaseun Okafor,United States,Real Estate Agent,Personal Loan,0,20,Low,0.36,1.0
100952,Carlos Patel,United States,Teacher,Fixed Deposit,0,10,Low,0.48,1.0
100953,Yuki Muller,United Kingdom,Software Engineer,Current Account,0,10,Low,0.36,1.2
100954,Noah Osei,Russia,Teacher,Fixed Deposit,1,75,High,0.45,1.0
100955,Sara Petrov,United States,Precious Metals Dealer,Credit Card,0,45,Medium,0.73,4.61
100956,Chen Dubois,Canada,Real Estate Agent,Savings Account,0,40,Medium,0.35,0.9
100957,Liam Kimura,United States,Teacher,Current Account,0,15,Low,0.42,1.0
100958,Rajesh Hall,South Africa,Civil Servant,Savings Account,0,25,Medium,0.35,3.55
100959,Mohammed Kimura,Ireland,Accountant,Savings Account,0,0,Low,0.67,1.0
100960,Dmitri Al-Sayed,United States,Software Engineer,Crypto Wallet,0,20,Low,0.83,8.42
100961,Sergei Yilmaz,Germany,Civil Servant,Personal Loan,0,35,Medium,0.69,1.2
100962,Amara Yilmaz,Mexico,Teacher,Savings Account,0,25,Medium,0.4,5.6
100963,Mei Ivanov,France,Retail Trader,Private Banking,0,40,Medium,0.78,5.03
100964,Lucas Fitzgerald,Germany,Real Estate Agent,Current Account,0,20,Low,0.36,0.9
100965,Zara Haddad,Brazil,Arms Dealer,Personal Loan,0,50,Medium,0.78,1.0
100966,Kwame Nakamura,Netherlands,Real Estate Agent,Savings Account,0,20,Low,0.62,7.94
100967,Ivan Nguyen,Turkey,Civil Servant,Private Banking,0,35,Medium,0.55,9.06
100968,Kenji Nguyen,United Kingdom,Doctor,Credit Card,0,45,Medium,0.33,8.43
100969,Carlos Okafor,Sweden,Civil Servant,Fixed Deposit,0,0,Low,0.38,4.36
100970,Zara Al-Sayed,Nigeria,Doctor,Savings Account,0,25,Medium,0.85,1.0
100971,Fatima Chen,Brazil,Money Service Business,International Wire Transfers,0,70,High,0.43,1.0
100972,Ravi Kowalski,Afghanistan,Nurse,Personal Loan,0,50,Medium,0.46,1.0
100973,James Silva,Japan,Teacher,Crypto Wallet,0,30,Medium,0.5,6.56
100974,Sara Reddy,Netherlands,Software Engineer,Credit Card,0,20,Low,0.45,1.0
100975,Liam Bello,Germany,Real Estate Agent,Credit Card,0,30,Medium,0.48,1.2
100976,Yuki Adeyemi,Nigeria,Nurse,Savings Account,0,15,Low,0.42,1.2
100977,Oluwaseun Muller,Brazil,Teacher,Personal Loan,0,35,Medium,0.37,1.0
100978,Wei Hall,India,Civil Servant,Private Banking,0,35,Medium,0.4,1.2
100979,Ivan Mbeki,France,Real Estate Agent,Credit Card,0,30,Medium,0.57,0.9
100980,Ravi Nguyen,Russia,Jeweller,Trade Finance,0,70,High,0.43,4.8
100981,Tariq Silva,United Kingdom,Teacher,Savings Account,0,10,Low,0.64,0.9
100982,Nadia Brown,Russia,Real Estate Agent,Fixed Deposit,0,60,High,0.52,3.15
100983,Wei Wang,India,Accountant,Savings Account,0,15,Low,0.48,1.0
100984,Nadia Chen,France,Real Estate Agent,Current Account,0,10,Low,0.64,1.0
100985,Amara Andersson,United States,Teacher,Savings Account,0,10,Low,0.43,1.0
100986,Zara Mbeki,Germany,Civil Servant,Private Banking,0,30,Medium,0.35,1.0
100987,Adebayo Yilmaz,United States,Money Service Business,Private Banking,0,45,Medium,0.38,0.9
100988,Wei Haddad,South Africa,Accountant,International Wire Transfers,0,65,High,0.73,1.0
100989,Kwame Fitzgerald,Mexico,Civil Servant,Savings Account,0,30,Medium,0.41,1.0
100990,Ravi Lindqvist,South Africa,Nurse,Savings Account,0,25,Medium,0.44,1.0
100991,Chloe Nguyen,United States,Teacher,Personal Loan,0,10,Low,0.24,1.2
100992,Mohammed Nakamura,United Kingdom,Teacher,Crypto Wallet,0,20,Low,0.69,4.22
100993,Mei Silva,United States,Real Estate Agent,Private Banking,0,30,Medium,0.55,1.0
100994,Aisha Fitzgerald,Kenya,Accountant,Current Account,0,15,Low,0.43,7.6
100995,Liam Chen,France,Accountant,Current Account,0,10,Low,0.4,1.0
100996,Fatima Chen,United States,Software Engineer,Fixed Deposit,0,0,Low,0.43,0.9
100997,Mohammed Smith,France,Teacher,Trade Finance,0,30,Medium,0.69,1.0
100998,Liam Al-Sayed,Japan,Car Dealer,Credit Card,0,30,Medium,0.77,1.0
100999,Ingrid Kowalski,Germany,Accountant,Current Account,0,10,Low,0.48,1.0
101000,Lucas Kowalski,United Kingdom,Jeweller,Savings Account,0,40,Medium,0.44,1.2
101001,Aisha Kowalski,India,Precious Metals Dealer,Fixed Deposit,0,50,Medium,0.43,1.2
101002,Priya Hall,France,Accountant,Private Banking,0,30,Medium,0.45,1.2
101003,Omar Nguyen,Mexico,Casino Operator,Savings Account,0,65,High,0.58,9.06
101004,Mary Muller,Sweden,Car Dealer,Personal Loan,0,30,Medium,0.42,1.0
101005,Aisha Khan,South Africa,Nurse,Credit Card,0,35,Medium,0.52,1.0
101006,Grace Okafor,Mexico,Teacher,International Wire Transfers,0,35,Medium,0.48,9.24
101007,Adebayo Johnson,United Kingdom,Real Estate Agent,International Wire Transfers,0,30,Medium,0.37,6.37
101008,Mary Ivanov,Brazil,Teacher,Current Account,0,35,Medium,0.67,0.9
101009,Wei Adeyemi,United Kingdom,Civil Servant,Savings Account,0,10,Low,0.4,4.64
101010,Zara Lindqvist,Brazil,Nurse,Credit Card,0,25,Medium,0.37,1.2
101011,Wei Brown,Germany,Jeweller,Credit Card,0,30,Medium,0.36,5.27
101012,Rajesh Smith,Turkey,Jeweller,Savings Account,0,35,Medium,0.33,1.0
101013,Ravi Andersson,Nigeria,Money Service Business,Fixed Deposit,0,40,Medium,0.48,0.9
101014,Lucas Hall,India,Teacher,Fixed Deposit,0,15,Low,0.36,1.0
101015,Ivan Nakamoto,Mexico,Accountant,Savings Account,0,25,Medium,0.8,1.0
101016,Tariq Reddy,United States,Civil Servant,Trade Finance,0,30,Medium,0.64,5.88
101017,Rajesh Nakamura,United Kingdom,Car Dealer,Savings Account,0,10,Low,0.44,4.26
101018,Chloe Nakamura,United States,Teacher,International Wire Transfers,0,20,Low,0.46,5.56
101019,Priya Sokolov,Nigeria,Civil Servant,Savings Account,0,15,Low,0.77,1.0
101020,Chloe Osei,France,Money Service Business,Savings Account,0,40,Medium,0.29,7.46
101021,Rajesh Chen,United States,Teacher,Current Account,0,0,Low,0.29,6.92
101022,Mohammed Osei,France,Cash-Intensive Business,Savings Account,0,35,Medium,0.71,1.2
101023,Kenji Kowalski,United Kingdom,Nurse,Savings Account,0,10,Low,0.44,5.77
101024,Mohammed Volkov,Turkey,Nurse,Current Account,0,25,Medium,0.61,1.0
101025,Dmitri Johnson,Sweden,Civil Servant,Savings Account,0,10,Low,0.67,8.32
101026,Noah Johnson,Turkey,Teacher,International Wire Transfers,0,35,Medium,0.32,1.2
101027,Sergei Muller,India,Import/Export Trader,Crypto Wallet,0,55,Medium,0.59,0.9
101028,Zara Volkov,Germany,Teacher,Credit Card,0,20,Low,0.67,4.28
101029,Wei Rossi,Australia,Accountant,Fixed Deposit,0,0,Low,0.36,1.0
101030,Hassan Kimura,Brazil,Nurse,Credit Card,0,35,Medium,0.53,4.31
101031,Oluwaseun Kimura,UAE,Nurse,Savings Account,0,25,Medium,0.36,5.9
101032,Lucas Nguyen,Ireland,Real Estate Agent,Personal Loan,0,20,Low,0.32,0.9
101033,Carlos Hall,United States,Precious Metals Dealer,Current Account,0,25,Medium,0.42,9.62
101034,Grace Okonkwo,Germany,Civil Servant,Credit Card,0,20,Low,0.54,1.2
101035,Ivan Smith,Canada,Cash-Intensive Business,Credit Card,0,45,Medium,0.57,6.39
101036,James Hall,Mexico,Nurse,Savings Account,0,25,Medium,0.43,0.9
101037,Tariq Kowalski,Japan,Software Engineer,Savings Account,0,10,Low,0.64,2.13
101038,Sofia Nakamoto,Nigeria,Accountant,Trade Finance,0,45,Medium,0.77,1.0
101039,Elena Sokolov,Germany,Doctor,Credit Card,0,20,Low,0.77,0.9
101040,Adebayo Nakamoto,France,Retail Trader,Current Account,0,20,Low,0.64,8.08
101041,Fatima Rossi,Ireland,Teacher,Current Account,0,0,Low,0.35,6.7
101042,Dmitri Mbeki,Netherlands,Car Dealer,Credit Card,0,30,Medium,0.64,1.0
101043,Zara Smith,Mexico,Nurse,Private Banking,0,45,Medium,0.36,7.91
101044,Tariq Okafor,Ireland,Civil Servant,Current Account,0,10,Low,0.56,1.2
101045,Benjamin Mbeki,United States,Retail Trader,Current Account,0,20,Low,0.37,2.07
101046,Emma Kimura,France,Accountant,Personal Loan,0,10,Low,0.42,1.0
101047,Ingrid Silva,Nigeria,Teacher,Credit Card,0,35,Medium,0.54,1.2
101048,Emma Hall,United Kingdom,Nurse,Credit Card,0,25,Medium,0.45,1.2
101049,Sergei Bello,Brazil,Casino Operator,Private Banking,0,60,High,0.69,0.9
101050,Mohammed Smith,United Kingdom,Real Estate Agent,Fixed Deposit,0,20,Low,0.69,6.38
101051,Benjamin Andersson,China,Real Estate Agent,Savings Account,0,25,Medium,0.41,5.85
101052,Ingrid Andersson,Canada,Teacher,Crypto Wallet,0,30,Medium,0.44,1.2
101053,Aisha Yilmaz,Nigeria,Accountant,Current Account,0,25,Medium,0.42,1.0
101054,Sofia Osei,United States,Teacher,Private Banking,0,30,Medium,0.27,0.9
101055,Mei Sokolov,Turkey,Precious Metals Dealer,Personal Loan,0,50,Medium,0.8,7.44
101056,Ravi Cole,Turkey,Car Dealer,Fixed Deposit,0,35,Medium,0.45,5.23
101057,Ravi Hall,Germany,Import/Export Trader,Credit Card,0,20,Low,0.48,2.58
101058,Carlos Smith,United Kingdom,Teacher,Current Account,0,10,Low,0.34,1.2
101059,Wei Silva,Sweden,Real Estate Agent,Crypto Wallet,0,40,Medium,0.55,1.2
101060,Amara Cole,United Kingdom,Teacher,Personal Loan,0,10,Low,0.52,4.66
101061,Mohammed Sokolov,United Kingdom,Real Estate Agent,Private Banking,0,40,Medium,0.69,1.2
101062,Zara Hall,Germany,Retail Trader,Savings Account,0,20,Low,0.48,0.9
101063,Chen Sokolov,Sweden,Accountant,Savings Account,0,10,Low,0.72,1.2
101064,Kwame Volkov,United Kingdom,Software Engineer,Crypto Wallet,0,30,Medium,0.64,5.06
101065,Wei Nguyen,United Kingdom,Software Engineer,Credit Card,0,10,Low,0.37,1.2
101066,Mary Khan,Ireland,Import/Export Trader,Trade Finance,0,40,Medium,0.38,1.0
101067,Mei Muller,Canada,Civil Servant,Personal Loan,0,20,Low,0.35,7.77
101068,Sofia Haddad,Canada,Civil Servant,International Wire Transfers,0,20,Low,0.75,1.0
101069,Nadia Mbeki,Nigeria,Software Engineer,Fixed Deposit,0,15,Low,0.52,9.57
101070,Hassan Smith,United Kingdom,Money Service Business,Trade Finance,0,55,Medium,0.55,9.18
101071,Sara Kowalski,Brazil,Retail Trader,Trade Finance,0,55,Medium,0.44,0.9
101072,James Rossi,Canada,Money Service Business,Savings Account,0,35,Medium,0.36,1.2
101073,Kwame Okafor,Japan,Retail Trader,Current Account,0,20,Low,0.48,8.35
101074,Mary Johnson,France,Nurse,Savings Account,0,0,Low,0.4,3.49
101075,Aisha Rossi,Germany,Accountant,Credit Card,0,20,Low,0.43,0.9
101076,Amara Adeyemi,United Kingdom,Casino Operator,Trade Finance,0,45,Medium,0.54,1.2
101077,Thomas Ivanov,South Africa,Money Service Business,Fixed Deposit,0,50,Medium,0.62,0.9
101078,Ivan Brown,United States,Casino Operator,Fixed Deposit,0,25,Medium,0.67,0.9
101079,Dmitri Al-Sayed,Canada,Nurse,Savings Account,0,10,Low,0.83,8.53
101080,Sofia Al-Sayed,United States,Teacher,Savings Account,0,10,Low,0.81,1.0
101081,Tariq Bello,Germany,Retail Trader,Savings Account,0,20,Low,0.56,1.0
101082,Kenji Silva,Turkey,Teacher,Fixed Deposit,0,25,Medium,0.5,4.54
101083,Oluwaseun Patel,United Kingdom,Retail Trader,Personal Loan,0,20,Low,0.38,4.62
101084,Emma Okafor,Brazil,Doctor,International Wire Transfers,0,45,Medium,0.5,5.75
101085,Priya Adeyemi,China,Software Engineer,Current Account,0,25,Medium,0.44,1.0
101086,Mohammed Nakamoto,Germany,Accountant,Current Account,0,10,Low,0.69,1.0
101087,Ingrid Ivanov,Netherlands,Retail Trader,Savings Account,0,20,Low,0.62,1.0
101088,Lucas Silva,Brazil,Precious Metals Dealer,Trade Finance,0,70,High,0.5,1.0
101089,Noah Cole,Canada,Teacher,Fixed Deposit,0,0,Low,0.45,0.9
101090,Sara Nakamoto,Nigeria,Money Service Business,Private Banking,0,70,High,0.72,1.0
101091,Emma Khan,United States,Real Estate Agent,International Wire Transfers,0,30,Medium,0.45,1.2
101092,Oluwaseun Wang,Brazil,Car Dealer,Crypto Wallet,0,45,Medium,0.39,1.0
101093,Mary Nguyen,Turkey,Real Estate Agent,Private Banking,0,55,Medium,0.5,1.0
101094,Elena Okafor,Canada,Software Engineer,Private Banking,0,20,Low,0.72,1.0
101095,Noah Petrov,United Kingdom,Nurse,Current Account,0,0,Low,0.73,0.9
101096,Noah Cole,Brazil,Civil Servant,Crypto Wallet,0,45,Medium,0.45,0.9
101097,Zara Wang,India,Nurse,Savings Account,0,25,Medium,0.38,1.0
101098,Carlos Volkov,UAE,Nurse,Trade Finance,0,35,Medium,0.62,0.9
101099,Elena Muller,Canada,Nurse,Savings Account,0,10,Low,0.56,1.0
101100,Chen Dubois,Nigeria,Retail Trader,Credit Card,0,45,Medium,0.35,4.76
101101,Carlos Muller,Japan,Car Dealer,Fixed Deposit,0,20,Low,0.4,2.97
101102,Ivan Johnson,United States,Doctor,Savings Account,0,25,Medium,0.52,1.0
101103,Fatima Haddad,Canada,Accountant,Savings Account,0,10,Low,0.8,5.64
101104,Nadia Bello,Netherlands,Cash-Intensive Business,Savings Account,0,25,Medium,0.52,9.9
101105,James Andersson,Nigeria,Accountant,Credit Card,0,35,Medium,0.38,1.2
101106,Ivan Brown,Turkey,Software Engineer,Current Account,0,15,Low,0.67,1.0
101107,Mohammed Al-Sayed,Germany,Software Engineer,Personal Loan,0,10,Low,0.8,8.94
101108,Zara Cole,France,Cash-Intensive Business,Savings Account,0,25,Medium,0.45,3.94
101109,Aisha Mbeki,UAE,Precious Metals Dealer,Savings Account,0,50,Medium,0.4,1.0
101110,Noah Patel,United Kingdom,Accountant,Savings Account,0,10,Low,0.43,0.9
101111,Dmitri Smith,Ireland,Teacher,Trade Finance,0,30,Medium,0.62,1.2
101112,Noah Fitzgerald,United Kingdom,Accountant,International Wire Transfers,0,30,Medium,0.43,1.0
101113,Dmitri Kowalski,United Kingdom,Doctor,Private Banking,1,55,Medium,0.69,1.2
101114,Sofia Hall,Nigeria,Accountant,Savings Account,0,15,Low,0.45,1.0
101115,Elena Dubois,France,Teacher,Crypto Wallet,0,30,Medium,0.56,9.83
101116,Mei Volkov,Canada,Car Dealer,Private Banking,0,30,Medium,0.78,3.7
101117,Noah Fitzgerald,UAE,Precious Metals Dealer,Savings Account,0,50,Medium,0.43,1.0
101118,Dmitri Khan,France,Doctor,International Wire Transfers,0,50,Medium,0.67,8.83
101119,Rajesh Hall,Russia,Software Engineer,Savings Account,0,60,High,0.35,2.3
101120,Adebayo Lindqvist,Nigeria,Software Engineer,Credit Card,0,50,Medium,0.34,3.82
101121,Sara Al-Sayed,Australia,Teacher,Savings Account,0,0,Low,0.85,4.91
101122,Thomas Okafor,China,Doctor,Current Account,0,15,Low,0.4,1.2
101123,Omar Okafor,Canada,Teacher,Savings Account,0,0,Low,0.5,9.77
101124,Zara Johnson,United Kingdom,Software Engineer,Credit Card,0,20,Low,0.33,1.0
101125,Omar Fitzgerald,Australia,Civil Servant,Credit Card,0,20,Low,0.57,1.0
101126,Chen Johnson,France,Teacher,Private Banking,0,30,Medium,0.4,1.0
101127,Lucas Cole,India,Software Engineer,International Wire Transfers,0,45,Medium,0.43,1.0
101128,Emma Smith,Sweden,Nurse,Credit Card,0,20,Low,0.36,1.0
101129,Chen Fitzgerald,Mexico,Teacher,Savings Account,0,15,Low,0.36,5.8
101130,Liam Chen,Nigeria,Teacher,Private Banking,0,45,Medium,0.4,3.7
101131,Sergei Chen,UAE,Teacher,Savings Account,0,15,Low,0.67,1.0
101132,Mohammed Wang,Japan,Import/Export Trader,Fixed Deposit,0,10,Low,0.65,5.47
101133,Aisha Adeyemi,Nigeria,Teacher,Crypto Wallet,0,35,Medium,0.48,1.0
101134,Yuki Okonkwo,Mexico,Doctor,Credit Card,0,25,Medium,0.46,5.91
101135,Aisha Andersson,United States,Import/Export Trader,Current Account,0,20,Low,0.46,5.49
101136,Emma Adeyemi,North Korea,Retail Trader,Private Banking,0,80,High,0.48,4.87
101137,Wei Al-Sayed,United States,Jeweller,Current Account,0,25,Medium,0.77,1.0
101138,Tariq Cole,Germany,Software Engineer,Current Account,0,0,Low,0.67,0.9
101139,Rajesh Bello,Australia,Software Engineer,Savings Account,0,0,Low,0.4,1.0
101140,Kenji Al-Sayed,Japan,Retail Trader,Fixed Deposit,0,55,Medium,0.71,5.83
101141,Hassan Fitzgerald,France,Retail Trader,Savings Account,0,20,Low,0.53,3.45
101142,Aisha Brown,United Kingdom,Money Service Business,Personal Loan,0,45,Medium,0.43,1.0
101143,Thomas Andersson,Canada,Import/Export Trader,Savings Account,0,10,Low,0.43,4.45
101144,Mohammed Haddad,France,Real Estate Agent,Savings Account,0,20,Low,0.67,1.2
101145,Sara Mbeki,Kenya,Jeweller,Savings Account,0,35,Medium,0.33,1.2
101146,Ivan Patel,Brazil,Civil Servant,Personal Loan,0,35,Medium,0.67,1.2
101147,Dmitri Mbeki,Turkey,Software Engineer,Savings Account,0,25,Medium,0.64,5.77
101148,Hassan Chen,Germany,Retail Trader,Private Banking,0,30,Medium,0.57,1.2
101149,Yuki Dubois,Germany,Accountant,Trade Finance,0,20,Low,0.35,0.9
101150,Noah Bello,United States,Car Dealer,Private Banking,0,30,Medium,0.43,1.0
101151,James Okonkwo,India,Software Engineer,Savings Account,0,15,Low,0.54,1.0
101152,Kwame Andersson,Netherlands,Real Estate Agent,Savings Account,0,10,Low,0.38,1.2
101153,Elena Okonkwo,Afghanistan,Arms Dealer,Current Account,0,65,High,0.69,1.0
101154,Benjamin Johnson,France,Money Service Business,Current Account,0,35,Medium,0.41,2.81
101155,Carlos Osei,China,Real Estate Agent,International Wire Transfers,1,80,High,0.42,1.0
101156,Elena Rossi,Netherlands,Money Service Business,Personal Loan,0,45,Medium,0.58,0.9
101157,Tariq Chen,Sweden,Teacher,Fixed Deposit,0,10,Low,0.58,4.26
101158,Kenji Volkov,United Kingdom,Doctor,Private Banking,0,35,Medium,0.72,4.77
101159,Omar Petrov,Germany,Teacher,Current Account,0,0,Low,0.78,6.77
101160,Rajesh Chen,France,Real Estate Agent,Current Account,0,35,Medium,0.29,1.0
101161,Ivan Mbeki,Mexico,Precious Metals Dealer,Savings Account,1,65,High,0.57,0.9
101162,Tariq Hall,China,Retail Trader,Fixed Deposit,0,35,Medium,0.67,1.0
101163,Elena Reddy,Germany,Retail Trader,Fixed Deposit,0,35,Medium,0.5,0.9
101164,Nadia Brown,Japan,Retail Trader,Fixed Deposit,0,10,Low,0.52,0.9
101165,Dmitri Nakamoto,Nigeria,Doctor,Savings Account,0,15,Low,0.74,1.2
101166,Liam Kowalski,Turkey,Accountant,Current Account,0,25,Medium,0.46,1.0
101167,Sofia Brown,Sweden,Money Service Business,Crypto Wallet,0,55,Medium,0.45,6.8
101168,Tariq Johnson,Japan,Casino Operator,Current Account,0,35,Medium,0.52,4.64
101169,Grace Chen,North Korea,Accountant,Savings Account,0,50,Medium,0.3,5.98
101170,Grace Johnson,India,Teacher,Savings Account,0,25,Medium,0.38,8.41
101171,Thomas Kowalski,United Kingdom,Car Dealer,Current Account,0,25,Medium,0.5,1.0
101172,Hassan Wang,Japan,Teacher,Private Banking,0,45,Medium,0.57,5.27
101173,Priya Yilmaz,Nigeria,Jeweller,Fixed Deposit,0,25,Medium,0.33,1.0
101174,Aisha Andersson,Netherlands,Nurse,Credit Card,1,35,Medium,0.46,0.9
101175,Noah Petrov,United Kingdom,Casino Operator,Current Account,0,55,Medium,0.73,1.0
101176,Amara Johnson,United Kingdom,Cash-Intensive Business,Current Account,0,25,Medium,0.39,2.64
101177,Omar Johnson,Turkey,Real Estate Agent,Current Account,0,25,Medium,0.48,1.0
101178,Noah Okonkwo,Nigeria,Teacher,Fixed Deposit,0,25,Medium,0.48,1.0
101179,Ivan Sokolov,China,Import/Export Trader,Personal Loan,0,45,Medium,0.72,8.42
101180,Aisha Fitzgerald,Canada,Retail Trader,Credit Card,0,30,Medium,0.43,1.2
101181,Oluwaseun Yilmaz,Australia,Retail Trader,International Wire Transfers,0,30,Medium,0.36,3.92
101182,Ravi Mbeki,United Kingdom,Precious Metals Dealer,Current Account,0,35,Medium,0.35,1.0
101183,Fatima Wang,Germany,Nurse,Credit Card,0,20,Low,0.43,0.9
101184,Kenji Volkov,Germany,Import/Export Trader,Current Account,0,20,Low,0.72,3.31
101185,James Al-Sayed,Canada,Civil Servant,Fixed Deposit,0,0,Low,0.74,8.35
101186,James Khan,India,Accountant,Credit Card,0,25,Medium,0.37,1.0
101187,Ingrid Nguyen,United States,Import/Export Trader,Savings Account,0,20,Low,0.37,1.2
101188,Kwame Okafor,Germany,Jeweller,Current Account,1,45,Medium,0.48,4.68
101189,Wei Nakamoto,Nigeria,Retail Trader,Crypto Wallet,0,55,Medium,0.83,3.46
101190,Elena Brown,Ireland,Retail Trader,Current Account,0,10,Low,0.58,1.0
101191,Sofia Adeyemi,Mexico,Import/Export Trader,Current Account,0,35,Medium,0.46,1.0
101192,Sergei Nakamoto,Sweden,Nurse,Credit Card,0,10,Low,0.74,1.0
101193,Ravi Haddad,Japan,Nurse,Current Account,0,10,Low,0.78,1.0
101194,Nadia Muller,Australia,Retail Trader,Current Account,0,10,Low,0.5,0.9
101195,Chloe Sokolov,Nigeria,Real Estate Agent,Personal Loan,0,45,Medium,0.69,0.9
101196,Carlos Fitzgerald,China,Real Estate Agent,Credit Card,0,45,Medium,0.4,0.9
101197,Elena Wang,India,Teacher,International Wire Transfers,0,35,Medium,0.61,1.0
101198,Sara Bello,South Africa,Car Dealer,Savings Account,0,25,Medium,0.43,3.77
101199,Mary Haddad,United Kingdom,Civil Servant,Current Account,0,10,Low,0.7,5.0
101200,Priya Dubois,Russia,Accountant,Savings Account,0,50,Medium,0.34,1.2
101201,Nadia Ivanov,United Kingdom,Software Engineer,Credit Card,0,10,Low,0.64,0.9
101202,Emma Patel,Germany,Money Service Business,Personal Loan,0,65,High,0.43,2.83
101203,Kenji Okafor,Netherlands,Accountant,Savings Account,0,10,Low,0.48,0.9
101204,Nadia Smith,Japan,Retail Trader,Savings Account,0,20,Low,0.61,4.03
101205,Chen Ivanov,United States,Accountant,Current Account,0,0,Low,0.67,1.0
101206,Ravi Dubois,United Kingdom,Software Engineer,Fixed Deposit,0,10,Low,0.36,9.3
101207,Rajesh Nakamoto,United States,Teacher,Personal Loan,0,20,Low,0.67,0.9
101208,Mohammed Nakamura,Mexico,Jeweller,Savings Account,0,35,Medium,0.69,1.0
101209,Mary Khan,Mexico,Car Dealer,Trade Finance,0,55,Medium,0.38,1.0
101210,Oluwaseun Sokolov,Australia,Arms Dealer,Credit Card,0,35,Medium,0.65,0.9
101211,Liam Petrov,Mexico,Accountant,International Wire Transfers,0,45,Medium,0.82,9.42
101212,Fatima Reddy,India,Doctor,Current Account,0,15,Low,0.5,1.2
101213,Ivan Yilmaz,Brazil,Accountant,Current Account,0,40,Medium,0.45,1.0
101214,James Kowalski,Japan,Precious Metals Dealer,Current Account,0,25,Medium,0.5,1.0
101215,Sergei Patel,South Africa,Accountant,Trade Finance,0,45,Medium,0.64,0.9
101216,Mohammed Rossi,United States,Software Engineer,Savings Account,0,20,Low,0.75,0.9
101217,Ingrid Muller,United Kingdom,Casino Operator,Current Account,0,25,Medium,0.4,1.0
101218,Noah Ivanov,United States,Civil Servant,Private Banking,0,30,Medium,0.58,0.9
101219,Sara Bello,India,Software Engineer,Savings Account,0,15,Low,0.43,0.9
101220,Chloe Sokolov,Canada,Retail Trader,Current Account,0,25,Medium,0.69,1.0
101221,Sara Nakamoto,United Kingdom,Real Estate Agent,Credit Card,0,45,Medium,0.72,1.0
101222,Thomas Nakamoto,United States,Nurse,Savings Account,0,25,Medium,0.74,4.27
101223,Nadia Petrov,Ireland,Accountant,Current Account,0,10,Low,0.7,1.0
101224,Elena Osei,Mexico,Retail Trader,Personal Loan,0,35,Medium,0.61,1.0
101225,Mei Haddad,United Kingdom,Car Dealer,Credit Card,0,20,Low,0.73,1.0
101226,Nadia Okafor,Brazil,Software Engineer,Personal Loan,1,50,Medium,0.58,8.64
101227,Mei Cole,United Kingdom,Civil Servant,Personal Loan,0,20,Low,0.48,1.0
101228,Oluwaseun Haddad,Kenya,Civil Servant,Savings Account,0,15,Low,0.67,6.34
101229,Emma Okonkwo,United Kingdom,Nurse,Personal Loan,0,20,Low,0.48,4.52
101230,Noah Rossi,Turkey,Software Engineer,Credit Card,0,35,Medium,0.38,2.83
101231,Liam Muller,Turkey,Retail Trader,Crypto Wallet,0,55,Medium,0.45,0.9
101232,Grace Wang,Germany,Teacher,Current Account,0,10,Low,0.43,4.54
101233,Lucas Haddad,India,Civil Servant,International Wire Transfers,0,35,Medium,0.69,4.38
101234,Adebayo Kowalski,India,Retail Trader,Personal Loan,0,45,Medium,0.41,3.33
101235,Benjamin Cole,United Kingdom,Cash-Intensive Business,International Wire Transfers,0,55,Medium,0.46,1.0
101236,Nadia Chen,United States,Software Engineer,Current Account,0,25,Medium,0.64,1.2
101237,Tariq Kimura,France,Car Dealer,International Wire Transfers,0,40,Medium,0.54,1.0
101238,Ravi Kimura,United States,Jeweller,Savings Account,0,20,Low,0.42,5.32
101239,Sofia Okafor,Germany,Retail Trader,Current Account,0,10,Low,0.42,8.42
101240,Dmitri Wang,Japan,Retail Trader,Savings Account,0,10,Low,0.58,1.0
101241,Fatima Kowalski,Germany,Precious Metals Dealer,Credit Card,0,45,Medium,0.43,9.4
101242,Mei Reddy,Australia,Teacher,Savings Account,0,10,Low,0.38,4.51
101243,Mohammed Ivanov,Canada,Real Estate Agent,Fixed Deposit,0,20,Low,0.61,0.9
101244,Zara Reddy,Canada,Teacher,Crypto Wallet,0,30,Medium,0.45,6.19
101245,Kwame Cole,Canada,Real Estate Agent,Trade Finance,0,30,Medium,0.36,1.2
101246,Ingrid Sokolov,UAE,Doctor,Credit Card,0,35,Medium,0.79,4.89
101247,Adebayo Chen,Germany,Accountant,Private Banking,0,30,Medium,0.42,1.0
101248,Amara Reddy,Japan,Teacher,Current Account,0,10,Low,0.5,1.0
101249,Emma Mbeki,France,Doctor,Crypto Wallet,0,30,Medium,0.35,1.2
101250,Oluwaseun Sokolov,Germany,Teacher,Savings Account,0,25,Medium,0.65,1.2
101251,Emma Fitzgerald,Nigeria,Retail Trader,Personal Loan,0,45,Medium,0.43,5.92
101252,Mohammed Volkov,United Kingdom,Real Estate Agent,International Wire Transfers,0,40,Medium,0.61,3.95
101253,Elena Brown,Mexico,Accountant,Trade Finance,0,45,Medium,0.58,1.2
101254,Wei Volkov,United States,Doctor,Personal Loan,0,20,Low,0.7,0.9
101255,Benjamin Chen,Canada,Cash-Intensive Business,Current Account,0,35,Medium,0.4,3.28
101256,Omar Muller,Australia,Software Engineer,Fixed Deposit,0,10,Low,0.58,1.2
101257,Elena Cole,Sweden,Accountant,Personal Loan,0,20,Low,0.7,4.26
101258,Chen Reddy,United Kingdom,Car Dealer,Crypto Wallet,0,60,High,0.37,4.43
101259,Mary Ivanov,Brazil,Cash-Intensive Business,Credit Card,0,60,High,0.67,1.2
101260,Emma Bello,Germany,Car Dealer,Current Account,0,20,Low,0.43,1.0
101261,Chloe Kimura,France,Jeweller,Current Account,0,20,Low,0.33,1.0
101262,Lucas Cole,UAE,Jeweller,Savings Account,0,25,Medium,0.43,9.24
101263,Sergei Smith,United States,Jeweller,Fixed Deposit,0,35,Medium,0.64,1.2
101264,Kwame Okafor,France,Accountant,Current Account,0,0,Low,0.48,1.2
101265,Noah Bello,Germany,Software Engineer,Private Banking,0,20,Low,0.43,1.0
101266,Emma Brown,United Kingdom,Car Dealer,Fixed Deposit,0,25,Medium,0.35,1.0
101267,Yuki Andersson,Germany,Software Engineer,Personal Loan,0,20,Low,0.48,1.0
101268,Ingrid Mbeki,Germany,Car Dealer,Current Account,0,10,Low,0.4,1.2
101269,Liam Haddad,Germany,Precious Metals Dealer,Fixed Deposit,0,35,Medium,0.78,5.47
101270,Tariq Patel,Canada,Teacher,Credit Card,0,10,Low,0.64,1.0
101271,Sofia Silva,United States,Accountant,Private Banking,0,30,Medium,0.5,1.0
101272,Nadia Chen,Myanmar,Jeweller,Fixed Deposit,0,60,High,0.64,1.0
101273,Mary Ivanov,Sweden,Jeweller,Trade Finance,0,40,Medium,0.67,0.9
101274,Mei Rossi,United States,Casino Operator,Fixed Deposit,0,35,Medium,0.36,1.0
101275,Mary Dubois,United States,Accountant,Current Account,0,0,Low,0.42,1.2
101276,Sofia Al-Sayed,Japan,Accountant,Personal Loan,0,20,Low,0.81,1.0
101277,Wei Lindqvist,Mexico,Software Engineer,International Wire Transfers,0,45,Medium,0.46,1.0
101278,Benjamin Al-Sayed,Nigeria,Doctor,Savings Account,1,60,High,0.71,0.9
101279,Chloe Hall,United Kingdom,Money Service Business,Savings Account,0,45,Medium,0.35,1.0
101280,Priya Mbeki,Germany,Software Engineer,Savings Account,0,10,Low,0.35,1.0
101281,Rajesh Reddy,United States,Civil Servant,International Wire Transfers,0,20,Low,0.4,1.0
101282,Tariq Andersson,Mexico,Civil Servant,Savings Account,0,15,Low,0.55,1.0
101283,Benjamin Mbeki,Netherlands,Jeweller,Savings Account,0,20,Low,0.37,1.2
101284,James Nakamura,United States,Software Engineer,Fixed Deposit,0,30,Medium,0.54,0.9
101285,Sara Mbeki,Netherlands,Car Dealer,International Wire Transfers,0,30,Medium,0.33,6.26
101286,Hassan Wang,Russia,Jeweller,Crypto Wallet,0,70,High,0.57,1.0
101287,Zara Chen,South Africa,Accountant,Private Banking,0,60,High,0.38,1.2
101288,Kwame Lindqvist,Canada,Software Engineer,Current Account,0,10,Low,0.42,0.9
101289,Aisha Volkov,United Kingdom,Retail Trader,Credit Card,0,30,Medium,0.64,1.0
101290,Grace Smith,United States,Retail Trader,Personal Loan,0,20,Low,0.33,0.9
101291,Mary Bello,Japan,Retail Trader,Savings Account,0,35,Medium,0.43,1.0
101292,Grace Patel,Turkey,Software Engineer,Savings Account,1,50,Medium,0.36,4.4
101293,Mei Lindqvist,Germany,Precious Metals Dealer,Personal Loan,0,45,Medium,0.46,3.24
101294,Chen Yilmaz,Germany,Accountant,Credit Card,0,20,Low,0.42,3.77
101295,Sara Nakamura,Japan,Civil Servant,Savings Account,0,10,Low,0.48,1.0
101296,Priya Nakamura,China,Casino Operator,Personal Loan,0,50,Medium,0.54,0.9
101297,Ingrid Smith,China,Software Engineer,Credit Card,0,25,Medium,0.33,4.74
101298,Priya Bello,United Kingdom,Real Estate Agent,Current Account,0,10,Low,0.5,1.0
101299,Chloe Al-Sayed,UAE,Car Dealer,Fixed Deposit,0,25,Medium,0.74,1.0
101300,Ingrid Smith,Japan,Teacher,Current Account,0,0,Low,0.33,1.0
101301,Adebayo Cole,China,Nurse,Savings Account,0,15,Low,0.4,7.53
101302,Sara Hall,Myanmar,Doctor,Fixed Deposit,0,40,Medium,0.48,0.9
101303,Lucas Khan,Russia,Arms Dealer,Personal Loan,0,75,High,0.44,1.2
101304,Oluwaseun Nguyen,Turkey,Nurse,Savings Account,0,15,Low,0.34,0.9
101305,Sofia Cole,Canada,Car Dealer,Savings Account,0,10,Low,0.35,1.0
101306,Carlos Volkov,Japan,Accountant,Crypto Wallet,0,20,Low,0.62,1.2
101307,Oluwaseun Volkov,South Africa,Nurse,Savings Account,0,40,Medium,0.62,5.06
101308,Sofia Khan,China,Money Service Business,Savings Account,0,40,Medium,0.45,1.0
101309,Emma Okonkwo,Japan,Car Dealer,Savings Account,0,10,Low,0.48,1.0
101310,Rajesh Ivanov,Australia,Teacher,Current Account,0,0,Low,0.69,3.06
101311,Adebayo Nakamoto,Mexico,Nurse,Savings Account,0,15,Low,0.64,1.0
101312,Mary Hall,Syria,Doctor,International Wire Transfers,1,110,High,0.55,5.57
101313,Ravi Johnson,North Korea,Car Dealer,Credit Card,0,60,High,0.4,0.9
101314,Ravi Petrov,Australia,Nurse,Personal Loan,0,20,Low,0.78,1.0
101315,Chloe Kowalski,Canada,Real Estate Agent,Trade Finance,0,40,Medium,0.44,5.69
101316,Kwame Brown,Germany,Precious Metals Dealer,Crypto Wallet,0,45,Medium,0.36,1.0
101317,Sergei Johnson,Nigeria,Nurse,Current Account,0,25,Medium,0.64,1.0
101318,Kenji Okonkwo,South Africa,Nurse,Current Account,1,50,Medium,0.52,1.0
101319,Mei Lindqvist,Canada,Civil Servant,Savings Account,0,0,Low,0.46,4.95
101320,Kwame Kimura,Russia,Civil Servant,Credit Card,0,80,High,0.4,6.41
101321,Ingrid Osei,UAE,Real Estate Agent,Savings Account,0,50,Medium,0.42,5.59
101322,Ingrid Sokolov,India,Software Engineer,Credit Card,0,25,Medium,0.79,3.31
101323,Nadia Hall,Netherlands,Accountant,Savings Account,0,0,Low,0.73,5.32
101324,James Johnson,Nigeria,Software Engineer,Credit Card,0,40,Medium,0.38,1.0
101325,Liam Hall,Sweden,Import/Export Trader,Savings Account,0,20,Low,0.48,5.04
101326,Omar Ivanov,United States,Retail Trader,Savings Account,0,20,Low,0.67,8.56
101327,Mary Patel,United States,Doctor,Private Banking,0,20,Low,0.43,1.0
101328,Elena Chen,China,Retail Trader,Savings Account,0,35,Medium,0.52,9.08
101329,Mohammed Nakamoto,Iran,Software Engineer,Savings Account,0,50,Medium,0.69,1.0
101330,Aisha Kowalski,Ireland,Civil Servant,Crypto Wallet,0,30,Medium,0.43,1.2
101331,Liam Kimura,India,Software Engineer,Credit Card,0,25,Medium,0.42,5.92
101332,Yuki Chen,Germany,Accountant,Fixed Deposit,0,10,Low,0.38,1.2
101333,Elena Muller,Syria,Jeweller,Current Account,0,60,High,0.56,1.0
101334,Amara Khan,Ireland,Civil Servant,Trade Finance,0,45,Medium,0.45,4.55
101335,Amara Petrov,India,Software Engineer,Private Banking,0,45,Medium,0.7,1.0
101336,Sara Kimura,Canada,Nurse,Crypto Wallet,0,30,Medium,0.35,1.0
101337,Lucas Okafor,United States,Civil Servant,International Wire Transfers,0,30,Medium,0.48,1.0
101338,Liam Osei,Ireland,Retail Trader,Personal Loan,0,30,Medium,0.4,1.0
101339,Kwame Cole,Russia,Teacher,Fixed Deposit,0,40,Medium,0.36,1.0
101340,Fatima Reddy,Germany,Software Engineer,Trade Finance,0,30,Medium,0.5,9.88
101341,Hassan Adeyemi,India,Import/Export Trader,Current Account,0,40,Medium,0.58,1.0
101342,Lucas Andersson,UAE,Car Dealer,Trade Finance,0,55,Medium,0.38,1.0
101343,Omar Okonkwo,Nigeria,Accountant,International Wire Transfers,0,35,Medium,0.54,7.3
101344,Hassan Wang,United Kingdom,Retail Trader,International Wire Transfers,0,45,Medium,0.57,1.0
101345,Ingrid Johnson,Mexico,Software Engineer,International Wire Transfers,0,45,Medium,0.44,0.9
101346,Yuki Sokolov,United Kingdom,Software Engineer,Personal Loan,1,45,Medium,0.69,3.81
101347,Chen Lindqvist,Turkey,Software Engineer,Savings Account,1,70,High,0.38,5.36
101348,Tariq Khan,Nigeria,Money Service Business,Savings Account,0,50,Medium,0.58,1.0
101349,Ingrid Kimura,United States,Nurse,Credit Card,0,10,Low,0.38,1.0
101350,Adebayo Yilmaz,Ireland,Teacher,Current Account,0,0,Low,0.38,1.2
101351,Amara Andersson,Australia,Doctor,Crypto Wallet,0,45,Medium,0.43,5.34
101352,Thomas Smith,Japan,Civil Servant,Current Account,0,10,Low,0.34,0.9
101353,Kwame Hall,China,Casino Operator,Personal Loan,0,60,High,0.43,1.0
101354,Aisha Haddad,Russia,Cash-Intensive Business,Credit Card,0,85,High,0.83,1.0
101355,Dmitri Kimura,China,Software Engineer,International Wire Transfers,0,45,Medium,0.62,1.2
101356,Ivan Fitzgerald,Japan,Car Dealer,Credit Card,0,20,Low,0.54,1.0
101357,Ingrid Okonkwo,Japan,Teacher,Fixed Deposit,0,0,Low,0.57,1.0
101358,Mei Haddad,United Kingdom,Nurse,Private Banking,0,20,Low,0.73,1.0
101359,Hassan Yilmaz,Mexico,Software Engineer,Credit Card,0,35,Medium,0.53,1.2
101360,Ingrid Petrov,Canada,Import/Export Trader,Personal Loan,0,35,Medium,0.75,1.0
101361,Priya Patel,Canada,Import/Export Trader,Savings Account,0,10,Low,0.45,1.0
101362,Ravi Wang,United Kingdom,Doctor,Savings Account,0,10,Low,0.45,1.0
101363,Ingrid Petrov,China,Casino Operator,Personal Loan,1,85,High,0.75,8.03
101364,Amara Nakamoto,Canada,Software Engineer,Current Account,0,10,Low,0.77,1.0
101365,Thomas Okafor,Canada,Teacher,Savings Account,0,10,Low,0.4,1.0
101366,Ivan Khan,Canada,Jeweller,Savings Account,0,10,Low,0.5,4.72
101367,Grace Nakamoto,India,Civil Servant,Savings Account,0,25,Medium,0.69,1.0
101368,Ravi Khan,Germany,Retail Trader,Fixed Deposit,0,20,Low,0.48,2.86
101369,Chloe Mbeki,Nigeria,Teacher,Savings Account,0,15,Low,0.25,0.9
101370,Mary Reddy,United States,Software Engineer,Savings Account,0,10,Low,0.52,6.97
101371,Chen Petrov,China,Casino Operator,Savings Account,0,50,Medium,0.73,1.0
101372,Kwame Hall,Nigeria,Civil Servant,International Wire Transfers,0,45,Medium,0.43,9.25
101373,Grace Hall,Canada,Software Engineer,Personal Loan,0,20,Low,0.36,1.0
101374,Kwame Muller,Germany,Software Engineer,Crypto Wallet,0,40,Medium,0.4,0.9
101375,Priya Nakamura,United States,Teacher,Fixed Deposit,0,10,Low,0.54,1.0
101376,Mary Khan,United Kingdom,Car Dealer,Current Account,0,20,Low,0.38,1.2
101377,Tariq Lindqvist,India,Civil Servant,Savings Account,0,25,Medium,0.55,9.79
101378,Lucas Andersson,India,Car Dealer,Fixed Deposit,1,60,High,0.38,1.0
101379,Hassan Yilmaz,Turkey,Civil Servant,Savings Account,0,25,Medium,0.53,1.0
101380,Mary Nguyen,Kenya,Accountant,Current Account,0,25,Medium,0.5,1.0
101381,Rajesh Yilmaz,UAE,Civil Servant,Current Account,0,25,Medium,0.32,1.2
101382,Sergei Osei,Germany,Software Engineer,International Wire Transfers,0,30,Medium,0.67,1.0
101383,Ingrid Bello,Canada,Money Service Business,Personal Loan,0,35,Medium,0.48,1.0
101384,Mei Johnson,Japan,Teacher,Savings Account,0,15,Low,0.42,1.0
101385,Kenji Ivanov,Turkey,Nurse,Private Banking,0,45,Medium,0.72,8.94
101386,Priya Nguyen,Brazil,Casino Operator,Fixed Deposit,0,50,Medium,0.41,1.0
101387,Mohammed Andersson,Kenya,Civil Servant,Fixed Deposit,0,25,Medium,0.61,0.9
101388,Nadia Wang,India,Teacher,Private Banking,0,60,High,0.64,9.53
101389,Fatima Al-Sayed,United Kingdom,Doctor,Private Banking,0,20,Low,0.79,1.0
101390,Omar Mbeki,UAE,Doctor,International Wire Transfers,0,45,Medium,0.52,1.0
101391,Liam Nakamoto,United States,Retail Trader,Private Banking,0,30,Medium,0.88,0.9
101392,Mohammed Yilmaz,Myanmar,Money Service Business,Credit Card,0,85,High,0.61,1.2
101393,Ravi Osei,Brazil,Accountant,International Wire Transfers,0,35,Medium,0.36,7.96
101394,Rajesh Lindqvist,Canada,Real Estate Agent,Credit Card,0,50,Medium,0.35,4.4
101395,Noah Adeyemi,Japan,Software Engineer,Credit Card,0,20,Low,0.48,3.43
101396,Aisha Bello,Nigeria,Doctor,Savings Account,1,50,Medium,0.43,8.44
101397,Dmitri Khan,Australia,Civil Servant,Current Account,0,10,Low,0.67,2.87
101398,Tariq Patel,United Kingdom,Accountant,Current Account,0,10,Low,0.64,1.0
101399,Adebayo Sokolov,Netherlands,Nurse,Current Account,0,30,Medium,0.71,0.9
101400,Grace Al-Sayed,Mexico,Precious Metals Dealer,Savings Account,0,50,Medium,0.74,0.9
101401,Dmitri Wang,France,Car Dealer,Fixed Deposit,0,20,Low,0.58,1.0
101402,Zara Nakamura,Germany,Teacher,Savings Account,0,0,Low,0.48,1.0
101403,Amara Okafor,South Africa,Precious Metals Dealer,Savings Account,0,40,Medium,0.48,0.9
101404,Elena Ivanov,Australia,Jeweller,Crypto Wallet,0,40,Medium,0.72,1.0
101405,Noah Nakamoto,Japan,Nurse,Fixed Deposit,0,10,Low,0.72,6.03
101406,Zara Chen,United States,Retail Trader,Credit Card,0,30,Medium,0.38,1.2
101407,Dmitri Sokolov,Brazil,Nurse,Crypto Wallet,0,45,Medium,1.0,1.0
101408,Chen Andersson,United States,Real Estate Agent,Current Account,0,10,Low,0.4,1.2
101409,Elena Nakamura,Mexico,Doctor,Crypto Wallet,0,55,Medium,0.52,0.9
101410,Aisha Kowalski,Nigeria,Nurse,Savings Account,0,25,Medium,0.43,2.14
101411,Mary Khan,France,Teacher,Personal Loan,0,20,Low,0.38,0.9
101412,Amara Nakamura,Germany,Nurse,Credit Card,0,20,Low,0.54,1.0
101413,Tariq Petrov,France,Arms Dealer,Fixed Deposit,0,25,Medium,0.75,1.0
101414,Noah Kowalski,United Kingdom,Software Engineer,Current Account,0,10,Low,0.46,1.2
101415,Yuki Adeyemi,France,Real Estate Agent,Private Banking,0,55,Medium,0.42,1.0
101416,Sofia Brown,Canada,Jeweller,Current Account,0,20,Low,0.45,4.76
101417,Amara Johnson,Nigeria,Nurse,Current Account,0,25,Medium,0.39,8.48
101418,Carlos Al-Sayed,United Kingdom,Import/Export Trader,International Wire Transfers,1,65,High,0.79,1.2
101419,Ravi Nguyen,Canada,Nurse,Savings Account,0,10,Low,0.43,4.54
101420,Tariq Cole,Germany,Software Engineer,Personal Loan,0,20,Low,0.67,1.0
101421,Elena Wang,Germany,Doctor,Savings Account,0,10,Low,0.61,7.0
101422,Omar Haddad,United Kingdom,Teacher,Current Account,0,10,Low,0.7,5.43
101423,Wei Al-Sayed,United Kingdom,Teacher,Current Account,0,10,Low,0.77,1.0
101424,Aisha Yilmaz,Nigeria,Casino Operator,International Wire Transfers,0,60,High,0.42,3.53
101425,Priya Kowalski,United States,Teacher,Fixed Deposit,0,0,Low,0.44,5.95
101426,Kenji Adeyemi,India,Accountant,Current Account,0,25,Medium,0.37,0.9
101427,Noah Nguyen,United Kingdom,Accountant,Private Banking,0,20,Low,0.42,3.36
101428,Mary Muller,United Kingdom,Car Dealer,Current Account,0,20,Low,0.42,0.9
101429,Emma Osei,France,Doctor,Current Account,0,10,Low,0.45,1.0
101430,Aisha Smith,Canada,Civil Servant,Personal Loan,0,10,Low,0.43,0.9
101431,Ravi Rossi,India,Jeweller,International Wire Transfers,0,55,Medium,0.45,8.8
101432,Zara Nguyen,United Kingdom,Software Engineer,Current Account,0,0,Low,0.42,0.9
101433,Thomas Al-Sayed,Netherlands,Retail Trader,Savings Account,0,20,Low,0.86,4.08
101434,Adebayo Rossi,China,Car Dealer,Credit Card,0,45,Medium,0.39,6.14
101435,Mary Adeyemi,Kenya,Retail Trader,Current Account,0,25,Medium,0.56,1.0
101436,Kwame Nakamura,Iran,Accountant,Savings Account,0,55,Medium,0.62,1.0
101437,Priya Hall,United Kingdom,Teacher,Current Account,0,0,Low,0.45,1.0
101438,Adebayo Yilmaz,France,Doctor,International Wire Transfers,0,20,Low,0.38,4.13
101439,Carlos Khan,United Kingdom,Car Dealer,Current Account,0,10,Low,0.43,1.0
101440,Grace Al-Sayed,UAE,Retail Trader,International Wire Transfers,0,55,Medium,0.74,0.9
101441,Priya Khan,Canada,Cash-Intensive Business,Savings Account,0,35,Medium,0.45,8.21
101442,Mary Osei,United Kingdom,Nurse,Credit Card,0,10,Low,0.45,2.68
101443,Aisha Nakamoto,United States,Accountant,Personal Loan,0,20,Low,0.77,0.9
101444,Fatima Ivanov,Germany,Doctor,Current Account,0,10,Low,0.62,1.2
101445,Thomas Wang,Panama,Nurse,Credit Card,0,60,High,0.42,1.2
101446,Aisha Petrov,Russia,Jeweller,Current Account,0,60,High,0.75,0.9
101447,Elena Fitzgerald,Mexico,Car Dealer,Savings Account,0,50,Medium,0.48,1.0
101448,Dmitri Rossi,Brazil,Retail Trader,Trade Finance,0,55,Medium,0.64,7.72
101449,Kwame Khan,Australia,Arms Dealer,Fixed Deposit,0,35,Medium,0.37,6.21
101450,Adebayo Wang,UAE,Teacher,Personal Loan,0,25,Medium,0.42,0.9
101451,Mei Dubois,Nigeria,Car Dealer,Current Account,0,25,Medium,0.36,0.9
101452,Adebayo Dubois,Netherlands,Teacher,Current Account,0,0,Low,0.38,0.9
101453,Mary Yilmaz,UAE,Software Engineer,Crypto Wallet,0,45,Medium,0.33,1.2
101454,Carlos Chen,Japan,Import/Export Trader,Current Account,0,20,Low,0.42,1.0
101455,Priya Brown,Germany,Import/Export Trader,Credit Card,0,20,Low,0.43,1.0
101456,Fatima Chen,India,Doctor,Trade Finance,0,45,Medium,0.43,1.2
101457,Carlos Bello,Germany,Civil Servant,Credit Card,0,35,Medium,0.42,0.9
101458,Aisha Sokolov,Nigeria,Doctor,Crypto Wallet,0,45,Medium,0.69,1.0
101459,Ivan Haddad,Turkey,Teacher,Private Banking,1,60,High,0.78,1.0
101460,Sofia Haddad,Ireland,Civil Servant,Fixed Deposit,0,10,Low,0.75,1.0
101461,Hassan Nakamura,United Kingdom,Software Engineer,International Wire Transfers,0,30,Medium,0.56,1.0
101462,Mei Cole,Nigeria,Import/Export Trader,Fixed Deposit,0,25,Medium,0.48,2.42
101463,Grace Bello,Canada,Accountant,Credit Card,0,10,Low,0.42,2.8
101464,James Chen,Nigeria,Teacher,Personal Loan,0,35,Medium,0.36,1.2
101465,Adebayo Kimura,United States,Civil Servant,Personal Loan,0,35,Medium,0.38,1.0
101466,Rajesh Johnson,Afghanistan,Nurse,Personal Loan,0,60,High,0.37,1.0
101467,Kwame Khan,China,Software Engineer,Savings Account,0,15,Low,0.37,1.0
101468,Thomas Andersson,United Kingdom,Arms Dealer,Private Banking,0,45,Medium,0.43,0.9
101469,Benjamin Hall,Canada,Money Service Business,Savings Account,0,35,Medium,0.48,0.9
101470,Amara Cole,United Kingdom,Doctor,Crypto Wallet,0,20,Low,0.52,9.37
101471,Thomas Nakamoto,Nigeria,Money Service Business,International Wire Transfers,0,70,High,0.74,1.2
101472,Sergei Nguyen,United Kingdom,Retail Trader,International Wire Transfers,0,55,Medium,0.62,1.2
101473,Tariq Patel,Australia,Software Engineer,Savings Account,0,10,Low,0.64,1.0
101474,Ravi Bello,Turkey,Teacher,Savings Account,0,45,Medium,0.52,1.0
101475,Mary Volkov,Canada,Software Engineer,Savings Account,0,10,Low,0.75,3.34
101476,Ivan Sokolov,Germany,Civil Servant,Private Banking,0,30,Medium,0.72,7.89
101477,Noah Sokolov,Netherlands,Import/Export Trader,Current Account,0,10,Low,0.72,4.29
101478,Ivan Khan,Afghanistan,Accountant,Current Account,0,50,Medium,0.5,6.48
101479,Noah Smith,United States,Car Dealer,Credit Card,0,20,Low,0.35,4.19
101480,Chloe Andersson,France,Money Service Business,Fixed Deposit,0,35,Medium,0.38,1.0
101481,Kwame Muller,North Korea,Nurse,Personal Loan,0,60,High,0.4,1.2
101482,Chen Kimura,India,Import/Export Trader,Crypto Wallet,0,55,Medium,0.42,2.79
101483,Oluwaseun Nguyen,Canada,Real Estate Agent,Current Account,0,10,Low,0.34,1.0
101484,Chloe Osei,Panama,Accountant,Current Account,0,50,Medium,0.29,3.87
101485,Rajesh Mbeki,Brazil,Precious Metals Dealer,Credit Card,0,60,High,0.33,3.29
101486,Hassan Adeyemi,China,Doctor,Crypto Wallet,0,35,Medium,0.58,1.0
101487,Priya Silva,Germany,Retail Trader,Crypto Wallet,0,30,Medium,0.5,1.0
101488,Carlos Lindqvist,Nigeria,Accountant,Savings Account,0,25,Medium,0.34,1.0
101489,James Andersson,Afghanistan,Teacher,Crypto Wallet,0,60,High,0.38,1.0
101490,Yuki Patel,North Korea,Teacher,Credit Card,0,60,High,0.45,5.12
101491,Benjamin Fitzgerald,United States,Car Dealer,Personal Loan,0,40,Medium,0.39,5.25
101492,Yuki Nakamura,Australia,Cash-Intensive Business,Credit Card,0,50,Medium,0.64,9.5
101493,Kenji Hall,India,Doctor,International Wire Transfers,0,35,Medium,0.45,1.0
101494,Sofia Nguyen,United Kingdom,Precious Metals Dealer,Crypto Wallet,0,45,Medium,0.34,4.52
101495,Thomas Osei,Syria,Teacher,Credit Card,0,60,High,0.42,1.2
101496,Lucas Okonkwo,France,Money Service Business,Current Account,1,80,High,0.46,8.72
101497,Liam Brown,Japan,Casino Operator,Personal Loan,0,45,Medium,0.48,1.0
101498,Ingrid Silva,France,Software Engineer,Savings Account,0,10,Low,0.54,0.9
101499,Kenji Okonkwo,Germany,Car Dealer,Fixed Deposit,0,10,Low,0.52,5.0
101500,Elena Andersson,South Africa,Arms Dealer,Crypto Wallet,0,70,High,0.5,1.2
101501,Sergei Sokolov,Russia,Doctor,Credit Card,0,60,High,1.0,1.2
101502,Kenji Okonkwo,Germany,Accountant,Fixed Deposit,0,10,Low,0.52,1.0
101503,Noah Sokolov,Brazil,Software Engineer,Savings Account,0,40,Medium,0.72,1.0
101504,Elena Chen,Brazil,Accountant,Savings Account,0,35,Medium,0.52,3.18
101505,Mei Okonkwo,Netherlands,Retail Trader,Current Account,1,35,Medium,0.56,9.17
101506,Rajesh Ivanov,Kenya,Teacher,International Wire Transfers,0,45,Medium,0.69,1.2
101507,Aisha Adeyemi,China,Jeweller,Crypto Wallet,0,55,Medium,0.48,1.0
101508,Priya Brown,Myanmar,Money Service Business,Fixed Deposit,0,90,High,0.43,1.2
101509,Nadia Hall,Japan,Import/Export Trader,Personal Loan,0,30,Medium,0.73,1.2
101510,Fatima Mbeki,Mexico,Civil Servant,Savings Account,0,25,Medium,0.33,2.82
101511,Emma Khan,Japan,Nurse,Personal Loan,0,30,Medium,0.45,5.64
101512,Elena Brown,Nigeria,Cash-Intensive Business,Savings Account,0,40,Medium,0.58,1.0
101513,Ravi Wang,France,Real Estate Agent,Private Banking,0,40,Medium,0.45,1.2
101514,Mary Sokolov,United Kingdom,Nurse,International Wire Transfers,0,35,Medium,0.77,1.0
101515,James Patel,UAE,Jeweller,Savings Account,0,25,Medium,0.36,1.2
101516,Ingrid Chen,UAE,Money Service Business,Current Account,0,50,Medium,0.35,1.0
101517,Kwame Chen,India,Software Engineer,Current Account,0,25,Medium,0.36,4.42
101518,Ivan Osei,Netherlands,Teacher,International Wire Transfers,0,50,Medium,0.6,3.29
101519,Carlos Haddad,India,Nurse,Fixed Deposit,0,15,Low,0.67,1.0
101520,Emma Fitzgerald,India,Import/Export Trader,Savings Account,0,35,Medium,0.43,1.0
101521,Carlos Volkov,France,Teacher,International Wire Transfers,0,30,Medium,0.62,1.2
101522,James Reddy,Germany,Doctor,Fixed Deposit,0,25,Medium,0.36,1.2
101523,Oluwaseun Rossi,Japan,Civil Servant,Crypto Wallet,0,20,Low,0.38,1.0
101524,Aisha Khan,Nigeria,Money Service Business,Credit Card,0,60,High,0.52,0.9
101525,Elena Johnson,Russia,Arms Dealer,Savings Account,0,75,High,0.62,1.0
101526,Hassan Adeyemi,China,Teacher,Private Banking,0,45,Medium,0.58,1.0
101527,Sara Okonkwo,United Kingdom,Retail Trader,Personal Loan,0,20,Low,0.54,1.0
101528,Thomas Wang,United States,Arms Dealer,Personal Loan,0,35,Medium,0.42,4.17
101529,Zara Nakamoto,France,Real Estate Agent,Credit Card,0,30,Medium,0.72,1.0
101530,Yuki Okonkwo,Mexico,Civil Servant,International Wire Transfers,0,35,Medium,0.46,7.64
101531,Sara Yilmaz,India,Precious Metals Dealer,Fixed Deposit,0,50,Medium,0.35,5.44
101532,Thomas Petrov,India,Nurse,Credit Card,0,45,Medium,0.72,1.2
101533,Grace Petrov,Brazil,Civil Servant,Current Account,0,15,Low,0.7,0.9
101534,Yuki Andersson,Iran,Import/Export Trader,Savings Account,0,65,High,0.48,4.46
101535,Ravi Mbeki,Ireland,Nurse,International Wire Transfers,0,30,Medium,0.35,1.2
101536,Priya Johnson,United Kingdom,Teacher,Savings Account,0,10,Low,0.38,1.0
101537,Liam Smith,United States,Accountant,International Wire Transfers,0,30,Medium,0.38,1.0
101538,Chen Volkov,Nigeria,Civil Servant,Savings Account,0,25,Medium,0.75,6.56
101539,Amara Ivanov,France,Car Dealer,International Wire Transfers,0,30,Medium,0.64,1.0
101540,Lucas Johnson,Germany,Teacher,International Wire Transfers,0,20,Low,0.38,1.0
101541,Liam Kimura,Germany,Casino Operator,Crypto Wallet,0,55,Medium,0.42,1.0
101542,Zara Volkov,France,Accountant,Current Account,0,10,Low,0.67,5.46
101543,Ravi Hall,South Africa,Nurse,Fixed Deposit,0,25,Medium,0.48,1.0
101544,Chen Silva,Germany,Accountant,Savings Account,0,10,Low,0.52,1.2
101545,Ravi Okonkwo,United Kingdom,Teacher,Crypto Wallet,0,20,Low,0.56,9.26
101546,Hassan Cole,Brazil,Real Estate Agent,Current Account,0,35,Medium,0.5,3.09
101547,Hassan Andersson,Canada,Car Dealer,Savings Account,0,10,Low,0.55,4.46
101548,Nadia Bello,Nigeria,Accountant,Savings Account,0,25,Medium,0.52,1.2
101549,Hassan Volkov,France,Teacher,Current Account,0,10,Low,0.62,6.26
101550,Wei Johnson,Canada,Civil Servant,Current Account,0,0,Low,0.4,8.54
101551,Emma Ivanov,Canada,Accountant,Savings Account,1,25,Medium,0.67,2.6
101552,Sergei Okafor,India,Money Service Business,Private Banking,0,90,High,0.74,1.0
101553,Liam Reddy,Australia,Retail Trader,Savings Account,0,35,Medium,0.45,1.2
101554,Aisha Chen,United Kingdom,Retail Trader,Credit Card,0,20,Low,0.44,1.2
101555,Mei Khan,France,Civil Servant,Credit Card,0,20,Low,0.48,1.0
101556,Mohammed Adeyemi,Germany,Civil Servant,Fixed Deposit,0,10,Low,0.65,1.2
101557,Kenji Reddy,United States,Real Estate Agent,Savings Account,0,10,Low,0.43,1.2
101558,Ravi Okonkwo,India,Car Dealer,Credit Card,0,35,Medium,0.56,4.48
101559,James Osei,Nigeria,Casino Operator,Current Account,0,40,Medium,0.36,1.0
101560,Mohammed Petrov,China,Import/Export Trader,Current Account,0,35,Medium,0.62,1.0
101561,Dmitri Reddy,Turkey,Nurse,Savings Account,0,25,Medium,0.56,0.9
101562,Kenji Rossi,Netherlands,Jeweller,International Wire Transfers,0,40,Medium,0.33,1.2
101563,Mohammed Silva,United States,Software Engineer,Fixed Deposit,0,10,Low,0.69,0.9
101564,Dmitri Fitzgerald,Brazil,Accountant,Credit Card,0,35,Medium,0.53,8.57
101565,Mary Nguyen,United States,Teacher,Savings Account,0,10,Low,0.5,1.0
101566,Yuki Nakamura,Turkey,Arms Dealer,Current Account,0,50,Medium,0.64,4.31
101567,Grace Mbeki,United States,Software Engineer,Personal Loan,0,10,Low,0.33,1.0
101568,Amara Muller,United States,Teacher,Current Account,0,0,Low,0.48,4.06
101569,Thomas Brown,France,Software Engineer,Credit Card,0,10,Low,0.42,0.9
101570,Ingrid Haddad,France,Accountant,Credit Card,0,10,Low,0.64,1.2
101571,Lucas Kowalski,Brazil,Software Engineer,Credit Card,0,25,Medium,0.44,1.2
101572,Kenji Volkov,United Kingdom,Teacher,Savings Account,0,0,Low,0.72,1.0
101573,Tariq Johnson,Nigeria,Nurse,Crypto Wallet,0,35,Medium,0.52,0.9
101574,Wei Johnson,Japan,Money Service Business,International Wire Transfers,0,55,Medium,0.4,1.0
101575,Fatima Lindqvist,United Kingdom,Civil Servant,Savings Account,0,10,Low,0.36,4.11
101576,Tariq Muller,Mexico,Teacher,Current Account,0,15,Low,0.62,1.2
101577,Lucas Petrov,Canada,Import/Export Trader,Trade Finance,0,40,Medium,0.7,0.9
101578,Fatima Sokolov,Germany,Accountant,Credit Card,0,20,Low,0.71,1.0
101579,James Cole,Canada,Teacher,Private Banking,0,30,Medium,0.43,1.2
101580,Noah Chen,United Kingdom,Civil Servant,Savings Account,0,0,Low,0.36,1.0
101581,Liam Okafor,Myanmar,Nurse,International Wire Transfers,0,85,High,0.5,1.0
101582,Kwame Fitzgerald,Brazil,Nurse,Savings Account,0,15,Low,0.41,1.0
101583,Sara Dubois,France,Car Dealer,Personal Loan,0,30,Medium,0.35,1.0
101584,Ravi Cole,France,Doctor,Savings Account,0,10,Low,0.45,4.16
101585,Mohammed Lindqvist,South Africa,Teacher,Credit Card,0,55,Medium,0.67,1.0
101586,Mei Nakamura,Turkey,Jeweller,Personal Loan,0,45,Medium,0.58,3.85
101587,Priya Cole,United States,Software Engineer,Credit Card,0,20,Low,0.43,1.0
101588,Ravi Sokolov,UAE,Teacher,International Wire Transfers,0,50,Medium,0.8,1.0
101589,Kenji Reddy,Nigeria,Real Estate Agent,Savings Account,0,35,Medium,0.43,0.9
101590,Fatima Andersson,United Kingdom,Car Dealer,Private Banking,0,40,Medium,0.44,8.43
101591,Omar Chen,India,Nurse,Credit Card,0,25,Medium,0.55,1.0
101592,Carlos Bello,South Africa,Accountant,International Wire Transfers,0,60,High,0.42,1.0
101593,Chloe Kimura,India,Teacher,Trade Finance,0,35,Medium,0.33,1.2
101594,James Okonkwo,Canada,Accountant,Current Account,0,10,Low,0.54,1.2
101595,Chen Patel,Kenya,Retail Trader,Current Account,0,55,Medium,0.38,1.0
101596,Omar Smith,India,Software Engineer,Current Account,0,15,Low,0.52,1.0
101597,Sara Khan,Kenya,Retail Trader,Fixed Deposit,0,35,Medium,0.48,0.9
101598,Noah Ivanov,Japan,Retail Trader,Private Banking,0,60,High,0.58,0.9
101599,James Okonkwo,United Kingdom,Jeweller,Trade Finance,0,40,Medium,0.54,0.9
101600,Oluwaseun Adeyemi,India,Civil Servant,Crypto Wallet,0,35,Medium,0.41,5.57
101601,Oluwaseun Okafor,Brazil,Precious Metals Dealer,Credit Card,0,50,Medium,0.36,1.0
101602,Oluwaseun Osei,Japan,Software Engineer,Current Account,0,0,Low,0.32,1.0
101603,Yuki Yilmaz,United Kingdom,Accountant,Crypto Wallet,0,40,Medium,0.35,1.0
101604,Sofia Muller,Ireland,Accountant,Current Account,1,35,Medium,0.25,1.0
101605,Amara Andersson,United Kingdom,Nurse,International Wire Transfers,0,20,Low,0.43,0.9
101606,Mohammed Wang,Ireland,Import/Export Trader,Current Account,0,20,Low,0.65,0.9
101607,James Kimura,Canada,Retail Trader,Personal Loan,0,30,Medium,0.4,2.89
101608,Hassan Hall,United Kingdom,Doctor,Savings Account,0,10,Low,0.64,1.0
101609,Ivan Kimura,Japan,Accountant,Savings Account,0,10,Low,0.55,1.0
101610,Noah Johnson,Germany,Accountant,Current Account,0,10,Low,0.32,0.9
101611,Nadia Bello,Japan,Real Estate Agent,Current Account,0,10,Low,0.52,1.0
101612,Rajesh Smith,France,Teacher,Current Account,0,10,Low,0.33,5.38
101613,Amara Chen,Kenya,Retail Trader,Savings Account,0,25,Medium,0.43,1.0
101614,Rajesh Nakamura,Netherlands,Teacher,Savings Account,0,0,Low,0.44,2.24
101615,Liam Al-Sayed,Sweden,Civil Servant,Current Account,0,10,Low,0.77,8.56
101616,Yuki Rossi,Canada,Real Estate Agent,Savings Account,0,10,Low,0.38,1.0
101617,Nadia Hall,Mexico,Civil Servant,Current Account,0,25,Medium,0.73,8.35
101618,Chen Brown,Australia,Doctor,Credit Card,0,10,Low,0.38,2.51
101619,Chloe Haddad,China,Software Engineer,Savings Account,0,25,Medium,0.58,3.44
101620,Amara Johnson,UAE,Retail Trader,Private Banking,0,55,Medium,0.39,0.9
101621,Ivan Kimura,Germany,Money Service Business,Trade Finance,0,45,Medium,0.55,1.2
101622,Wei Fitzgerald,China,Nurse,Savings Account,0,25,Medium,0.37,4.28
101623,Sofia Rossi,Mexico,Teacher,Savings Account,0,25,Medium,0.45,1.2
101624,Zara Hall,India,Software Engineer,Current Account,0,25,Medium,0.48,0.9
101625,Noah Nakamoto,Brazil,Jeweller,Current Account,0,25,Medium,0.72,0.9
101626,Mei Okafor,United States,Money Service Business,Current Account,0,35,Medium,0.52,1.2
101627,Benjamin Johnson,United Kingdom,Casino Operator,Private Banking,0,55,Medium,0.41,1.2
101628,Sara Fitzgerald,Ireland,Teacher,Personal Loan,0,10,Low,0.37,2.1
101629,Ingrid Nakamura,Japan,Import/Export Trader,Current Account,0,10,Low,0.52,0.9
101630,Omar Kimura,Germany,Arms Dealer,Fixed Deposit,0,25,Medium,0.5,1.2
101631,Lucas Fitzgerald,Netherlands,Real Estate Agent,Crypto Wallet,0,30,Medium,0.36,1.0
101632,Fatima Patel,Mexico,Nurse,Private Banking,0,45,Medium,0.42,1.0
101633,Ravi Nakamura,Nigeria,Software Engineer,Private Banking,0,35,Medium,0.56,0.9
101634,Noah Petrov,Netherlands,Retail Trader,Savings Account,0,55,Medium,0.73,1.0
101635,Oluwaseun Kowalski,Russia,Accountant,Current Account,0,50,Medium,0.39,8.68
101636,James Patel,United Kingdom,Retail Trader,Current Account,0,20,Low,0.36,1.0
101637,Omar Rossi,Turkey,Import/Export Trader,Credit Card,0,45,Medium,0.52,1.0
101638,Ivan Cole,United Kingdom,Civil Servant,Fixed Deposit,0,10,Low,0.6,0.9
101639,Kenji Reddy,Iran,Cash-Intensive Business,Savings Account,0,65,High,0.43,1.2
101640,Rajesh Smith,Germany,Software Engineer,Fixed Deposit,1,50,Medium,0.33,2.68
101641,Sara Dubois,Turkey,Doctor,Private Banking,0,35,Medium,0.35,1.0
101642,Wei Adeyemi,Netherlands,Software Engineer,Private Banking,0,45,Medium,0.4,1.0
101643,Amara Fitzgerald,Germany,Doctor,Credit Card,0,20,Low,0.48,3.82
101644,Ivan Okonkwo,Nigeria,Doctor,Fixed Deposit,0,15,Low,0.52,1.0
101645,James Andersson,Sweden,Nurse,Savings Account,0,10,Low,0.38,8.09
101646,Sofia Nguyen,UAE,Accountant,Current Account,0,25,Medium,0.34,1.0
101647,Noah Kimura,Mexico,Real Estate Agent,Credit Card,0,45,Medium,0.35,1.2
101648,Kwame Okonkwo,Japan,Civil Servant,Current Account,1,25,Medium,0.54,1.2
101649,Rajesh Sokolov,Turkey,Doctor,Savings Account,0,25,Medium,0.74,7.64
101650,Carlos Petrov,Ireland,Car Dealer,Fixed Deposit,0,20,Low,0.72,0.9
101651,Hassan Hall,Japan,Casino Operator,Credit Card,0,45,Medium,0.64,4.22
101652,Hassan Muller,Canada,Doctor,Personal Loan,0,20,Low,0.47,1.0
101653,Sergei Kimura,United States,Retail Trader,International Wire Transfers,0,30,Medium,0.69,2.12
101654,Fatima Yilmaz,Ireland,Teacher,Private Banking,0,30,Medium,0.4,1.0
101655,Sofia Johnson,Ireland,Software Engineer,Crypto Wallet,0,30,Medium,0.32,1.0
101656,Lucas Okafor,Japan,Teacher,Current Account,0,10,Low,0.48,4.47
101657,Rajesh Andersson,Australia,Accountant,Savings Account,1,35,Medium,0.41,1.2
101658,Grace Yilmaz,India,Doctor,Savings Account,0,45,Medium,0.32,8.45
101659,Fatima Muller,Australia,Money Service Business,Fixed Deposit,0,25,Medium,0.38,3.7
101660,Dmitri Nakamoto,Japan,Jeweller,Crypto Wallet,0,30,Medium,0.74,1.0
101661,Priya Patel,Brazil,Teacher,Savings Account,0,25,Medium,0.45,1.0
101662,Ivan Patel,Germany,Import/Export Trader,Savings Account,0,10,Low,0.67,5.01
101663,Liam Fitzgerald,Japan,Civil Servant,Savings Account,0,10,Low,0.38,4.11
101664,Ravi Smith,United States,Precious Metals Dealer,Savings Account,0,35,Medium,0.37,1.0
101665,Kwame Nakamoto,Germany,Software Engineer,Current Account,0,25,Medium,0.85,8.0
101666,Nadia Haddad,United States,Teacher,Trade Finance,0,20,Low,1.0,1.0
101667,Mary Nakamoto,Russia,Teacher,Fixed Deposit,0,50,Medium,0.8,0.9
101668,Nadia Fitzgerald,United Kingdom,Car Dealer,Savings Account,0,10,Low,0.57,0.9
101669,Zara Al-Sayed,UAE,Car Dealer,Savings Account,0,55,Medium,0.85,1.0
101670,Omar Smith,India,Software Engineer,International Wire Transfers,0,45,Medium,0.52,0.9
101671,Elena Yilmaz,United Kingdom,Accountant,Credit Card,0,10,Low,0.64,6.07
101672,Adebayo Bello,Germany,Civil Servant,Fixed Deposit,0,0,Low,0.38,2.32
101673,Emma Al-Sayed,United States,Import/Export Trader,International Wire Transfers,0,30,Medium,0.85,0.9
101674,Carlos Rossi,Netherlands,Teacher,Credit Card,0,20,Low,0.42,4.87
101675,Rajesh Sokolov,Germany,Import/Export Trader,Personal Loan,0,30,Medium,0.74,1.0
101676,Lucas Wang,Nigeria,Teacher,Fixed Deposit,0,15,Low,0.37,1.0
101677,Sofia Smith,Canada,Real Estate Agent,Personal Loan,0,30,Medium,0.35,4.17
101678,Priya Yilmaz,Sweden,Doctor,Current Account,0,0,Low,0.33,1.0
101679,Hassan Cole,Nigeria,Accountant,Fixed Deposit,0,25,Medium,0.5,1.0
101680,Benjamin Osei,France,Arms Dealer,Personal Loan,0,45,Medium,0.38,1.2
101681,Lucas Silva,Germany,Civil Servant,Personal Loan,0,10,Low,0.5,2.53
101682,Kenji Lindqvist,Nigeria,Real Estate Agent,Current Account,1,60,High,0.43,1.0
101683,Tariq Kimura,United Kingdom,Nurse,Savings Account,0,0,Low,0.54,1.0
101684,Ivan Nakamura,United Kingdom,Retail Trader,Trade Finance,0,30,Medium,0.56,1.2
101685,Sergei Dubois,Nigeria,Software Engineer,Savings Account,0,25,Medium,0.62,1.0
101686,Grace Nguyen,South Africa,Nurse,Personal Loan,0,35,Medium,0.32,1.0
101687,Benjamin Kowalski,United Kingdom,Car Dealer,Personal Loan,0,30,Medium,0.47,1.0
101688,Mei Lindqvist,Sweden,Civil Servant,Savings Account,0,10,Low,0.46,1.0
101689,Benjamin Dubois,France,Doctor,Crypto Wallet,0,30,Medium,0.37,0.9
101690,Benjamin Mbeki,China,Real Estate Agent,Savings Account,0,25,Medium,0.37,0.9
101691,Sofia Nakamura,Mexico,Doctor,Savings Account,0,25,Medium,0.54,1.2
101692,Sofia Nguyen,Germany,Cash-Intensive Business,Trade Finance,1,70,High,0.34,2.25
101693,Mohammed Hall,United Kingdom,Retail Trader,Savings Account,0,20,Low,0.71,1.0
101694,Chloe Rossi,South Africa,Software Engineer,Crypto Wallet,0,35,Medium,0.35,1.0
101695,Zara Johnson,Germany,Teacher,Savings Account,0,10,Low,0.33,1.0
101696,Liam Rossi,Sweden,Civil Servant,Current Account,0,0,Low,0.48,5.12
101697,Mohammed Chen,Turkey,Civil Servant,International Wire Transfers,0,35,Medium,0.65,1.0
101698,Rajesh Lindqvist,Russia,Software Engineer,Fixed Deposit,0,50,Medium,0.35,1.0
101699,Wei Mbeki,Germany,Import/Export Trader,Private Banking,0,50,Medium,0.36,2.33
101700,Ingrid Kimura,France,Jeweller,Savings Account,1,35,Medium,0.38,0.9
101701,Carlos Okafor,China,Retail Trader,Fixed Deposit,0,25,Medium,0.38,1.0
101702,Priya Johnson,Kenya,Import/Export Trader,Crypto Wallet,0,70,High,0.38,1.0
101703,James Sokolov,Nigeria,Teacher,Current Account,0,25,Medium,0.77,4.07
101704,Mary Hall,Iran,Teacher,Current Account,0,55,Medium,0.55,1.0
101705,Thomas Andersson,Australia,Civil Servant,Current Account,0,10,Low,0.43,8.17
101706,Sofia Nakamura,Afghanistan,Car Dealer,Credit Card,0,70,High,0.54,1.2
101707,Aisha Hall,Japan,Precious Metals Dealer,Credit Card,0,45,Medium,0.55,2.16
101708,Amara Muller,Kenya,Software Engineer,Credit Card,0,50,Medium,0.48,1.2
101709,Rajesh Cole,United Kingdom,Software Engineer,Credit Card,0,20,Low,0.42,3.75
101710,Noah Lindqvist,Netherlands,Jeweller,Trade Finance,0,30,Medium,0.37,1.0
101711,Wei Khan,United States,Import/Export Trader,International Wire Transfers,0,30,Medium,0.48,1.0
101712,Hassan Smith,Japan,Software Engineer,Credit Card,0,30,Medium,0.55,1.0
101713,Zara Fitzgerald,Nigeria,Casino Operator,Trade Finance,0,60,High,0.43,1.0
101714,Ravi Patel,United Kingdom,Nurse,Personal Loan,0,20,Low,0.45,1.0
101715,Thomas Haddad,South Africa,Car Dealer,Current Account,0,25,Medium,0.67,1.0
101716,Mohammed Rossi,UAE,Doctor,Trade Finance,0,45,Medium,0.75,4.12
101717,Ingrid Andersson,United Kingdom,Software Engineer,Crypto Wallet,0,35,Medium,0.44,1.2
101718,Wei Patel,Brazil,Civil Servant,Current Account,0,15,Low,0.4,1.0
101719,Kenji Kimura,Turkey,Car Dealer,Personal Loan,1,70,High,0.4,0.9
101720,Rajesh Lindqvist,France,Software Engineer,Credit Card,0,20,Low,0.35,7.12
101721,Dmitri Hall,Nigeria,Casino Operator,Savings Account,0,50,Medium,0.67,1.0
101722,Grace Okafor,United Kingdom,Retail Trader,Savings Account,0,20,Low,0.48,0.9
101723,Omar Dubois,Japan,Accountant,Savings Account,0,10,Low,0.5,1.0
101724,Liam Wang,United Kingdom,Teacher,Current Account,0,0,Low,0.38,1.2
101725,Lucas Reddy,United States,Teacher,Fixed Deposit,0,15,Low,0.43,1.0
101726,Aisha Cole,Germany,Retail Trader,Personal Loan,0,30,Medium,0.42,1.2
101727,Ingrid Osei,United Kingdom,Retail Trader,Savings Account,0,10,Low,0.42,1.2
101728,Sara Smith,India,Civil Servant,Current Account,0,25,Medium,0.36,1.2
101729,James Nakamoto,United Kingdom,Nurse,Crypto Wallet,0,30,Medium,0.77,7.7
101730,Dmitri Brown,India,Nurse,Savings Account,0,15,Low,0.64,0.9
101731,Rajesh Kimura,United States,Doctor,Trade Finance,0,45,Medium,0.32,1.2
101732,Nadia Patel,India,Teacher,Savings Account,0,15,Low,0.61,1.0
101733,Rajesh Okonkwo,Japan,Software Engineer,Credit Card,0,10,Low,0.52,0.9
101734,Liam Mbeki,Turkey,Precious Metals Dealer,Current Account,0,70,High,0.38,1.0
101735,Mohammed Brown,France,Software Engineer,Savings Account,0,0,Low,0.62,7.13
101736,Amara Nakamoto,United Kingdom,Car Dealer,Current Account,0,20,Low,0.77,5.45
101737,Omar Volkov,Turkey,Money Service Business,International Wire Transfers,0,70,High,0.75,4.5
101738,Emma Patel,Sweden,Cash-Intensive Business,Fixed Deposit,0,35,Medium,0.43,3.88
101739,Benjamin Rossi,Canada,Retail Trader,Crypto Wallet,0,40,Medium,0.4,1.0
101740,Mohammed Khan,United Kingdom,Nurse,Fixed Deposit,0,0,Low,0.65,1.0
101741,Emma Lindqvist,Turkey,Teacher,International Wire Transfers,0,45,Medium,0.38,0.9
101742,Sara Kowalski,South Africa,Import/Export Trader,Fixed Deposit,0,55,Medium,0.44,1.0
101743,Thomas Johnson,India,Real Estate Agent,Savings Account,0,25,Medium,0.32,4.31
101744,Grace Okafor,Germany,Civil Servant,Current Account,0,0,Low,0.48,5.21
101745,Ravi Al-Sayed,France,Real Estate Agent,Private Banking,0,60,High,0.81,1.2
101746,Thomas Andersson,United Kingdom,Import/Export Trader,Savings Account,0,20,Low,0.43,3.56
101747,Fatima Patel,Germany,Software Engineer,Fixed Deposit,0,25,Medium,0.42,4.09
101748,Liam Smith,Sweden,Accountant,Current Account,0,25,Medium,0.38,3.04
101749,Fatima Okonkwo,Ireland,Teacher,Credit Card,0,20,Low,0.5,1.0
101750,Lucas Al-Sayed,United Kingdom,Accountant,Savings Account,0,20,Low,0.74,3.71
101751,Liam Fitzgerald,Turkey,Real Estate Agent,Current Account,0,45,Medium,0.38,2.05
101752,Grace Yilmaz,Canada,Teacher,Credit Card,0,40,Medium,0.32,1.0
101753,Liam Haddad,Mexico,Nurse,Savings Account,0,25,Medium,0.78,1.0
101754,Ivan Al-Sayed,Nigeria,Car Dealer,Crypto Wallet,0,70,High,0.77,0.9
101755,Oluwaseun Muller,Brazil,Retail Trader,Savings Account,0,35,Medium,0.37,2.95
101756,Tariq Bello,South Africa,Civil Servant,Private Banking,0,45,Medium,0.56,1.2
101757,Elena Brown,Nigeria,Software Engineer,Crypto Wallet,0,35,Medium,0.58,1.0
101758,Amara Kimura,United States,Software Engineer,Savings Account,0,0,Low,0.4,1.0
101759,Mary Petrov,UAE,Import/Export Trader,Savings Account,0,35,Medium,0.73,8.87
101760,Rajesh Cole,Netherlands,Nurse,Savings Account,0,0,Low,0.42,1.2
101761,Adebayo Nakamura,India,Car Dealer,Credit Card,0,45,Medium,0.43,5.97
101762,Rajesh Okafor,United Kingdom,Accountant,Current Account,0,10,Low,0.46,1.0
101763,James Reddy,United Kingdom,Money Service Business,Savings Account,0,35,Medium,0.36,1.2
101764,Lucas Petrov,United States,Teacher,Credit Card,0,20,Low,0.7,0.9
101765,Aisha Wang,United Kingdom,Teacher,Savings Account,0,25,Medium,0.45,1.0
101766,Omar Ivanov,Australia,Accountant,International Wire Transfers,0,20,Low,0.67,1.0
101767,Lucas Ivanov,Canada,Teacher,Crypto Wallet,0,30,Medium,0.64,7.49
101768,Noah Brown,Netherlands,Nurse,Private Banking,0,30,Medium,0.38,3.38
101769,Rajesh Haddad,Germany,Jeweller,Current Account,0,20,Low,0.64,7.03
101770,Hassan Silva,Turkey,Nurse,Current Account,1,40,Medium,0.55,1.2
101771,Liam Cole,Japan,Software Engineer,Savings Account,0,10,Low,0.45,1.2
101772,Priya Al-Sayed,China,Retail Trader,International Wire Transfers,0,55,Medium,0.79,8.37
101773,Elena Volkov,United Kingdom,Retail Trader,Current Account,0,20,Low,0.96,0.9
101774,Kenji Nakamoto,United States,Teacher,Crypto Wallet,0,30,Medium,0.85,1.2
101775,Sergei Hall,Japan,Car Dealer,Personal Loan,0,30,Medium,0.67,1.0
101776,Nadia Yilmaz,France,Accountant,Private Banking,0,20,Low,0.58,1.0
101777,Wei Haddad,France,Teacher,Crypto Wallet,0,20,Low,0.73,0.9
101778,Adebayo Wang,United States,Civil Servant,International Wire Transfers,0,35,Medium,0.42,1.0
101779,Dmitri Andersson,Nigeria,Teacher,Personal Loan,0,35,Medium,0.6,1.0
101780,Mohammed Johnson,Japan,Car Dealer,Trade Finance,0,40,Medium,0.59,6.06
101781,Nadia Patel,Germany,Retail Trader,Trade Finance,0,40,Medium,0.61,9.18
101782,Hassan Dubois,Kenya,Real Estate Agent,Savings Account,0,35,Medium,0.53,4.97
101783,Kenji Johnson,Sweden,Retail Trader,Personal Loan,0,30,Medium,0.38,1.0
101784,Emma Adeyemi,India,Casino Operator,Trade Finance,0,70,High,0.48,1.2
101785,Noah Kimura,Nigeria,Teacher,Credit Card,0,35,Medium,0.35,1.0
101786,Liam Ivanov,Afghanistan,Car Dealer,Fixed Deposit,0,60,High,0.67,1.2
101787,James Sokolov,India,Teacher,Savings Account,0,30,Medium,0.77,4.26
101788,Zara Nguyen,UAE,Doctor,Savings Account,0,15,Low,0.42,1.2
101789,Thomas Ivanov,United Kingdom,Casino Operator,Fixed Deposit,0,25,Medium,0.62,3.03
101790,Elena Chen,China,Civil Servant,Savings Account,0,15,Low,0.52,0.9
101791,Emma Wang,United Kingdom,Car Dealer,Personal Loan,0,20,Low,0.36,1.0
101792,Emma Fitzgerald,Iran,Teacher,International Wire Transfers,0,70,High,0.43,1.2
101793,Priya Wang,Russia,Money Service Business,Savings Account,0,90,High,0.43,1.0
101794,Wei Petrov,Australia,Real Estate Agent,Current Account,0,20,Low,0.76,0.9
101795,Fatima Haddad,Japan,Software Engineer,Personal Loan,0,20,Low,0.8,2.2
101796,Sergei Silva,South Africa,Software Engineer,Current Account,0,25,Medium,0.8,2.76
101797,Mei Johnson,Turkey,Software Engineer,Current Account,0,25,Medium,0.42,0.9
101798,Grace Petrov,Sweden,Precious Metals Dealer,International Wire Transfers,0,45,Medium,0.7,1.0
101799,Sergei Okonkwo,United Kingdom,Software Engineer,Current Account,0,0,Low,0.79,4.3
101800,Sergei Rossi,South Africa,Doctor,Current Account,0,15,Low,0.64,1.0
101801,Emma Nakamura,Kenya,Nurse,Savings Account,0,25,Medium,0.56,0.9
101802,Aisha Okafor,Ireland,Retail Trader,Credit Card,0,20,Low,0.42,1.0
101803,Emma Ivanov,Nigeria,Teacher,Savings Account,0,25,Medium,0.67,1.0
101804,Ivan Khan,Russia,Jeweller,Private Banking,0,80,High,0.5,3.22
101805,James Silva,China,Teacher,Trade Finance,0,45,Medium,0.5,9.13
101806,Mohammed Sokolov,United States,Civil Servant,Fixed Deposit,0,10,Low,0.69,8.06
101807,Benjamin Haddad,Germany,Accountant,Credit Card,0,10,Low,0.74,1.2
101808,Omar Khan,United Kingdom,Accountant,Current Account,0,10,Low,0.55,8.33
101809,Grace Yilmaz,Nigeria,Money Service Business,Current Account,0,50,Medium,0.32,1.2
101810,Grace Brown,Sweden,Teacher,Credit Card,0,20,Low,0.36,5.46
101811,Ivan Volkov,United Kingdom,Software Engineer,Credit Card,0,10,Low,0.67,1.2
101812,Sofia Rossi,Ireland,Teacher,Fixed Deposit,0,10,Low,0.45,5.99
101813,Zara Chen,United Kingdom,Civil Servant,Savings Account,1,35,Medium,0.38,1.0
101814,Kwame Adeyemi,United States,Real Estate Agent,Fixed Deposit,0,20,Low,0.39,1.0
101815,Chen Petrov,Australia,Accountant,International Wire Transfers,0,30,Medium,0.73,1.0
101816,Grace Bello,India,Import/Export Trader,Crypto Wallet,0,55,Medium,0.42,3.87
101817,Elena Adeyemi,United Kingdom,Cash-Intensive Business,Savings Account,0,40,Medium,0.54,5.84
101818,Benjamin Patel,Australia,Money Service Business,Credit Card,0,45,Medium,0.4,1.0
101819,Priya Cole,Brazil,Teacher,Current Account,0,25,Medium,0.43,1.2
101820,Thomas Yilmaz,North Korea,Teacher,Savings Account,0,50,Medium,0.38,9.79
101821,Ravi Ivanov,United States,Casino Operator,International Wire Transfers,0,45,Medium,0.75,0.9
101822,Mary Petrov,Iran,Car Dealer,Savings Account,0,50,Medium,0.73,1.0
101823,Thomas Haddad,North Korea,Nurse,Savings Account,0,50,Medium,0.67,0.9
101824,Sergei Wang,United Kingdom,Jeweller,Credit Card,0,20,Low,0.75,1.0
101825,Mei Bello,Australia,Jeweller,Fixed Deposit,0,20,Low,0.45,1.0
101826,Benjamin Fitzgerald,Netherlands,Civil Servant,Savings Account,0,0,Low,0.39,1.0
101827,Ivan Yilmaz,Nigeria,Nurse,Credit Card,0,25,Medium,0.45,1.0
101828,Emma Fitzgerald,United Kingdom,Import/Export Trader,Savings Account,0,20,Low,0.43,3.77
101829,Ivan Nakamura,Mexico,Software Engineer,Personal Loan,0,35,Medium,0.56,8.03
101830,Wei Nakamura,United Kingdom,Civil Servant,Current Account,0,10,Low,0.58,5.24
101831,Kenji Chen,Netherlands,Import/Export Trader,Current Account,0,10,Low,0.36,9.17
101832,Ravi Petrov,Sweden,Software Engineer,Current Account,0,45,Medium,0.78,1.0
101833,Hassan Haddad,Syria,Teacher,Current Account,0,50,Medium,0.87,0.9
101834,Amara Andersson,Germany,Civil Servant,Savings Account,1,35,Medium,0.43,1.2
101835,Priya Brown,Ireland,Money Service Business,Current Account,0,35,Medium,0.43,4.77
101836,Zara Andersson,Canada,Real Estate Agent,Trade Finance,0,30,Medium,0.4,1.0
101837,Nadia Yilmaz,France,Retail Trader,International Wire Transfers,0,60,High,0.58,3.34
101838,Grace Kowalski,China,Nurse,Current Account,0,40,Medium,0.44,1.0
101839,James Nakamura,United States,Import/Export Trader,International Wire Transfers,0,30,Medium,0.54,5.37
101840,Ingrid Cole,United Kingdom,Nurse,Personal Loan,0,20,Low,0.5,1.2
101841,Mohammed Nguyen,United States,Retail Trader,Savings Account,0,20,Low,0.55,1.0
101842,Chloe Petrov,Nigeria,Casino Operator,Current Account,0,65,High,0.67,1.0
101843,Hassan Al-Sayed,Australia,Civil Servant,Savings Account,0,10,Low,0.71,1.0
101844,Ravi Wang,France,Doctor,Credit Card,0,25,Medium,0.45,4.53
101845,Liam Nakamoto,United Kingdom,Accountant,Personal Loan,0,20,Low,0.88,7.08
101846,Sergei Fitzgerald,UAE,Accountant,Current Account,0,25,Medium,0.6,1.0
101847,Aisha Fitzgerald,United States,Teacher,Personal Loan,0,20,Low,0.43,1.2
101848,Grace Al-Sayed,Germany,Casino Operator,Credit Card,0,60,High,0.74,8.82
101849,Kwame Kowalski,Nigeria,Car Dealer,Credit Card,0,60,High,0.5,8.57
101850,Kenji Smith,France,Civil Servant,Trade Finance,0,30,Medium,0.35,1.2
101851,Mohammed Al-Sayed,Turkey,Teacher,Crypto Wallet,0,60,High,0.8,1.0
101852,Yuki Wang,Nigeria,Doctor,Savings Account,0,25,Medium,0.38,3.02
101853,Tariq Hall,Brazil,Retail Trader,Credit Card,0,45,Medium,0.67,1.0
101854,Sofia Mbeki,India,Doctor,Credit Card,0,25,Medium,0.26,1.0
101855,Grace Al-Sayed,Nigeria,Real Estate Agent,Savings Account,0,25,Medium,0.74,1.2
101856,Sofia Osei,Kenya,Import/Export Trader,Private Banking,0,55,Medium,0.27,9.96
101857,Sara Muller,Afghanistan,Accountant,Savings Account,0,65,High,0.26,0.9
101858,Ivan Lindqvist,Sweden,Accountant,Fixed Deposit,0,10,Low,0.48,1.2
101859,Mohammed Nguyen,Brazil,Accountant,Savings Account,0,25,Medium,0.55,1.2
101860,Liam Bello,Japan,Software Engineer,Savings Account,0,10,Low,0.48,1.0
101861,Tariq Fitzgerald,Australia,Civil Servant,Crypto Wallet,0,30,Medium,0.6,1.0
101862,Sara Nakamoto,Germany,Accountant,Trade Finance,0,20,Low,0.72,5.54
101863,Thomas Nakamura,United Kingdom,Car Dealer,Credit Card,0,30,Medium,0.52,1.2
101864,Mei Mbeki,Canada,Money Service Business,Current Account,0,35,Medium,0.36,1.0
101865,Ingrid Okafor,France,Nurse,Savings Account,0,0,Low,0.54,5.77
101866,Lucas Sokolov,Netherlands,Civil Servant,Current Account,0,10,Low,0.69,0.9
101867,Mary Andersson,South Africa,Teacher,Credit Card,0,35,Medium,0.44,0.9
101868,Kenji Nakamura,Germany,Real Estate Agent,Crypto Wallet,1,55,Medium,0.62,3.36
101869,Kwame Nguyen,Nigeria,Teacher,Personal Loan,0,35,Medium,0.34,1.2
101870,Omar Ivanov,Kenya,Civil Servant,Current Account,0,25,Medium,0.67,1.2
101871,Wei Volkov,Sweden,Jeweller,Savings Account,0,20,Low,0.7,1.0
101872,Noah Johnson,Canada,Teacher,International Wire Transfers,1,45,Medium,0.32,6.81
101873,Mary Andersson,India,Software Engineer,Credit Card,0,35,Medium,0.44,1.2
101874,Chen Adeyemi,United Kingdom,Import/Export Trader,Crypto Wallet,0,55,Medium,0.34,1.0
101875,Sergei Muller,Nigeria,Accountant,Savings Account,0,25,Medium,0.59,4.55
101876,Chen Osei,UAE,Teacher,Private Banking,0,35,Medium,0.37,1.0
101877,Sofia Volkov,United States,Nurse,Credit Card,0,10,Low,0.64,7.99
101878,Aisha Petrov,United States,Car Dealer,Personal Loan,0,35,Medium,0.75,1.0
101879,Mary Osei,Netherlands,Cash-Intensive Business,Fixed Deposit,0,25,Medium,0.45,1.0
101880,Noah Silva,Nigeria,Teacher,Current Account,0,25,Medium,0.43,9.01
101881,Thomas Brown,France,Teacher,Fixed Deposit,0,10,Low,0.42,1.0
101882,Sergei Khan,United Kingdom,Teacher,International Wire Transfers,0,20,Low,0.75,1.0
101883,Liam Okafor,Sweden,Doctor,Personal Loan,0,10,Low,0.5,0.9
101884,Zara Ivanov,Netherlands,Software Engineer,Savings Account,0,25,Medium,0.67,0.9
101885,Omar Adeyemi,Nigeria,Car Dealer,International Wire Transfers,0,45,Medium,0.64,1.0
101886,Amara Al-Sayed,Canada,Teacher,Credit Card,0,20,Low,0.89,1.2
101887,Chen Al-Sayed,China,Nurse,Current Account,0,15,Low,0.69,4.38
101888,Carlos Yilmaz,United States,Retail Trader,Crypto Wallet,0,30,Medium,0.38,0.9
101889,Oluwaseun Silva,Sweden,Retail Trader,Trade Finance,0,40,Medium,0.43,3.76
101890,Chloe Volkov,France,Doctor,Personal Loan,0,20,Low,0.72,1.2
101891,James Bello,India,Retail Trader,Savings Account,0,35,Medium,0.42,1.0
101892,Sofia Kowalski,Canada,Accountant,International Wire Transfers,0,20,Low,0.44,1.2
101893,Adebayo Sokolov,United Kingdom,Nurse,Private Banking,0,20,Low,0.71,4.23
101894,Zara Brown,Japan,Doctor,Private Banking,0,20,Low,0.38,1.0
101895,Oluwaseun Chen,United States,Retail Trader,Current Account,0,20,Low,0.39,8.21
101896,Priya Dubois,Turkey,Civil Servant,Credit Card,0,25,Medium,0.34,0.9
101897,Noah Patel,United Kingdom,Civil Servant,Fixed Deposit,0,10,Low,0.43,4.79
101898,Thomas Adeyemi,Japan,Import/Export Trader,Savings Account,0,10,Low,0.52,5.62
101899,Nadia Lindqvist,Ireland,Jeweller,Savings Account,0,35,Medium,0.52,1.0
101900,Elena Bello,Australia,Software Engineer,Savings Account,1,35,Medium,0.67,8.21
101901,Amara Cole,Iran,Teacher,Personal Loan,0,60,High,0.52,1.0
101902,Adebayo Wang,United Kingdom,Doctor,Crypto Wallet,0,30,Medium,0.42,9.36
101903,Kwame Khan,United States,Nurse,Private Banking,0,30,Medium,0.37,1.2
101904,Tariq Kowalski,Nigeria,Nurse,Savings Account,0,25,Medium,0.64,6.39
101905,Lucas Al-Sayed,United Kingdom,Doctor,International Wire Transfers,0,30,Medium,0.74,7.22
101906,Amara Hall,Japan,Software Engineer,Private Banking,0,30,Medium,0.52,0.9
101907,Thomas Cole,Canada,Teacher,Credit Card,0,20,Low,0.42,1.0
101908,Amara Volkov,China,Doctor,Savings Account,0,25,Medium,0.72,1.0
101909,Oluwaseun Al-Sayed,Russia,Precious Metals Dealer,International Wire Transfers,0,95,High,0.71,1.2
101910,Thomas Andersson,Germany,Nurse,International Wire Transfers,0,30,Medium,0.43,1.0
101911,Rajesh Silva,United Kingdom,Accountant,Current Account,0,0,Low,0.48,8.89
101912,Nadia Muller,France,Nurse,Credit Card,0,20,Low,0.5,1.2
101913,Dmitri Sokolov,India,Car Dealer,Savings Account,0,35,Medium,1.0,1.0
101914,Mei Petrov,Mexico,Doctor,Current Account,0,25,Medium,0.76,1.0
101915,Priya Muller,United Kingdom,Import/Export Trader,Savings Account,0,25,Medium,0.42,5.52
101916,Mei Chen,Mexico,Accountant,Fixed Deposit,0,25,Medium,0.38,5.65
101917,Ivan Brown,United States,Car Dealer,Savings Account,0,20,Low,0.67,2.13
101918,Sergei Nguyen,Australia,Jeweller,Savings Account,0,20,Low,0.62,6.08
101919,Mei Rossi,United Kingdom,Car Dealer,Fixed Deposit,0,25,Medium,0.36,8.06
101920,Carlos Muller,France,Money Service Business,Current Account,0,35,Medium,0.4,0.9
101921,Grace Patel,United Kingdom,Car Dealer,Savings Account,0,10,Low,0.36,7.93
101922,Amara Yilmaz,France,Teacher,International Wire Transfers,0,30,Medium,0.4,1.2
101923,Zara Al-Sayed,Nigeria,Car Dealer,Savings Account,0,35,Medium,0.85,1.0
101924,Sofia Silva,Australia,Real Estate Agent,Trade Finance,0,40,Medium,0.5,0.9
101925,Sergei Okonkwo,UAE,Accountant,International Wire Transfers,0,60,High,0.79,1.0
101926,Benjamin Lindqvist,Germany,Jeweller,Current Account,0,20,Low,0.39,5.59
101927,Wei Bello,Canada,Jeweller,Private Banking,0,40,Medium,0.43,7.12
101928,Carlos Andersson,France,Doctor,Savings Account,0,10,Low,0.43,1.0
101929,Grace Fitzgerald,Australia,Real Estate Agent,Fixed Deposit,0,20,Low,0.34,5.6
101930,Thomas Silva,United States,Software Engineer,Personal Loan,0,20,Low,0.4,1.0
101931,Grace Rossi,Mexico,Teacher,Credit Card,0,25,Medium,0.36,1.2
101932,Oluwaseun Brown,United States,Import/Export Trader,Savings Account,0,20,Low,0.38,1.0
101933,Emma Bello,Germany,Precious Metals Dealer,Savings Account,0,25,Medium,0.43,4.48
101934,Ingrid Reddy,United States,Cash-Intensive Business,Private Banking,0,75,High,0.38,1.0
101935,Wei Kowalski,United States,Real Estate Agent,International Wire Transfers,0,30,Medium,0.46,1.0
101936,Benjamin Brown,Brazil,Real Estate Agent,Fixed Deposit,0,35,Medium,0.4,1.0
101937,Sara Yilmaz,India,Teacher,International Wire Transfers,0,35,Medium,0.35,1.0
101938,Ingrid Patel,Nigeria,Retail Trader,Savings Account,0,25,Medium,0.43,1.0
101939,Ingrid Fitzgerald,Germany,Retail Trader,Current Account,1,35,Medium,0.39,1.2
101940,Carlos Andersson,Germany,Teacher,Current Account,0,10,Low,0.43,1.2
101941,Grace Khan,China,Doctor,Trade Finance,0,45,Medium,0.43,1.0
101942,Elena Okafor,United Kingdom,Software Engineer,Current Account,0,30,Medium,0.72,1.0
101943,Priya Adeyemi,Syria,Accountant,Savings Account,0,60,High,0.44,1.0
101944,Carlos Reddy,Ireland,Retail Trader,Savings Account,0,20,Low,0.48,1.0
101945,Emma Cole,China,Money Service Business,Personal Loan,0,60,High,0.45,1.0
101946,Dmitri Fitzgerald,United States,Software Engineer,Current Account,0,0,Low,0.53,3.32
101947,Emma Mbeki,United States,Civil Servant,Current Account,0,10,Low,0.35,0.9
101948,Oluwaseun Khan,Australia,Nurse,Fixed Deposit,0,10,Low,0.45,1.0
101949,Wei Adeyemi,United States,Civil Servant,Crypto Wallet,0,30,Medium,0.4,4.32
101950,Tariq Patel,Brazil,Teacher,Credit Card,0,35,Medium,0.64,0.9
101951,Omar Cole,Germany,Teacher,International Wire Transfers,0,20,Low,0.64,5.49
101952,Mohammed Wang,United Kingdom,Nurse,Fixed Deposit,0,10,Low,0.65,0.9
101953,James Yilmaz,France,Car Dealer,Savings Account,0,20,Low,0.33,1.0
101954,Noah Patel,Sweden,Nurse,Credit Card,0,40,Medium,0.43,1.2
101955,Sergei Nakamura,Mexico,Import/Export Trader,Current Account,0,35,Medium,0.57,1.0
101956,Chen Hall,China,Nurse,Trade Finance,0,45,Medium,0.38,1.0
101957,Kwame Ivanov,France,Civil Servant,Trade Finance,0,20,Low,0.64,1.2
101958,James Bello,Japan,Money Service Business,Fixed Deposit,1,50,Medium,0.42,1.2
101959,Mei Nakamoto,Netherlands,Software Engineer,Savings Account,1,35,Medium,0.83,9.22
101960,Chen Kowalski,Germany,Nurse,Fixed Deposit,0,0,Low,0.46,1.0
101961,Chen Chen,Kenya,Retail Trader,Crypto Wallet,0,45,Medium,0.31,1.0
101962,Mary Osei,Japan,Software Engineer,Savings Account,0,10,Low,0.45,5.17
101963,Zara Khan,Canada,Teacher,Current Account,0,10,Low,0.48,0.9
101964,Chen Reddy,Germany,Software Engineer,Current Account,0,10,Low,0.37,0.9
101965,Kenji Smith,France,Import/Export Trader,Private Banking,0,40,Medium,0.35,1.0
101966,Ingrid Nakamoto,Nigeria,Real Estate Agent,Credit Card,0,45,Medium,0.74,1.0
101967,Sara Wang,Nigeria,Teacher,Current Account,0,25,Medium,0.45,1.2
101968,Dmitri Patel,Nigeria,Real Estate Agent,Fixed Deposit,0,35,Medium,0.64,1.0
101969,Wei Chen,Russia,Precious Metals Dealer,Current Account,0,65,High,0.38,1.0
101970,Benjamin Nakamoto,Germany,Casino Operator,Trade Finance,0,45,Medium,0.69,4.21
101971,Chloe Ivanov,Myanmar,Software Engineer,Savings Account,0,50,Medium,0.64,1.2
101972,Liam Yilmaz,India,Import/Export Trader,Personal Loan,0,45,Medium,0.42,6.6
101973,Ingrid Kimura,Ireland,Teacher,Personal Loan,0,20,Low,0.38,3.74
101974,Noah Petrov,China,Doctor,Credit Card,0,25,Medium,0.73,5.65
101975,Dmitri Hall,Turkey,Nurse,Current Account,0,25,Medium,0.67,1.0
101976,Liam Ivanov,Russia,Teacher,Current Account,0,50,Medium,0.67,0.9
101977,Benjamin Al-Sayed,Mexico,Teacher,Savings Account,0,15,Low,0.71,1.0
101978,Yuki Kimura,France,Accountant,Crypto Wallet,0,30,Medium,0.35,1.2
101979,Aisha Adeyemi,Canada,Nurse,Savings Account,0,25,Medium,0.48,3.61
101980,Wei Kimura,Canada,Civil Servant,Private Banking,0,30,Medium,0.43,9.2
101981,Omar Chen,France,Accountant,Crypto Wallet,0,30,Medium,0.55,0.9
101982,Aisha Cole,India,Import/Export Trader,Savings Account,0,25,Medium,0.42,1.2
101983,Chen Brown,United States,Doctor,Current Account,0,15,Low,0.38,1.0
101984,Emma Muller,India,Real Estate Agent,Fixed Deposit,0,35,Medium,0.42,1.2
101985,Fatima Yilmaz,Germany,Retail Trader,International Wire Transfers,0,40,Medium,0.4,1.0
101986,Priya Johnson,Brazil,Teacher,Private Banking,0,45,Medium,0.38,7.68
101987,Ivan Rossi,Turkey,Retail Trader,Trade Finance,0,55,Medium,0.67,1.2
101988,Adebayo Osei,Germany,Software Engineer,Personal Loan,0,20,Low,0.33,1.0
101989,Priya Petrov,France,Retail Trader,Personal Loan,0,20,Low,0.78,8.68
101990,Omar Johnson,United States,Accountant,Private Banking,0,20,Low,0.48,0.9
101991,Zara Wang,Canada,Real Estate Agent,Current Account,0,20,Low,0.38,1.0
101992,Sofia Ivanov,Ireland,Import/Export Trader,Savings Account,0,20,Low,0.72,2.5
101993,James Okafor,United Kingdom,Retail Trader,Current Account,0,10,Low,0.48,6.17
101994,Hassan Bello,South Africa,Real Estate Agent,Credit Card,0,60,High,0.48,1.0
101995,James Ivanov,France,Software Engineer,Credit Card,0,20,Low,0.64,1.0
101996,Mary Andersson,France,Jeweller,Personal Loan,0,20,Low,0.44,1.0
101997,Benjamin Chen,United Kingdom,Accountant,Private Banking,0,20,Low,0.4,1.0
101998,Ivan Nakamoto,Ireland,Teacher,Savings Account,0,15,Low,0.8,1.2
101999,Zara Al-Sayed,South Africa,Civil Servant,Fixed Deposit,0,25,Medium,0.85,1.0
102000,Emma Hall,United Kingdom,Civil Servant,Private Banking,0,30,Medium,0.45,1.2
102001,Sofia Haddad,United States,Real Estate Agent,International Wire Transfers,0,40,Medium,0.75,1.0
102002,Kwame Fitzgerald,United States,Doctor,Trade Finance,0,30,Medium,0.41,0.9
102003,Hassan Sokolov,United States,Precious Metals Dealer,Credit Card,0,35,Medium,0.67,1.0
102004,Kenji Okonkwo,Japan,Retail Trader,Current Account,0,45,Medium,0.52,5.09
102005,Sara Osei,Japan,Software Engineer,International Wire Transfers,0,20,Low,0.37,1.0
102006,Sergei Hall,Canada,Retail Trader,Current Account,0,10,Low,0.67,1.2
102007,Amara Ivanov,Russia,Accountant,Fixed Deposit,0,40,Medium,0.64,1.0
102008,Sergei Petrov,South Africa,Teacher,Credit Card,0,25,Medium,0.69,1.0
102009,Zara Patel,Panama,Doctor,Current Account,0,50,Medium,0.43,4.47
102010,James Brown,Brazil,Casino Operator,Trade Finance,0,70,High,0.36,1.2
102011,Hassan Haddad,Mexico,Software Engineer,Credit Card,0,25,Medium,0.87,1.0
102012,Zara Haddad,Canada,Retail Trader,Trade Finance,0,30,Medium,0.78,0.9
102013,Ingrid Hall,United States,Nurse,Credit Card,0,20,Low,0.42,1.0
102014,Mary Haddad,Germany,Doctor,Private Banking,0,50,Medium,0.7,1.0
102015,Yuki Petrov,United States,Accountant,Fixed Deposit,0,10,Low,0.73,1.0
102016,Carlos Smith,UAE,Doctor,International Wire Transfers,0,45,Medium,0.34,1.2
102017,Aisha Nguyen,Canada,Civil Servant,Credit Card,0,20,Low,0.46,1.0
102018,Ivan Mbeki,United Kingdom,Teacher,Savings Account,0,10,Low,0.57,1.0
102019,Chen Lindqvist,Turkey,Nurse,Savings Account,0,15,Low,0.38,2.51
102020,Grace Smith,Sweden,Software Engineer,Savings Account,0,45,Medium,0.33,1.0
102021,Benjamin Dubois,United States,Software Engineer,Private Banking,0,50,Medium,0.37,0.9
102022,Kwame Dubois,France,Accountant,Private Banking,0,20,Low,0.33,0.9
102023,Mei Reddy,United Kingdom,Cash-Intensive Business,Current Account,0,25,Medium,0.38,0.9
102024,Grace Dubois,Australia,Money Service Business,Current Account,0,35,Medium,0.33,5.23
102025,Emma Silva,Netherlands,Accountant,Current Account,0,0,Low,0.52,0.9
102026,Omar Andersson,United Kingdom,Money Service Business,Personal Loan,0,45,Medium,0.52,4.73
102027,Ivan Haddad,Canada,Real Estate Agent,Current Account,0,10,Low,0.78,6.9
102028,Noah Kimura,Brazil,Teacher,Trade Finance,0,35,Medium,0.35,1.2
102029,Thomas Patel,Canada,Money Service Business,International Wire Transfers,0,55,Medium,0.48,0.9
102030,Yuki Andersson,Nigeria,Accountant,Trade Finance,0,45,Medium,0.48,4.83
102031,Chloe Dubois,Nigeria,Casino Operator,Credit Card,0,60,High,0.33,3.42
102032,Ivan Yilmaz,Canada,Real Estate Agent,Current Account,0,20,Low,0.45,6.66
102033,Noah Petrov,France,Doctor,Personal Loan,0,20,Low,0.73,6.99
102034,Noah Okonkwo,United Kingdom,Teacher,Savings Account,1,35,Medium,0.48,1.0
102035,Chloe Petrov,Panama,Casino Operator,International Wire Transfers,0,85,High,0.67,6.42
102036,Zara Haddad,Canada,Retail Trader,Savings Account,0,10,Low,0.78,1.0
102037,Rajesh Okonkwo,Nigeria,Accountant,Trade Finance,0,45,Medium,0.52,1.2
102038,Mei Sokolov,Brazil,Jeweller,Current Account,0,35,Medium,0.8,1.0
102039,Fatima Chen,United States,Software Engineer,International Wire Transfers,0,20,Low,0.43,4.17
102040,Ingrid Ivanov,United States,Software Engineer,Personal Loan,0,10,Low,0.62,1.0
102041,Rajesh Andersson,France,Import/Export Trader,International Wire Transfers,0,40,Medium,0.41,0.9
102042,Mohammed Nakamoto,United States,Teacher,International Wire Transfers,0,20,Low,0.69,1.0
102043,Wei Dubois,Kenya,Money Service Business,Current Account,0,50,Medium,0.36,0.9
102044,Thomas Lindqvist,Canada,Nurse,Personal Loan,0,20,Low,0.35,6.8
102045,Priya Dubois,United Kingdom,Software Engineer,Credit Card,0,35,Medium,0.34,8.13
102046,Benjamin Okonkwo,Syria,Import/Export Trader,International Wire Transfers,0,70,High,0.48,0.9
102047,James Al-Sayed,Syria,Real Estate Agent,Private Banking,0,80,High,0.74,3.04
102048,James Cole,China,Software Engineer,Current Account,0,25,Medium,0.43,1.0
102049,Noah Lindqvist,United Kingdom,Doctor,Current Account,0,0,Low,0.37,1.0
102050,Emma Rossi,Japan,Jeweller,International Wire Transfers,1,55,Medium,0.43,1.0
102051,Thomas Petrov,UAE,Teacher,Current Account,0,25,Medium,0.72,1.0
102052,Mary Bello,Netherlands,Accountant,Savings Account,0,0,Low,0.43,7.11
102053,Priya Yilmaz,Australia,Doctor,Crypto Wallet,0,30,Medium,0.33,1.2
102054,Emma Adeyemi,Panama,Import/Export Trader,Personal Loan,0,75,High,0.48,5.51
102055,Oluwaseun Andersson,Turkey,Teacher,Credit Card,0,25,Medium,0.4,5.35
102056,Priya Sokolov,India,Nurse,Fixed Deposit,0,30,Medium,0.77,0.9
102057,Thomas Al-Sayed,United Kingdom,Teacher,Current Account,0,10,Low,0.86,1.0
102058,Ravi Kimura,Brazil,Precious Metals Dealer,Private Banking,0,70,High,0.42,7.86
102059,Mei Haddad,United States,Accountant,Credit Card,0,20,Low,0.73,7.24
102060,Rajesh Silva,Nigeria,Accountant,Current Account,0,30,Medium,0.48,5.33
102061,Rajesh Al-Sayed,Nigeria,Money Service Business,Fixed Deposit,0,50,Medium,0.71,0.9
102062,Mary Muller,South Africa,Jeweller,Credit Card,0,45,Medium,0.42,1.2
102063,Hassan Fitzgerald,Russia,Accountant,Savings Account,0,50,Medium,0.53,3.77
102064,Carlos Bello,Canada,Jeweller,Savings Account,0,10,Low,0.42,5.8
102065,Tariq Okafor,United States,Doctor,Credit Card,0,20,Low,0.56,0.9
102066,Priya Nakamura,Australia,Software Engineer,Savings Account,0,0,Low,0.54,1.2
102067,Kenji Hall,Ireland,Civil Servant,Credit Card,0,20,Low,0.45,1.0
102068,James Adeyemi,United Kingdom,Doctor,Current Account,0,20,Low,0.39,2.43
102069,Sofia Fitzgerald,UAE,Money Service Business,Fixed Deposit,0,40,Medium,0.41,1.0
102070,Thomas Reddy,Japan,Retail Trader,Trade Finance,0,40,Medium,0.48,5.49
102071,Fatima Sokolov,Mexico,Real Estate Agent,Personal Loan,0,50,Medium,0.71,5.59
102072,Ivan Khan,Germany,Doctor,Savings Account,0,10,Low,0.5,1.2
102073,Mary Bello,Japan,Doctor,Current Account,0,25,Medium,0.43,4.4
102074,Nadia Johnson,France,Civil Servant,Trade Finance,0,30,Medium,0.56,5.85
102075,Sofia Nguyen,UAE,Doctor,Current Account,0,25,Medium,0.34,1.0
102076,Grace Mbeki,Panama,Civil Servant,Crypto Wallet,0,70,High,0.33,1.2
102077,Chen Silva,United States,Software Engineer,Personal Loan,0,20,Low,0.52,1.2
102078,Omar Fitzgerald,Germany,Car Dealer,Current Account,0,20,Low,0.57,1.2
102079,Thomas Kimura,Mexico,Teacher,Savings Account,0,15,Low,0.38,1.2
102080,Kenji Khan,United Kingdom,Import/Export Trader,Savings Account,0,10,Low,0.45,6.94
102081,Hassan Chen,United Kingdom,Civil Servant,Current Account,0,0,Low,0.57,8.33
102082,Fatima Rossi,United States,Doctor,Savings Account,0,0,Low,0.35,6.03
102083,Aisha Adeyemi,Australia,Nurse,Current Account,0,10,Low,0.48,1.0
102084,Hassan Andersson,South Africa,Import/Export Trader,Fixed Deposit,0,50,Medium,0.55,1.0
102085,Kwame Volkov,Afghanistan,Civil Servant,Trade Finance,0,70,High,0.64,0.9
102086,Yuki Silva,Sweden,Accountant,Credit Card,0,10,Low,0.43,5.54
102087,Benjamin Petrov,United Kingdom,Retail Trader,International Wire Transfers,0,40,Medium,0.69,1.0
102088,Omar Fitzgerald,France,Teacher,Savings Account,0,15,Low,0.57,2.08
102089,Priya Adeyemi,China,Software Engineer,Savings Account,0,25,Medium,0.44,0.9
102090,Fatima Wang,India,Software Engineer,Personal Loan,1,50,Medium,0.43,5.28
102091,Sofia Hall,South Africa,Civil Servant,Current Account,0,15,Low,0.45,1.2
102092,Sara Yilmaz,India,Car Dealer,Private Banking,0,45,Medium,0.35,1.0
102093,Fatima Volkov,Nigeria,Teacher,Current Account,1,50,Medium,0.69,1.2
102094,Mohammed Lindqvist,India,Real Estate Agent,Fixed Deposit,0,25,Medium,0.67,0.9
102095,Kwame Hall,Mexico,Nurse,International Wire Transfers,0,45,Medium,0.43,1.0
102096,Aisha Chen,Canada,Casino Operator,Personal Loan,0,60,High,0.44,0.9
102097,Grace Al-Sayed,UAE,Import/Export Trader,Current Account,0,35,Medium,0.74,1.2
102098,Adebayo Kowalski,India,Doctor,Fixed Deposit,0,25,Medium,0.41,8.61
102099,Adebayo Petrov,France,Civil Servant,Fixed Deposit,0,10,Low,0.69,1.0
102100,Priya Silva,Sweden,Teacher,Savings Account,0,10,Low,0.5,0.9
102101,Liam Nguyen,United Kingdom,Cash-Intensive Business,Current Account,0,35,Medium,0.36,1.0
102102,Rajesh Osei,Russia,Retail Trader,Savings Account,0,60,High,0.34,1.0
102103,Elena Haddad,United States,Money Service Business,Savings Account,0,35,Medium,0.75,1.2
102104,Kenji Nguyen,South Africa,Real Estate Agent,Credit Card,0,45,Medium,0.33,8.3
102105,Aisha Cole,Sweden,Jeweller,Savings Account,0,20,Low,0.42,7.88
102106,Kenji Okafor,Nigeria,Civil Servant,Trade Finance,0,45,Medium,0.48,1.0
102107,Ingrid Nguyen,Nigeria,Accountant,Private Banking,0,45,Medium,0.37,1.2
102108,Yuki Khan,Germany,Civil Servant,Current Account,0,0,Low,0.48,1.0
102109,Dmitri Okonkwo,Germany,Money Service Business,Fixed Deposit,0,25,Medium,0.79,1.0
102110,Benjamin Johnson,United Kingdom,Casino Operator,Current Account,0,25,Medium,0.41,1.2
102111,James Haddad,China,Teacher,Trade Finance,0,50,Medium,0.67,1.2
102112,Mei Reddy,United States,Accountant,Fixed Deposit,0,10,Low,0.38,1.0
102113,Oluwaseun Reddy,South Africa,Real Estate Agent,Current Account,0,35,Medium,0.44,1.0
102114,Kenji Lindqvist,France,Real Estate Agent,Current Account,0,20,Low,0.43,1.0
102115,Chloe Mbeki,Mexico,Precious Metals Dealer,Current Account,0,50,Medium,0.25,1.0
102116,Sergei Patel,Nigeria,Jeweller,Credit Card,0,35,Medium,0.64,1.0
102117,Thomas Muller,United Kingdom,Real Estate Agent,Crypto Wallet,0,40,Medium,0.4,3.94
102118,Liam Mbeki,United Kingdom,Precious Metals Dealer,Credit Card,0,35,Medium,0.38,1.2
102119,Oluwaseun Al-Sayed,India,Civil Servant,Credit Card,0,35,Medium,0.71,9.8
102120,Thomas Patel,Japan,Software Engineer,Crypto Wallet,0,20,Low,0.48,1.2
102121,Dmitri Dubois,Brazil,Civil Servant,Crypto Wallet,0,35,Medium,0.62,1.0
102122,Chloe Fitzgerald,South Africa,Car Dealer,Savings Account,0,35,Medium,0.34,3.21
102123,Priya Ivanov,France,Retail Trader,Savings Account,0,10,Low,0.72,0.9
102124,Kwame Dubois,Nigeria,Software Engineer,Credit Card,0,25,Medium,0.33,5.41
102125,Mohammed Adeyemi,France,Software Engineer,Savings Account,0,0,Low,0.65,1.2
102126,Ingrid Brown,Germany,Software Engineer,Current Account,0,20,Low,0.43,8.46
102127,Lucas Mbeki,Nigeria,Doctor,Credit Card,0,35,Medium,0.33,3.41
102128,Grace Reddy,United States,Accountant,Crypto Wallet,0,50,Medium,0.35,3.74
102129,Elena Nakamura,Nigeria,Civil Servant,Current Account,0,15,Low,0.52,1.2
102130,Ravi Adeyemi,United Kingdom,Doctor,Current Account,0,10,Low,0.46,1.2
102131,Chloe Brown,United States,Nurse,International Wire Transfers,0,30,Medium,0.35,9.48
102132,Emma Cole,United Kingdom,Teacher,Crypto Wallet,0,30,Medium,0.45,4.38
102133,Thomas Fitzgerald,Canada,Jeweller,Fixed Deposit,0,10,Low,0.47,1.0
102134,Carlos Brown,Ireland,Real Estate Agent,Savings Account,0,20,Low,0.42,4.61
102135,Adebayo Nakamura,UAE,Jeweller,International Wire Transfers,0,55,Medium,0.43,2.3
102136,Sofia Dubois,South Africa,Car Dealer,Credit Card,0,45,Medium,0.33,1.0
102137,Hassan Nguyen,Sweden,Teacher,Private Banking,0,30,Medium,0.47,4.32
102138,Noah Fitzgerald,Kenya,Software Engineer,Credit Card,0,35,Medium,0.43,1.2
102139,Lucas Nakamura,France,Arms Dealer,Savings Account,0,50,Medium,0.46,1.2
102140,Wei Fitzgerald,France,Software Engineer,Current Account,0,25,Medium,0.37,2.41
102141,Amara Al-Sayed,Germany,Software Engineer,Current Account,0,10,Low,0.89,1.2
102142,Elena Bello,Netherlands,Jeweller,Fixed Deposit,0,10,Low,0.67,4.25
102143,Fatima Wang,United Kingdom,Accountant,Savings Account,0,10,Low,0.43,1.2
102144,Thomas Kimura,Ireland,Teacher,Credit Card,0,20,Low,0.38,3.81
102145,Sofia Nakamoto,Germany,Teacher,Current Account,0,10,Low,0.77,1.0
102146,Mei Volkov,Germany,Teacher,Trade Finance,0,20,Low,0.78,1.0
102147,Rajesh Kowalski,United Kingdom,Accountant,Credit Card,0,10,Low,0.43,5.44
102148,Sofia Adeyemi,France,Accountant,Current Account,0,10,Low,0.46,4.64
102149,Mary Nakamoto,United Kingdom,Civil Servant,Personal Loan,0,20,Low,0.8,5.04
102150,Omar Bello,UAE,Precious Metals Dealer,Credit Card,0,75,High,0.52,3.62
102151,Omar Okonkwo,Japan,Nurse,Credit Card,0,20,Low,0.54,1.0
102152,Aisha Nakamoto,UAE,Teacher,Current Account,0,25,Medium,0.77,1.0
102153,Emma Andersson,Japan,Software Engineer,Current Account,0,20,Low,0.4,0.9
102154,Noah Haddad,United States,Doctor,Current Account,0,10,Low,0.78,3.6
102155,Nadia Sokolov,Nigeria,Civil Servant,Personal Loan,0,55,Medium,0.74,1.2
102156,Priya Johnson,United States,Civil Servant,Fixed Deposit,0,0,Low,0.38,1.0
102157,Sergei Rossi,Myanmar,Nurse,Crypto Wallet,0,70,High,0.64,7.59
102158,Chloe Hall,United Kingdom,Retail Trader,Private Banking,0,40,Medium,0.35,1.2
102159,Carlos Adeyemi,France,Car Dealer,Private Banking,0,40,Medium,0.44,1.0
102160,Lucas Yilmaz,Ireland,Casino Operator,Personal Loan,0,45,Medium,0.4,0.9
102161,Benjamin Okonkwo,UAE,Retail Trader,Credit Card,0,45,Medium,0.48,1.0
102162,Aisha Al-Sayed,Nigeria,Civil Servant,Crypto Wallet,0,35,Medium,0.79,6.81
102163,Adebayo Mbeki,Russia,Nurse,Current Account,0,40,Medium,0.32,0.9
102164,Yuki Muller,China,Teacher,Current Account,1,50,Medium,0.36,1.2
102165,Elena Yilmaz,France,Accountant,Crypto Wallet,0,35,Medium,0.64,0.9
102166,Ingrid Smith,Japan,Car Dealer,Personal Loan,0,30,Medium,0.33,1.2
102167,James Andersson,UAE,Teacher,Trade Finance,0,45,Medium,0.38,1.2
102168,Amara Patel,United Kingdom,Precious Metals Dealer,Savings Account,0,25,Medium,0.5,1.0
102169,Dmitri Reddy,Germany,Retail Trader,Crypto Wallet,0,40,Medium,0.56,0.9
102170,Nadia Hall,Germany,Civil Servant,Credit Card,0,20,Low,0.73,1.0
102171,Oluwaseun Rossi,China,Jeweller,Savings Account,0,25,Medium,0.38,0.9
102172,Sara Nakamoto,Germany,Real Estate Agent,Fixed Deposit,0,20,Low,0.72,1.0
102173,Omar Reddy,India,Nurse,Current Account,0,15,Low,0.61,1.0
102174,Grace Reddy,United Kingdom,Software Engineer,Private Banking,0,20,Low,0.35,2.38
102175,Sofia Adeyemi,France,Real Estate Agent,Crypto Wallet,0,40,Medium,0.46,4.95
102176,Kwame Adeyemi,Turkey,Money Service Business,Credit Card,0,60,High,0.39,1.2
102177,Hassan Andersson,Japan,Accountant,Current Account,0,0,Low,0.55,1.2
102178,Ravi Hall,United States,Real Estate Agent,Credit Card,0,30,Medium,0.48,2.05
102179,Tariq Okafor,Nigeria,Doctor,Personal Loan,0,25,Medium,0.56,0.9
102180,Chloe Lindqvist,Australia,Software Engineer,Personal Loan,0,20,Low,0.3,5.08
102181,Emma Wang,Kenya,Import/Export Trader,Credit Card,0,45,Medium,0.36,1.2
102182,Sergei Rossi,Iran,Precious Metals Dealer,Crypto Wallet,0,85,High,0.64,1.0
102183,Hassan Sokolov,Nigeria,Retail Trader,Personal Loan,0,55,Medium,0.67,2.34
102184,Mohammed Al-Sayed,Australia,Software Engineer,Personal Loan,0,10,Low,0.8,0.9
102185,Nadia Petrov,Canada,Car Dealer,Current Account,0,10,Low,0.7,4.96
102186,Priya Brown,Japan,Real Estate Agent,Savings Account,0,20,Low,0.43,1.0
102187,Yuki Okafor,China,Import/Export Trader,Personal Loan,0,45,Medium,0.52,0.9
102188,Priya Cole,Germany,Cash-Intensive Business,Savings Account,0,25,Medium,0.43,5.18
102189,Hassan Andersson,Nigeria,Nurse,Current Account,0,60,High,0.55,1.0
102190,Liam Hall,Nigeria,Software Engineer,Savings Account,0,25,Medium,0.48,1.0
102191,Mary Volkov,United Kingdom,Teacher,Crypto Wallet,0,30,Medium,0.75,3.47
102192,Chloe Mbeki,United Kingdom,Teacher,Current Account,0,10,Low,0.25,1.0
102193,Lucas Okafor,Australia,Software Engineer,Fixed Deposit,0,10,Low,0.48,1.0
102194,Emma Nguyen,United Kingdom,Real Estate Agent,Trade Finance,0,40,Medium,0.42,1.0
102195,Mohammed Reddy,United Kingdom,Teacher,Current Account,0,10,Low,0.69,1.0
102196,Amara Patel,United States,Car Dealer,International Wire Transfers,0,40,Medium,0.5,5.04
102197,Sofia Dubois,United Kingdom,Nurse,Savings Account,0,0,Low,0.33,0.9
102198,Omar Hall,United Kingdom,Precious Metals Dealer,Credit Card,0,35,Medium,0.64,1.0
102199,Rajesh Cole,United States,Doctor,Savings Account,0,10,Low,0.42,1.0
102200,Benjamin Yilmaz,UAE,Civil Servant,Credit Card,0,35,Medium,0.43,0.9
102201,Thomas Reddy,India,Real Estate Agent,Crypto Wallet,0,55,Medium,0.48,0.9
102202,Yuki Volkov,France,Civil Servant,Current Account,0,0,Low,0.67,1.0
102203,Aisha Kowalski,India,Software Engineer,Private Banking,0,45,Medium,0.43,1.0
102204,Liam Okonkwo,Brazil,Civil Servant,Current Account,0,15,Low,0.48,1.0
102205,Kwame Al-Sayed,Afghanistan,Jeweller,Credit Card,0,60,High,0.74,0.9
102206,Kwame Brown,France,Casino Operator,Fixed Deposit,0,25,Medium,0.36,8.49
102207,Ravi Fitzgerald,Netherlands,Software Engineer,Trade Finance,0,20,Low,0.41,0.9
102208,Thomas Okafor,India,Doctor,Current Account,0,15,Low,0.4,1.2
102209,Kwame Okafor,Canada,Car Dealer,Credit Card,0,60,High,0.48,4.72
102210,Mohammed Fitzgerald,Germany,Money Service Business,International Wire Transfers,0,55,Medium,0.65,8.45
102211,Ravi Cole,United States,Car Dealer,Credit Card,0,30,Medium,0.45,0.9
102212,Elena Adeyemi,Nigeria,Doctor,Savings Account,0,25,Medium,0.54,0.9
102213,Benjamin Nakamura,Mexico,Accountant,Credit Card,0,35,Medium,0.48,4.0
102214,Ingrid Johnson,Canada,Teacher,Savings Account,0,10,Low,0.44,1.0
102215,Noah Khan,United Kingdom,Retail Trader,Fixed Deposit,0,30,Medium,0.48,1.0
102216,Ivan Reddy,United States,Nurse,Credit Card,0,20,Low,0.57,0.9
102217,Benjamin Haddad,Canada,Software Engineer,Credit Card,0,20,Low,0.74,5.7
102218,Amara Hall,Japan,Precious Metals Dealer,International Wire Transfers,0,45,Medium,0.52,4.69
102219,James Reddy,Mexico,Jeweller,Private Banking,0,55,Medium,0.36,1.2
102220,Carlos Al-Sayed,Ireland,Civil Servant,Current Account,0,10,Low,0.79,8.53
102221,Ivan Okafor,Nigeria,Software Engineer,Trade Finance,0,35,Medium,0.55,1.0
102222,Mary Al-Sayed,Turkey,Nurse,Credit Card,1,70,High,0.92,1.2
102223,Omar Lindqvist,Russia,Jeweller,Credit Card,0,60,High,0.52,0.9
102224,Mei Nakamoto,United Kingdom,Jeweller,Private Banking,0,40,Medium,0.83,1.0
102225,Mary Nakamura,Canada,Software Engineer,Credit Card,1,50,Medium,0.56,1.2
102226,Mohammed Adeyemi,France,Real Estate Agent,Credit Card,0,30,Medium,0.65,1.0
102227,Mohammed Bello,Nigeria,Precious Metals Dealer,International Wire Transfers,0,60,High,0.62,1.0
102228,Sofia Nguyen,Turkey,Retail Trader,Crypto Wallet,0,45,Medium,0.34,1.0
102229,Amara Okafor,India,Accountant,Savings Account,0,15,Low,0.48,5.3
102230,Lucas Khan,United States,Casino Operator,Credit Card,0,65,High,0.44,0.9
102231,Grace Nakamoto,United Kingdom,Nurse,Current Account,0,10,Low,0.69,6.86
102232,Aisha Muller,Ireland,Arms Dealer,Savings Account,0,35,Medium,0.42,2.83
102233,Aisha Smith,Australia,Real Estate Agent,Credit Card,0,20,Low,0.43,1.0
102234,James Al-Sayed,South Africa,Retail Trader,Credit Card,0,45,Medium,0.74,6.89
102235,Lucas Al-Sayed,Turkey,Accountant,Current Account,0,25,Medium,0.74,1.0
102236,Adebayo Nguyen,Kenya,Retail Trader,Fixed Deposit,0,35,Medium,0.31,2.11
102237,Rajesh Nguyen,UAE,Software Engineer,Personal Loan,0,35,Medium,0.38,4.19
102238,Thomas Cole,Japan,Cash-Intensive Business,Private Banking,0,55,Medium,0.42,1.0
102239,Chen Kimura,Germany,Casino Operator,Credit Card,0,35,Medium,0.42,7.16
102240,James Al-Sayed,Nigeria,Cash-Intensive Business,Fixed Deposit,0,40,Medium,0.74,0.9
102241,Grace Ivanov,Germany,Software Engineer,Crypto Wallet,0,30,Medium,0.72,4.63
102242,Oluwaseun Ivanov,Canada,Real Estate Agent,Trade Finance,0,40,Medium,0.62,5.65
102243,Mei Khan,Sweden,Teacher,Savings Account,0,0,Low,0.48,0.9
102244,Aisha Cole,Ireland,Nurse,Trade Finance,0,45,Medium,0.42,0.9
102245,Chloe Lindqvist,Kenya,Nurse,Private Banking,0,35,Medium,0.3,1.0
102246,James Okonkwo,Sweden,Real Estate Agent,Current Account,0,10,Low,0.54,1.2
102247,Yuki Andersson,United Kingdom,Accountant,Trade Finance,0,30,Medium,0.48,9.32
102248,Grace Okafor,France,Teacher,Credit Card,1,35,Medium,0.48,6.09
102249,Rajesh Yilmaz,United Kingdom,Civil Servant,Private Banking,0,30,Medium,0.32,5.15
102250,Sofia Kimura,Sweden,Teacher,Current Account,0,0,Low,0.33,3.77
102251,Yuki Fitzgerald,Netherlands,Car Dealer,Fixed Deposit,0,20,Low,0.34,1.0
102252,Oluwaseun Rossi,Australia,Retail Trader,Private Banking,0,30,Medium,0.38,5.83
102253,Kwame Bello,Sweden,Accountant,Savings Account,0,10,Low,0.42,8.49
102254,Aisha Sokolov,India,Doctor,Fixed Deposit,0,25,Medium,0.69,1.0
102255,Yuki Sokolov,Nigeria,Accountant,Savings Account,0,25,Medium,0.69,1.0
102256,Ivan Rossi,Sweden,Doctor,Current Account,0,10,Low,0.67,1.2
102257,Hassan Reddy,Nigeria,Doctor,Savings Account,0,25,Medium,0.62,1.2
102258,Ivan Sokolov,Germany,Real Estate Agent,Savings Account,0,10,Low,0.72,1.2
102259,Dmitri Patel,France,Retail Trader,Current Account,0,10,Low,0.64,3.66
102260,Zara Nguyen,Sweden,Jeweller,Savings Account,0,20,Low,0.42,1.2
102261,Nadia Bello,Turkey,Teacher,Current Account,0,25,Medium,0.52,1.0
102262,Thomas Andersson,France,Arms Dealer,Trade Finance,0,55,Medium,0.43,2.38
102263,Nadia Osei,Australia,Nurse,Crypto Wallet,0,30,Medium,0.55,1.0
102264,Emma Wang,Kenya,Money Service Business,Savings Account,0,50,Medium,0.36,5.52
102265,Sergei Wang,Ireland,Civil Servant,Savings Account,0,25,Medium,0.75,1.0
102266,Wei Khan,United Kingdom,Real Estate Agent,Credit Card,0,30,Medium,0.48,0.9
102267,Priya Brown,Germany,Accountant,Savings Account,0,10,Low,0.43,1.2
102268,Wei Johnson,Kenya,Teacher,Credit Card,0,25,Medium,0.4,5.02
102269,Zara Mbeki,Sweden,Civil Servant,Fixed Deposit,0,10,Low,0.35,1.0
102270,Aisha Lindqvist,United States,Doctor,Current Account,0,0,Low,0.38,8.19
102271,Priya Reddy,India,Cash-Intensive Business,Savings Account,0,40,Medium,0.43,0.9
102272,Chloe Al-Sayed,Sweden,Retail Trader,Credit Card,0,20,Low,0.74,1.0
102273,Aisha Patel,India,Doctor,Fixed Deposit,0,30,Medium,0.43,3.47
102274,Sergei Andersson,Nigeria,Retail Trader,Current Account,0,35,Medium,0.69,1.0
102275,Thomas Adeyemi,Germany,Civil Servant,Savings Account,0,0,Low,0.52,0.9
102276,Nadia Cole,South Africa,Car Dealer,Private Banking,0,55,Medium,0.55,3.6
102277,Omar Brown,Germany,Doctor,Current Account,0,0,Low,0.45,3.49
102278,Chen Andersson,United Kingdom,Civil Servant,Fixed Deposit,0,0,Low,0.4,1.2
102279,Oluwaseun Okafor,United Kingdom,Accountant,Crypto Wallet,0,20,Low,0.36,1.2
102280,Mei Wang,Turkey,Money Service Business,Private Banking,0,60,High,0.48,1.0
102281,Sara Lindqvist,Syria,Software Engineer,Savings Account,0,40,Medium,0.36,1.0
102282,Yuki Haddad,France,Civil Servant,Fixed Deposit,0,10,Low,0.7,1.0
102283,James Yilmaz,United Kingdom,Money Service Business,Current Account,0,35,Medium,0.33,1.2
102284,Amara Okafor,United Kingdom,Car Dealer,Current Account,0,20,Low,0.48,0.9
102285,Rajesh Nakamura,France,Arms Dealer,Trade Finance,0,55,Medium,0.44,1.0
102286,Omar Rossi,Germany,Teacher,Current Account,0,40,Medium,0.52,5.04
102287,Oluwaseun Bello,UAE,Doctor,Credit Card,0,25,Medium,0.38,6.26
102288,Mary Chen,Australia,Teacher,Crypto Wallet,0,30,Medium,0.45,1.0
102289,Mary Cole,Japan,Money Service Business,Personal Loan,0,45,Medium,0.45,0.9
102290,Sara Lindqvist,Japan,Retail Trader,Current Account,0,10,Low,0.36,1.0
102291,Liam Wang,Brazil,Car Dealer,International Wire Transfers,0,55,Medium,0.38,0.9
102292,Oluwaseun Lindqvist,Japan,Accountant,Credit Card,0,10,Low,0.33,1.2
102293,Omar Osei,United Kingdom,Arms Dealer,Savings Account,0,25,Medium,0.64,1.0
102294,Chen Lindqvist,United Kingdom,Nurse,Savings Account,0,10,Low,0.38,1.0
102295,Ravi Lindqvist,United Kingdom,Import/Export Trader,Credit Card,0,35,Medium,0.44,2.32
102296,Fatima Muller,United Kingdom,Software Engineer,Fixed Deposit,0,10,Low,0.38,0.9
102297,Carlos Brown,Ireland,Accountant,Savings Account,0,0,Low,0.42,0.9
102298,Priya Okafor,United States,Civil Servant,Current Account,0,10,Low,0.48,1.2
102299,Priya Johnson,South Africa,Nurse,Savings Account,0,35,Medium,0.38,1.0
102300,Benjamin Smith,Turkey,Software Engineer,Personal Loan,0,35,Medium,0.38,0.9
102301,Kenji Nakamura,Afghanistan,Teacher,Personal Loan,0,60,High,0.62,2.81
102302,Noah Adeyemi,India,Civil Servant,Current Account,0,25,Medium,0.48,5.96
102303,Fatima Kimura,UAE,Retail Trader,Current Account,0,35,Medium,0.4,0.9
102304,Hassan Andersson,United States,Teacher,Current Account,0,10,Low,0.55,1.0
102305,Elena Cole,Russia,Nurse,Savings Account,0,50,Medium,0.7,1.0
102306,Ingrid Muller,India,Money Service Business,Savings Account,0,70,High,0.4,7.41
102307,Mohammed Nakamoto,United Kingdom,Civil Servant,Current Account,0,0,Low,0.69,1.0
102308,Liam Brown,United States,Nurse,Fixed Deposit,0,0,Low,0.48,1.2
102309,Hassan Dubois,Canada,Jeweller,Credit Card,0,30,Medium,0.53,0.9
102310,Ivan Johnson,Nigeria,Software Engineer,International Wire Transfers,0,55,Medium,0.52,3.27
102311,Ravi Johnson,Netherlands,Retail Trader,Private Banking,0,40,Medium,0.4,1.0
102312,Omar Patel,Germany,Software Engineer,Personal Loan,0,25,Medium,0.61,2.92
102313,Thomas Al-Sayed,Netherlands,Software Engineer,Savings Account,0,0,Low,0.86,8.65
102314,Wei Andersson,India,Cash-Intensive Business,Savings Account,0,50,Medium,0.5,1.2
102315,Nadia Mbeki,India,Import/Export Trader,Fixed Deposit,0,25,Medium,0.52,1.0
102316,Aisha Reddy,Canada,Doctor,Fixed Deposit,0,10,Low,0.52,5.79
102317,Hassan Okonkwo,United Kingdom,Retail Trader,Personal Loan,0,30,Medium,0.45,1.0
102318,Chen Khan,United Kingdom,Accountant,Crypto Wallet,0,30,Medium,0.45,3.59
102319,Oluwaseun Johnson,United States,Nurse,Credit Card,0,35,Medium,0.35,1.2
102320,Ravi Wang,Canada,Money Service Business,Savings Account,0,25,Medium,0.45,1.2
102321,Hassan Sokolov,Sweden,Teacher,Current Account,0,25,Medium,0.67,9.6
102322,Rajesh Al-Sayed,Germany,Civil Servant,Personal Loan,0,10,Low,0.71,5.61
102323,James Smith,Japan,Accountant,Crypto Wallet,0,20,Low,0.34,3.97
102324,Ingrid Khan,United States,Civil Servant,Fixed Deposit,0,10,Low,0.42,1.2
102325,Liam Ivanov,Australia,Jeweller,Fixed Deposit,0,20,Low,0.67,1.2
102326,Noah Al-Sayed,United Kingdom,Import/Export Trader,Personal Loan,0,20,Low,0.85,1.0
102327,Wei Khan,Germany,Doctor,Fixed Deposit,0,15,Low,0.48,1.0
102328,Rajesh Johnson,Nigeria,Retail Trader,Credit Card,0,35,Medium,0.37,1.0
102329,Hassan Silva,Mexico,Retail Trader,Trade Finance,0,55,Medium,0.55,4.8
102330,Thomas Nakamoto,France,Car Dealer,International Wire Transfers,0,40,Medium,0.74,1.0
102331,Zara Silva,United Kingdom,Doctor,Savings Account,0,10,Low,0.43,7.12
102332,Dmitri Osei,India,Teacher,Savings Account,0,25,Medium,0.67,1.2
102333,Kwame Brown,United Kingdom,Jeweller,Credit Card,0,30,Medium,0.36,1.0
102334,Benjamin Okafor,South Africa,Precious Metals Dealer,Savings Account,0,40,Medium,0.5,1.2
102335,Tariq Johnson,Ireland,Money Service Business,Trade Finance,0,45,Medium,0.52,4.89
102336,Emma Kowalski,Netherlands,Teacher,Trade Finance,0,30,Medium,0.46,1.2
102337,Mary Sokolov,Turkey,Nurse,Personal Loan,0,25,Medium,0.77,3.85
102338,Emma Kowalski,China,Civil Servant,Personal Loan,0,35,Medium,0.46,9.16
102339,Liam Kowalski,France,Software Engineer,Current Account,0,0,Low,0.46,1.0
102340,Elena Reddy,Brazil,Nurse,Savings Account,0,15,Low,0.5,1.2
102341,Grace Ivanov,United States,Car Dealer,Credit Card,0,35,Medium,0.72,5.32
102342,Aisha Okafor,India,Doctor,Fixed Deposit,0,45,Medium,0.42,1.0
102343,Amara Rossi,United States,Software Engineer,Trade Finance,0,20,Low,0.48,4.05
102344,Lucas Fitzgerald,United Kingdom,Casino Operator,Credit Card,0,35,Medium,0.36,1.0
102345,Fatima Wang,Australia,Retail Trader,Trade Finance,0,55,Medium,0.43,3.33
102346,Elena Khan,Ireland,Arms Dealer,Current Account,0,55,Medium,0.7,0.9
102347,Fatima Brown,Mexico,Retail Trader,Current Account,0,35,Medium,0.35,1.0
102348,Elena Haddad,India,Accountant,Current Account,0,25,Medium,0.75,1.0
102349,Benjamin Sokolov,Nigeria,Doctor,Credit Card,0,40,Medium,0.67,1.0
102350,Kwame Bello,United Kingdom,Real Estate Agent,Savings Account,0,10,Low,0.42,8.8
102351,Ivan Nguyen,Netherlands,Software Engineer,International Wire Transfers,0,20,Low,0.55,1.0
102352,Thomas Volkov,Canada,Accountant,Fixed Deposit,0,0,Low,0.62,0.9
102353,Amara Yilmaz,Canada,Precious Metals Dealer,Current Account,0,25,Medium,0.4,9.91
102354,Mary Silva,Australia,Real Estate Agent,Private Banking,0,30,Medium,0.5,1.0
102355,Thomas Reddy,United States,Teacher,Savings Account,0,10,Low,0.48,3.4
102356,Omar Reddy,United States,Precious Metals Dealer,Savings Account,0,35,Medium,0.61,9.75
102357,Yuki Nguyen,Mexico,Accountant,Savings Account,0,25,Medium,0.35,1.0
102358,Chloe Al-Sayed,China,Teacher,Savings Account,0,25,Medium,0.74,1.0
102359,Kenji Andersson,Germany,Doctor,Savings Account,0,0,Low,0.46,2.16
102360,Liam Nguyen,Canada,Accountant,Private Banking,0,30,Medium,0.36,1.2
102361,Dmitri Cole,United States,Import/Export Trader,Current Account,0,10,Low,0.75,1.0
102362,Amara Sokolov,United States,Jeweller,Personal Loan,0,20,Low,0.74,5.48
102363,Ravi Cole,United Kingdom,Nurse,Trade Finance,0,20,Low,0.45,7.48
102364,Oluwaseun Ivanov,Nigeria,Nurse,Current Account,0,15,Low,0.62,1.0
102365,Mohammed Chen,Ireland,Accountant,Credit Card,0,20,Low,0.65,1.2
102366,Dmitri Hall,India,Import/Export Trader,Savings Account,0,25,Medium,0.67,1.0
102367,Mary Chen,UAE,Jeweller,Savings Account,0,50,Medium,0.45,1.0
102368,Benjamin Brown,Nigeria,Retail Trader,Current Account,0,35,Medium,0.4,1.0
102369,Mary Yilmaz,United Kingdom,Cash-Intensive Business,Savings Account,0,35,Medium,0.33,4.4
102370,Sara Reddy,India,Teacher,Current Account,0,25,Medium,0.45,6.49
102371,Mei Volkov,Australia,Retail Trader,Personal Loan,0,30,Medium,0.78,6.25
102372,Lucas Lindqvist,Kenya,Teacher,Current Account,0,25,Medium,0.36,1.0
102373,Fatima Brown,North Korea,Civil Servant,Savings Account,0,50,Medium,0.35,1.0
102374,Hassan Nguyen,Brazil,Accountant,Savings Account,0,15,Low,0.47,1.0
102375,Aisha Yilmaz,Turkey,Import/Export Trader,Fixed Deposit,0,35,Medium,0.42,1.0
102376,Nadia Cole,Turkey,Retail Trader,Credit Card,0,45,Medium,0.55,9.54
102377,Fatima Mbeki,Ireland,Arms Dealer,International Wire Transfers,0,55,Medium,0.33,1.0
102378,Priya Muller,Australia,Nurse,Savings Account,0,10,Low,0.42,1.0
102379,Aisha Sokolov,United States,Software Engineer,Savings Account,1,25,Medium,0.69,0.9
102380,Ravi Nguyen,Netherlands,Doctor,Savings Account,0,0,Low,0.43,1.0
102381,Sara Nakamoto,Germany,Real Estate Agent,Credit Card,0,30,Medium,0.72,1.2
102382,Fatima Patel,Brazil,Accountant,Private Banking,0,45,Medium,0.42,0.9
102383,Omar Khan,United Kingdom,Software Engineer,Savings Account,0,20,Low,0.55,0.9
102384,Thomas Nguyen,India,Doctor,Fixed Deposit,0,60,High,0.46,1.0
102385,Wei Okafor,Australia,Software Engineer,International Wire Transfers,0,30,Medium,0.5,1.0
102386,Adebayo Cole,Iran,Accountant,Credit Card,0,50,Medium,0.4,1.0
102387,Wei Cole,Netherlands,Teacher,Credit Card,0,10,Low,0.45,0.9
102388,Yuki Sokolov,Sweden,Precious Metals Dealer,Fixed Deposit,0,25,Medium,0.69,1.0
102389,Zara Okonkwo,Australia,Doctor,Current Account,0,10,Low,0.48,1.0
102390,James Mbeki,Turkey,Accountant,Savings Account,0,15,Low,0.34,4.93
102391,Noah Ivanov,France,Car Dealer,Fixed Deposit,0,10,Low,0.58,5.49
102392,Sergei Smith,France,Doctor,Credit Card,0,20,Low,0.64,4.99
102393,Sara Dubois,Myanmar,Software Engineer,Fixed Deposit,0,40,Medium,0.35,1.0
102394,Lucas Nakamura,Canada,Car Dealer,Fixed Deposit,0,20,Low,0.46,1.0
102395,Ravi Cole,Nigeria,Civil Servant,Current Account,0,15,Low,0.45,1.0
102396,Yuki Nguyen,South Africa,Accountant,Private Banking,0,45,Medium,0.35,0.9
102397,Sofia Volkov,Germany,Import/Export Trader,Current Account,0,20,Low,0.64,5.38
102398,Mei Smith,Australia,Jeweller,Savings Account,0,25,Medium,0.38,1.2
102399,Sara Cole,Kenya,Civil Servant,Trade Finance,0,45,Medium,0.43,4.71
102400,Mohammed Khan,Australia,Accountant,Current Account,0,10,Low,0.65,1.0
102401,Amara Dubois,France,Teacher,Crypto Wallet,0,20,Low,0.4,2.85
102402,Rajesh Sokolov,Turkey,Nurse,Savings Account,0,25,Medium,0.74,1.0
102403,Kenji Patel,United States,Retail Trader,Personal Loan,0,30,Medium,0.36,7.7
102404,Ivan Patel,United Kingdom,Car Dealer,Current Account,0,20,Low,0.67,0.9
102405,Yuki Sokolov,United States,Casino Operator,Personal Loan,0,45,Medium,0.69,4.9
102406,Carlos Volkov,Syria,Software Engineer,Savings Account,0,50,Medium,0.62,1.0
102407,Thomas Patel,India,Casino Operator,International Wire Transfers,0,60,High,0.48,1.2
102408,Aisha Hall,Ireland,Car Dealer,Private Banking,0,40,Medium,0.55,1.2
102409,Dmitri Silva,Ireland,Retail Trader,Trade Finance,0,40,Medium,0.77,1.2
102410,Elena Petrov,Turkey,Nurse,Personal Loan,0,25,Medium,0.7,1.2
102411,Mohammed Nakamura,Germany,Real Estate Agent,Current Account,0,10,Low,0.69,8.83
102412,Priya Muller,China,Cash-Intensive Business,Savings Account,0,40,Medium,0.42,1.0
102413,Amara Nakamura,Mexico,Accountant,Personal Loan,0,35,Medium,0.54,1.0
102414,Ingrid Sokolov,United States,Teacher,Savings Account,0,10,Low,0.79,3.33
102415,Sara Patel,UAE,Nurse,Savings Account,0,25,Medium,0.38,1.0
102416,Dmitri Mbeki,Mexico,Real Estate Agent,Personal Loan,0,60,High,0.64,4.77
102417,Rajesh Fitzgerald,Russia,Civil Servant,International Wire Transfers,0,85,High,0.34,3.38
102418,Tariq Wang,Canada,Retail Trader,Savings Account,0,20,Low,0.58,1.2
102419,Wei Kimura,Brazil,Real Estate Agent,Current Account,0,45,Medium,0.43,0.9
102420,Mei Ivanov,Ireland,Retail Trader,Private Banking,0,60,High,0.78,0.9
102421,Omar Volkov,United Kingdom,Software Engineer,Fixed Deposit,0,0,Low,0.75,1.0
102422,Chen Bello,Germany,Money Service Business,Current Account,0,35,Medium,0.43,4.03
102423,Aisha Adeyemi,Mexico,Nurse,Credit Card,0,25,Medium,0.48,0.9
102424,Sergei Cole,Turkey,Accountant,Crypto Wallet,0,45,Medium,0.72,3.15
102425,Wei Okafor,Germany,Teacher,Current Account,0,10,Low,0.5,1.0
102426,Chen Bello,South Africa,Teacher,Fixed Deposit,0,25,Medium,0.43,1.2
102427,Wei Yilmaz,Sweden,Teacher,Crypto Wallet,0,20,Low,0.43,0.9
102428,Benjamin Al-Sayed,France,Software Engineer,International Wire Transfers,0,20,Low,0.71,1.2
102429,Thomas Haddad,Nigeria,Jeweller,Personal Loan,0,35,Medium,0.67,4.73
102430,Omar Adeyemi,China,Nurse,Savings Account,0,50,Medium,0.64,1.0
102431,Nadia Lindqvist,United Kingdom,Civil Servant,Savings Account,1,35,Medium,0.52,1.0
102432,Mei Okafor,Canada,Jeweller,Savings Account,0,20,Low,0.52,2.58
102433,Elena Okonkwo,Nigeria,Import/Export Trader,Private Banking,0,55,Medium,0.69,1.0
102434,Oluwaseun Rossi,Canada,Accountant,Credit Card,0,10,Low,0.38,2.12
102435,Sara Andersson,France,Retail Trader,Savings Account,0,35,Medium,0.44,1.0
102436,Zara Yilmaz,South Africa,Software Engineer,Current Account,0,25,Medium,0.35,3.11
102437,Ingrid Patel,United Kingdom,Teacher,International Wire Transfers,0,30,Medium,0.43,1.0
102438,Tariq Osei,Russia,Software Engineer,Current Account,0,50,Medium,0.67,0.9
102439,Mei Reddy,United Kingdom,Precious Metals Dealer,Credit Card,0,45,Medium,0.38,1.0
102440,Sergei Kimura,Germany,Accountant,Personal Loan,0,10,Low,0.69,1.0
102441,Nadia Al-Sayed,Australia,Accountant,Personal Loan,0,20,Low,0.79,1.0
102442,Wei Patel,Netherlands,Teacher,Current Account,0,0,Low,0.4,6.41
102443,Aisha Smith,United Kingdom,Civil Servant,Crypto Wallet,0,45,Medium,0.43,5.19
102444,Lucas Muller,Germany,Teacher,Current Account,0,10,Low,0.35,1.2
102445,Adebayo Volkov,United Kingdom,Teacher,Savings Account,0,10,Low,0.59,1.0
102446,Ingrid Nakamura,Nigeria,Retail Trader,Trade Finance,0,55,Medium,0.52,8.24
102447,Ingrid Fitzgerald,Afghanistan,Civil Servant,Personal Loan,0,50,Medium,0.39,0.9
102448,Sofia Fitzgerald,Australia,Retail Trader,Savings Account,0,10,Low,0.41,1.0
102449,Chloe Brown,Netherlands,Civil Servant,Credit Card,0,10,Low,0.35,2.82
102450,Chloe Haddad,Japan,Software Engineer,Current Account,0,10,Low,0.58,1.0
102451,Tariq Rossi,United States,Doctor,Credit Card,0,10,Low,0.56,1.0
102452,Tariq Haddad,Brazil,Teacher,International Wire Transfers,0,60,High,0.75,1.0
102453,Hassan Osei,India,Jeweller,Trade Finance,0,55,Medium,0.5,0.9
102454,Sergei Brown,Turkey,Doctor,Trade Finance,1,70,High,0.64,1.0
102455,Benjamin Patel,Mexico,Civil Servant,Savings Account,0,15,Low,0.4,4.08
102456,Thomas Ivanov,Netherlands,Retail Trader,Credit Card,0,30,Medium,0.62,1.2
102457,Yuki Sokolov,Ireland,Civil Servant,International Wire Transfers,0,30,Medium,0.69,1.2
102458,Liam Nakamoto,Japan,Retail Trader,Credit Card,0,45,Medium,0.88,9.48
102459,Ravi Okonkwo,Kenya,Software Engineer,Personal Loan,0,35,Medium,0.56,1.0
102460,Benjamin Chen,United States,Accountant,Savings Account,0,0,Low,0.4,3.56
102461,Mei Bello,Canada,Teacher,International Wire Transfers,0,30,Medium,0.45,1.2
102462,Emma Sokolov,Netherlands,Retail Trader,International Wire Transfers,0,30,Medium,0.72,1.0
102463,Hassan Al-Sayed,Germany,Car Dealer,Savings Account,0,25,Medium,0.71,1.0
102464,Elena Smith,France,Doctor,Current Account,1,35,Medium,0.5,1.0
102465,Mary Chen,Kenya,Retail Trader,International Wire Transfers,0,45,Medium,0.45,6.8
102466,Dmitri Brown,China,Accountant,Fixed Deposit,1,50,Medium,0.64,1.0
102467,Nadia Petrov,Myanmar,Car Dealer,Credit Card,1,95,High,0.7,6.74
102468,Wei Adeyemi,Germany,Real Estate Agent,Current Account,0,10,Low,0.4,0.9
102469,Amara Nakamura,Iran,Car Dealer,Savings Account,0,50,Medium,0.54,9.72
102470,Benjamin Volkov,Iran,Software Engineer,Savings Account,0,40,Medium,0.71,2.62
102471,Grace Sokolov,UAE,Real Estate Agent,Personal Loan,0,45,Medium,0.77,5.67
102472,Thomas Adeyemi,Germany,Cash-Intensive Business,Current Account,0,35,Medium,0.52,5.07
102473,Chloe Nguyen,Iran,Cash-Intensive Business,Credit Card,0,85,High,0.24,0.9
102474,Benjamin Brown,Japan,Teacher,Current Account,0,10,Low,0.4,4.6
102475,Noah Hall,Brazil,Software Engineer,Savings Account,1,50,Medium,0.48,1.0
102476,Liam Kowalski,UAE,Civil Servant,Trade Finance,0,35,Medium,0.46,1.2
102477,Adebayo Adeyemi,United Kingdom,Nurse,Trade Finance,0,20,Low,0.44,3.26
102478,Noah Nguyen,United Kingdom,Doctor,Current Account,0,10,Low,0.42,1.0
102479,Elena Andersson,India,Nurse,Savings Account,0,45,Medium,0.5,1.2
102480,Nadia Silva,Kenya,Doctor,Crypto Wallet,0,45,Medium,0.61,6.43
102481,Tariq Reddy,France,Doctor,Crypto Wallet,0,20,Low,0.64,1.2
102482,Priya Yilmaz,Germany,Car Dealer,Personal Loan,0,20,Low,0.33,1.0
102483,Mei Rossi,Nigeria,Teacher,Savings Account,0,25,Medium,0.36,1.0
102484,Elena Khan,Australia,Real Estate Agent,Personal Loan,0,30,Medium,0.7,1.0
102485,Emma Fitzgerald,United States,Real Estate Agent,Trade Finance,0,30,Medium,0.43,8.58
102486,Ingrid Muller,Nigeria,Money Service Business,Fixed Deposit,0,50,Medium,0.4,1.2
102487,Adebayo Nakamura,Japan,Accountant,Credit Card,0,20,Low,0.43,2.65
102488,Adebayo Rossi,United States,Import/Export Trader,Private Banking,0,40,Medium,0.39,1.0
102489,Chloe Rossi,United Kingdom,Cash-Intensive Business,Personal Loan,0,50,Medium,0.35,0.9
102490,Amara Al-Sayed,United Kingdom,Software Engineer,Fixed Deposit,1,35,Medium,0.89,0.9
102491,Nadia Yilmaz,United States,Import/Export Trader,International Wire Transfers,0,40,Medium,0.58,0.9
102492,Zara Al-Sayed,United States,Teacher,Savings Account,0,10,Low,0.85,1.0
102493,Mei Okafor,Russia,Accountant,Current Account,0,40,Medium,0.52,4.13
102494,Zara Brown,Germany,Car Dealer,Current Account,0,40,Medium,0.38,5.45
102495,Ingrid Adeyemi,United Kingdom,Nurse,Current Account,0,0,Low,0.43,4.46
102496,Rajesh Khan,France,Software Engineer,Savings Account,0,10,Low,0.42,1.0
102497,Chloe Wang,France,Teacher,Savings Account,0,0,Low,0.35,0.9
102498,Chen Khan,Ireland,Retail Trader,Personal Loan,0,30,Medium,0.45,3.76
102499,Sergei Ivanov,United States,Accountant,Current Account,0,0,Low,1.0,1.0
102500,Ravi Chen,Netherlands,Retail Trader,Personal Loan,0,30,Medium,0.38,1.0
102501,Zara Nguyen,Japan,Civil Servant,Current Account,0,10,Low,0.42,1.0
102502,Nadia Hall,Mexico,Real Estate Agent,Savings Account,0,25,Medium,0.73,1.0
102503,Emma Silva,United Kingdom,Accountant,Savings Account,0,10,Low,0.52,1.0
102504,Grace Rossi,Canada,Real Estate Agent,Savings Account,0,25,Medium,0.36,1.0
102505,Zara Fitzgerald,Germany,Civil Servant,Savings Account,0,0,Low,0.43,1.0
102506,Kwame Hall,Turkey,Nurse,Savings Account,0,25,Medium,0.43,0.9
102507,Aisha Nakamoto,United States,Money Service Business,Trade Finance,0,55,Medium,0.77,1.0
102508,Sergei Smith,United Kingdom,Money Service Business,Fixed Deposit,0,35,Medium,0.64,1.0
102509,Mary Sokolov,France,Civil Servant,Savings Account,0,10,Low,0.77,1.0
102510,Yuki Andersson,United Kingdom,Retail Trader,Fixed Deposit,1,35,Medium,0.48,8.02
102511,Elena Kimura,France,Civil Servant,Current Account,0,15,Low,0.64,2.8
102512,Zara Mbeki,Nigeria,Software Engineer,Current Account,0,35,Medium,0.35,1.0
102513,Emma Haddad,Germany,Car Dealer,Crypto Wallet,0,40,Medium,0.7,5.7
102514,Hassan Wang,United States,Retail Trader,Current Account,0,20,Low,0.57,3.79
102515,Mohammed Khan,China,Teacher,Current Account,0,25,Medium,0.65,7.24
102516,Fatima Fitzgerald,Turkey,Car Dealer,Savings Account,0,35,Medium,0.41,1.2
102517,Lucas Osei,Canada,Civil Servant,Credit Card,0,10,Low,0.35,1.0
102518,Thomas Muller,Canada,Real Estate Agent,Fixed Deposit,0,20,Low,0.4,3.72
102519,Lucas Chen,Turkey,Teacher,Crypto Wallet,0,45,Medium,0.37,4.22
102520,Kwame Rossi,Canada,Teacher,Current Account,0,0,Low,0.48,2.49
102521,Adebayo Khan,Netherlands,Retail Trader,Current Account,0,10,Low,0.5,2.55
102522,Ravi Kimura,Canada,Doctor,Current Account,0,10,Low,0.42,1.0
102523,Omar Okonkwo,Netherlands,Teacher,International Wire Transfers,0,30,Medium,0.54,1.2
102524,Sofia Nguyen,Nigeria,Real Estate Agent,Current Account,0,35,Medium,0.34,0.9
102525,Ingrid Al-Sayed,United Kingdom,Nurse,International Wire Transfers,0,20,Low,0.76,1.0
102526,Ravi Adeyemi,UAE,Teacher,Personal Loan,1,60,High,0.46,1.2
102527,Amara Volkov,Japan,Retail Trader,Crypto Wallet,0,55,Medium,0.72,0.9
102528,James Rossi,Germany,Nurse,Trade Finance,0,30,Medium,0.36,1.2
102529,Kwame Andersson,Canada,Car Dealer,Current Account,0,20,Low,0.38,1.2
102530,Ingrid Nakamoto,United States,Casino Operator,Private Banking,0,70,High,0.74,1.0
102531,Tariq Dubois,Nigeria,Civil Servant,Current Account,0,45,Medium,0.54,1.0
102532,Nadia Okonkwo,India,Civil Servant,Savings Account,0,25,Medium,0.52,1.0
102533,Nadia Petrov,United States,Precious Metals Dealer,Credit Card,0,35,Medium,0.7,3.04
102534,Lucas Patel,India,Real Estate Agent,Savings Account,0,35,Medium,0.36,1.0
102535,Nadia Smith,Nigeria,Accountant,Private Banking,0,45,Medium,0.61,1.0
102536,Amara Hall,United Kingdom,Jeweller,Current Account,0,20,Low,0.52,0.9
102537,Sergei Petrov,Nigeria,Precious Metals Dealer,Current Account,0,40,Medium,0.69,1.2
102538,Omar Lindqvist,Nigeria,Precious Metals Dealer,International Wire Transfers,0,70,High,0.52,1.0
102539,Grace Haddad,Mexico,Software Engineer,Trade Finance,0,45,Medium,0.67,1.0
102540,Oluwaseun Osei,Canada,Teacher,Trade Finance,0,20,Low,0.32,0.9
102541,Ravi Mbeki,United Kingdom,Retail Trader,Crypto Wallet,0,40,Medium,0.35,1.0
102542,Fatima Patel,Japan,Nurse,Savings Account,0,0,Low,0.42,1.0
102543,Chen Osei,United States,Retail Trader,Crypto Wallet,0,40,Medium,0.37,1.0
102544,Aisha Fitzgerald,Russia,Software Engineer,Fixed Deposit,0,50,Medium,0.43,3.83
102545,Noah Adeyemi,Canada,Accountant,Current Account,0,25,Medium,0.48,1.2
102546,Benjamin Kowalski,Germany,Teacher,Savings Account,0,10,Low,0.47,0.9
102547,Oluwaseun Lindqvist,United States,Teacher,Current Account,0,10,Low,0.33,1.0
102548,Hassan Reddy,Germany,Jeweller,Current Account,0,10,Low,0.62,3.7
102549,Lucas Haddad,Germany,Software Engineer,Current Account,0,10,Low,0.69,1.0
102550,Yuki Osei,United Kingdom,Real Estate Agent,Fixed Deposit,1,60,High,0.38,0.9
102551,Tariq Johnson,Afghanistan,Nurse,Credit Card,0,60,High,0.52,4.5
102552,Amara Adeyemi,United Kingdom,Jeweller,International Wire Transfers,0,40,Medium,0.54,1.2
102553,Yuki Dubois,France,Civil Servant,Current Account,0,10,Low,0.35,1.2
102554,Priya Dubois,UAE,Teacher,Trade Finance,0,45,Medium,0.34,0.9
102555,Oluwaseun Petrov,Germany,Real Estate Agent,Private Banking,0,55,Medium,0.67,0.9
102556,Adebayo Ivanov,United Kingdom,Real Estate Agent,Crypto Wallet,0,40,Medium,0.59,1.2
102557,James Ivanov,United Kingdom,Civil Servant,Personal Loan,0,20,Low,0.64,2.56
102558,Kenji Volkov,Brazil,Real Estate Agent,Current Account,0,35,Medium,0.72,4.78
102559,Noah Rossi,United States,Retail Trader,Savings Account,0,20,Low,0.38,1.0
102560,Ivan Bello,Afghanistan,Nurse,International Wire Transfers,0,60,High,0.67,1.0
102561,Omar Osei,Ireland,Money Service Business,Savings Account,0,35,Medium,0.64,6.0
102562,Sara Adeyemi,China,Retail Trader,Trade Finance,0,55,Medium,0.42,1.0
102563,Aisha Dubois,UAE,Doctor,International Wire Transfers,0,35,Medium,0.42,1.2
102564,Sergei Nakamura,United Kingdom,Doctor,Current Account,0,0,Low,0.57,1.0
102565,Fatima Bello,United States,Civil Servant,Savings Account,0,10,Low,0.4,0.9
102566,Yuki Cole,Japan,Retail Trader,Fixed Deposit,0,20,Low,0.38,1.2
102567,Zara Smith,United Kingdom,Software Engineer,Savings Account,1,25,Medium,0.36,1.2
102568,Mei Wang,France,Software Engineer,Savings Account,0,10,Low,0.48,9.98
102569,James Petrov,United Kingdom,Cash-Intensive Business,Private Banking,0,55,Medium,0.7,1.0
102570,Omar Bello,United Kingdom,Nurse,Current Account,0,0,Low,0.52,0.9
102571,Tariq Osei,Ireland,Retail Trader,Credit Card,0,30,Medium,0.67,0.9
102572,Yuki Nakamura,Sweden,Retail Trader,Fixed Deposit,0,20,Low,0.64,1.2
102573,Emma Mbeki,Japan,Precious Metals Dealer,International Wire Transfers,0,55,Medium,0.35,6.18
102574,Omar Hall,Netherlands,Real Estate Agent,Savings Account,0,10,Low,0.64,1.0
102575,Tariq Kimura,Nigeria,Accountant,Crypto Wallet,0,35,Medium,0.54,1.2
102576,Mary Chen,Brazil,Civil Servant,Savings Account,0,25,Medium,0.45,4.47
102577,Kenji Cole,India,Nurse,International Wire Transfers,0,45,Medium,0.43,5.23
102578,Chen Volkov,United States,Doctor,Credit Card,0,20,Low,0.75,1.0
102579,Liam Ivanov,Germany,Import/Export Trader,Personal Loan,0,30,Medium,0.67,3.83
102580,Sofia Johnson,Russia,Software Engineer,Trade Finance,1,95,High,0.32,1.2
102581,Chloe Rossi,France,Software Engineer,Private Banking,0,30,Medium,0.35,4.75
102582,Carlos Silva,South Africa,Real Estate Agent,Credit Card,0,60,High,0.4,0.9
102583,Emma Brown,Mexico,Software Engineer,Private Banking,0,45,Medium,0.35,1.0
102584,James Fitzgerald,India,Real Estate Agent,Crypto Wallet,0,55,Medium,0.41,1.0
102585,Carlos Ivanov,Netherlands,Software Engineer,Private Banking,0,20,Low,0.62,7.35
102586,Sergei Nakamoto,Germany,Accountant,Crypto Wallet,0,30,Medium,0.74,1.0
102587,Dmitri Okonkwo,Brazil,Jeweller,Current Account,0,25,Medium,0.79,2.21
102588,Fatima Johnson,United Kingdom,Nurse,Crypto Wallet,0,20,Low,0.38,1.0
102589,Ravi Adeyemi,United Kingdom,Teacher,Private Banking,0,30,Medium,0.46,1.0
102590,Mary Wang,United States,Real Estate Agent,Savings Account,1,45,Medium,0.36,3.88
102591,Benjamin Nguyen,United Kingdom,Real Estate Agent,Credit Card,0,20,Low,0.34,3.88
102592,Sara Smith,Mexico,Retail Trader,Credit Card,0,45,Medium,0.36,1.0
102593,Chen Khan,Sweden,Teacher,Private Banking,0,30,Medium,0.45,0.9
102594,Carlos Brown,Nigeria,Real Estate Agent,International Wire Transfers,1,80,High,0.42,0.9
102595,Ingrid Fitzgerald,France,Car Dealer,Savings Account,0,20,Low,0.39,1.0
102596,Oluwaseun Silva,China,Software Engineer,Trade Finance,0,60,High,0.43,1.0
102597,Carlos Nakamura,Brazil,Nurse,Current Account,0,15,Low,0.44,1.2
102598,Elena Brown,Turkey,Car Dealer,Fixed Deposit,0,35,Medium,0.58,0.9
102599,Aisha Kimura,United States,Money Service Business,Trade Finance,0,60,High,0.42,0.9
102600,Thomas Chen,Australia,Software Engineer,Current Account,0,0,Low,0.42,1.2
102601,Viktor Yanukovich,Panama,Civil Servant,Savings Account,1,75,High,0.94,1.0
102602,Fatima Reddy,Nigeria,Nurse,Fixed Deposit,0,45,Medium,0.5,1.2
102603,Adebayo Okafor,Turkey,Accountant,Savings Account,0,45,Medium,0.44,7.63
102604,Sara Wang,United Kingdom,Accountant,Private Banking,0,35,Medium,0.45,0.9
102605,Oluwaseun Okafor,Nigeria,Software Engineer,Personal Loan,0,25,Medium,0.36,5.64
102606,Ivan Rossi,Ireland,Real Estate Agent,International Wire Transfers,0,40,Medium,0.67,1.0
102607,Carlos Fitzgerald,South Africa,Software Engineer,Credit Card,0,35,Medium,0.4,6.34
102608,Aisha Osei,United Kingdom,Doctor,Personal Loan,0,20,Low,0.42,1.0
102609,Sara Bello,Japan,Casino Operator,Savings Account,0,35,Medium,0.43,1.2
102610,Sergei Fitzgerald,Canada,Accountant,Trade Finance,0,30,Medium,0.6,1.2
102611,Yuki Osei,Mexico,Money Service Business,Credit Card,0,60,High,0.38,4.9
102612,Noah Kimura,Germany,Accountant,International Wire Transfers,0,30,Medium,0.35,2.01
102613,Chen Smith,Canada,Accountant,International Wire Transfers,0,30,Medium,0.36,1.2
102614,Thomas Muller,United Kingdom,Retail Trader,International Wire Transfers,0,40,Medium,0.4,1.0
102615,Yuki Andersson,Russia,Software Engineer,Savings Account,0,50,Medium,0.48,8.13
102616,Grace Nakamoto,United States,Nurse,Credit Card,0,10,Low,0.69,1.2
102617,Lucas Kowalski,Brazil,Software Engineer,Private Banking,0,35,Medium,0.44,9.1
102618,Lucas Sokolov,Germany,Teacher,Savings Account,0,0,Low,0.69,4.41
102619,Liam Nakamura,Brazil,Retail Trader,Savings Account,0,35,Medium,0.64,1.0
102620,Hassan Johnson,Germany,Real Estate Agent,Credit Card,0,45,Medium,0.52,1.0
102621,Thomas Chen,Sweden,Software Engineer,Fixed Deposit,1,35,Medium,0.42,0.9
102622,Chloe Bello,Turkey,Jeweller,Savings Account,0,35,Medium,0.33,1.2
102623,Zara Chen,Germany,Civil Servant,Credit Card,0,20,Low,0.38,1.2
102624,Emma Petrov,Germany,Nurse,Crypto Wallet,1,55,Medium,0.73,9.67
102625,Mohammed Adeyemi,Mexico,Software Engineer,Fixed Deposit,0,40,Medium,0.65,1.0
102626,Ivan Sokolov,Sweden,Car Dealer,Savings Account,0,10,Low,0.72,0.9
102627,Liam Adeyemi,Australia,Software Engineer,Credit Card,0,20,Low,0.42,2.81
102628,Noah Osei,Netherlands,Import/Export Trader,Credit Card,0,30,Medium,0.45,4.08
102629,Omar Rossi,Mexico,Teacher,Private Banking,0,60,High,0.52,1.0
102630,Thomas Osei,Netherlands,Retail Trader,Current Account,0,10,Low,0.42,1.0
102631,Chen Cole,United States,Doctor,Savings Account,0,10,Low,0.45,1.0
102632,Mohammed Hall,Australia,Teacher,Personal Loan,0,20,Low,0.71,1.0
102633,Thomas Khan,Netherlands,Nurse,Private Banking,0,20,Low,0.43,1.0
102634,Amara Okonkwo,Nigeria,Real Estate Agent,Personal Loan,0,45,Medium,0.52,0.9
102635,Ingrid Osei,Germany,Import/Export Trader,Credit Card,0,35,Medium,0.42,1.0
102636,Mohammed Smith,United Kingdom,Civil Servant,International Wire Transfers,0,45,Medium,0.69,1.2
102637,Kwame Dubois,Panama,Accountant,Current Account,0,50,Medium,0.33,2.63
102638,Elena Al-Sayed,Mexico,Import/Export Trader,Private Banking,0,55,Medium,0.74,7.07
102639,Amara Muller,United States,Jeweller,Savings Account,0,20,Low,0.48,0.9
102640,Hassan Reddy,Australia,Import/Export Trader,Savings Account,0,20,Low,0.62,2.66
102641,Kwame Sokolov,United Kingdom,Retail Trader,Trade Finance,0,40,Medium,0.77,1.0
102642,Mei Okonkwo,Canada,Software Engineer,Personal Loan,0,10,Low,0.56,1.0
102643,Kwame Reddy,United Kingdom,Nurse,Trade Finance,0,30,Medium,0.35,3.04
102644,Priya Sokolov,Turkey,Doctor,Credit Card,0,35,Medium,0.77,1.0
102645,Sofia Osei,India,Car Dealer,Current Account,0,35,Medium,0.27,1.2
102646,Elena Ivanov,United States,Teacher,Current Account,0,0,Low,0.72,1.0
102647,Noah Okafor,Canada,Nurse,Credit Card,0,10,Low,0.43,1.2
102648,Ravi Fitzgerald,Japan,Teacher,International Wire Transfers,0,30,Medium,0.41,3.16
102649,Liam Nakamoto,Canada,Software Engineer,Savings Account,0,0,Low,0.88,1.2
102650,Noah Dubois,Myanmar,Retail Trader,Fixed Deposit,0,70,High,0.35,1.2
102651,Wei Khan,Germany,Nurse,Trade Finance,0,30,Medium,0.48,0.9
102652,Noah Nakamoto,Netherlands,Teacher,Private Banking,0,20,Low,0.72,1.0
102653,Dmitri Wang,United Kingdom,Import/Export Trader,Trade Finance,0,30,Medium,0.58,5.49
102654,Priya Patel,Kenya,Doctor,Current Account,0,25,Medium,0.45,1.0
102655,Tariq Reddy,Mexico,Accountant,Crypto Wallet,0,45,Medium,0.64,1.0
102656,Benjamin Wang,Afghanistan,Casino Operator,Private Banking,0,95,High,0.4,0.9
102657,Nadia Nakamura,UAE,Car Dealer,Credit Card,1,60,High,0.62,0.9
102658,Chen Mbeki,Japan,Teacher,Personal Loan,0,10,Low,0.35,5.69
102659,Grace Andersson,Germany,Teacher,Fixed Deposit,0,30,Medium,0.43,1.2
102660,Rajesh Okonkwo,UAE,Teacher,Crypto Wallet,0,60,High,0.52,6.06
102661,Mohammed Cole,United Kingdom,Nurse,Current Account,0,10,Low,0.65,5.94
102662,Emma Andersson,Japan,Teacher,Savings Account,0,10,Low,0.4,5.91
102663,Noah Mbeki,Netherlands,Accountant,International Wire Transfers,0,20,Low,0.35,2.62
102664,Sergei Ivanov,Japan,Import/Export Trader,Private Banking,0,30,Medium,1.0,1.2
102665,James Okonkwo,United States,Accountant,Savings Account,0,10,Low,0.54,1.0
102666,Fatima Osei,UAE,Doctor,Personal Loan,0,35,Medium,0.42,1.0
102667,Chloe Brown,Japan,Doctor,Savings Account,0,10,Low,0.35,6.21
102668,Dmitri Smith,Ireland,Real Estate Agent,Crypto Wallet,0,30,Medium,0.62,1.0
102669,Chloe Ivanov,Australia,Casino Operator,Fixed Deposit,0,25,Medium,0.64,1.0
102670,Hassan Ivanov,France,Civil Servant,Savings Account,0,10,Low,0.62,8.02
102671,Tariq Haddad,Netherlands,Civil Servant,Crypto Wallet,0,30,Medium,0.75,1.2
102672,Chen Cole,United Kingdom,Civil Servant,Savings Account,0,10,Low,0.45,2.51
102673,Wei Dubois,Mexico,Civil Servant,Current Account,0,25,Medium,0.36,1.0
102674,Noah Nakamura,South Africa,Civil Servant,Credit Card,0,45,Medium,0.48,1.0
102675,Sofia Wang,Canada,Nurse,Credit Card,0,10,Low,0.43,1.0
102676,Emma Johnson,North Korea,Software Engineer,Savings Account,0,65,High,0.4,1.0
102677,Noah Smith,Brazil,Nurse,Personal Loan,0,25,Medium,0.35,0.9
102678,Kwame Petrov,South Africa,Civil Servant,Crypto Wallet,0,45,Medium,0.7,1.0
102679,Elena Muller,Japan,Accountant,Credit Card,0,20,Low,0.56,1.0
102680,Yuki Kimura,Australia,Retail Trader,International Wire Transfers,0,40,Medium,0.35,1.0
102681,Amara Nguyen,Canada,Precious Metals Dealer,Private Banking,0,55,Medium,0.48,1.0
102682,Thomas Nakamoto,Netherlands,Civil Servant,International Wire Transfers,0,20,Low,0.74,0.9
102683,Hassan Silva,United States,Retail Trader,Current Account,0,35,Medium,0.55,0.9
102684,Emma Ivanov,United States,Casino Operator,Credit Card,0,60,High,0.67,1.0
102685,Fatima Rossi,South Africa,Accountant,International Wire Transfers,0,45,Medium,0.35,1.2
102686,Hassan Okafor,Canada,Jeweller,Savings Account,0,20,Low,0.53,1.0
102687,Sofia Ivanov,Netherlands,Software Engineer,Fixed Deposit,0,10,Low,0.72,5.38
102688,Tariq Bello,Netherlands,Car Dealer,Trade Finance,0,40,Medium,0.56,1.0
102689,Chen Bello,France,Nurse,Current Account,0,0,Low,0.43,4.43
102690,Priya Rossi,Nigeria,Civil Servant,Savings Account,0,25,Medium,0.43,1.0
102691,Priya Cole,Japan,Accountant,Savings Account,0,30,Medium,0.43,1.0
102692,Wei Silva,France,Civil Servant,Savings Account,0,0,Low,0.55,1.0
102693,Elena Smith,Canada,Nurse,Savings Account,0,15,Low,0.5,0.9
102694,Sofia Khan,Panama,Doctor,Trade Finance,0,85,High,0.45,5.37
102695,Chloe Mbeki,India,Import/Export Trader,Fixed Deposit,0,25,Medium,0.25,1.0
102696,James Brown,United Kingdom,Software Engineer,Savings Account,0,30,Medium,0.36,5.2
102697,Amara Nakamura,India,Doctor,International Wire Transfers,0,45,Medium,0.54,1.0
102698,Liam Johnson,Netherlands,Jeweller,International Wire Transfers,0,40,Medium,0.42,7.14
102699,Benjamin Nakamura,Australia,Nurse,Savings Account,0,10,Low,0.48,4.52
102700,Mei Petrov,Canada,Nurse,Fixed Deposit,0,10,Low,0.76,3.91
102701,Tariq Kimura,Kenya,Accountant,Fixed Deposit,0,25,Medium,0.54,1.2
102702,Priya Volkov,India,Real Estate Agent,Credit Card,0,35,Medium,0.72,4.03
102703,Mei Yilmaz,France,Retail Trader,Personal Loan,0,30,Medium,0.43,1.0
102704,Tariq Adeyemi,China,Accountant,Crypto Wallet,0,45,Medium,0.67,1.0
102705,Sara Osei,South Africa,Accountant,Savings Account,0,45,Medium,0.37,7.3
102706,Oluwaseun Andersson,United States,Jeweller,Credit Card,0,20,Low,0.4,1.0
102707,Thomas Nakamoto,China,Money Service Business,Credit Card,0,60,High,0.74,1.2
102708,Mohammed Reddy,China,Retail Trader,Crypto Wallet,0,45,Medium,0.69,5.49
102709,Nadia Silva,United States,Precious Metals Dealer,Personal Loan,0,35,Medium,0.61,5.4
102710,Nadia Johnson,Russia,Real Estate Agent,Current Account,0,80,High,0.56,0.9
102711,Chen Muller,Germany,Nurse,International Wire Transfers,0,45,Medium,0.36,1.0
102712,Mary Yilmaz,France,Import/Export Trader,Savings Account,0,20,Low,0.33,1.2
102713,Dmitri Andersson,Nigeria,Software Engineer,Current Account,0,25,Medium,0.6,1.0
102714,Mei Brown,Syria,Import/Export Trader,Current Account,0,60,High,0.36,1.0
102715,Chen Nguyen,Canada,Retail Trader,Fixed Deposit,0,20,Low,0.27,6.07
102716,Yuki Andersson,United States,Accountant,Current Account,0,0,Low,0.48,8.95
102717,Chloe Sokolov,Germany,Car Dealer,Savings Account,0,35,Medium,0.69,1.2
102718,Mohammed Nguyen,Ireland,Retail Trader,Credit Card,0,20,Low,0.55,4.68
102719,Lucas Reddy,Sweden,Teacher,Trade Finance,0,30,Medium,0.43,1.2
102720,Tariq Patel,Russia,Retail Trader,Savings Account,0,80,High,0.64,1.2
102721,Tariq Johnson,France,Doctor,International Wire Transfers,0,20,Low,0.52,1.2
102722,Liam Muller,Nigeria,Nurse,Trade Finance,0,35,Medium,0.45,0.9
102723,Adebayo Fitzgerald,Russia,Accountant,Credit Card,0,60,High,0.4,1.0
102724,Benjamin Andersson,Canada,Teacher,Savings Account,0,0,Low,0.41,1.0
102725,Sergei Johnson,Canada,Money Service Business,Current Account,0,40,Medium,0.64,9.72
102726,Chloe Dubois,United Kingdom,Retail Trader,Current Account,0,20,Low,0.33,1.0
102727,Fatima Hall,UAE,Precious Metals Dealer,Savings Account,0,50,Medium,0.52,1.2
102728,Mohammed Nakamura,Germany,Real Estate Agent,Savings Account,0,10,Low,0.69,3.96
102729,Benjamin Osei,Canada,Jeweller,Fixed Deposit,0,10,Low,0.38,1.0
102730,Ingrid Smith,United Kingdom,Nurse,Crypto Wallet,1,45,Medium,0.33,1.0
102731,Kenji Dubois,France,Precious Metals Dealer,Private Banking,0,45,Medium,0.33,1.0
102732,Lucas Reddy,Australia,Retail Trader,Savings Account,0,20,Low,0.43,9.95
102733,Thomas Kimura,Mexico,Money Service Business,Current Account,0,50,Medium,0.38,1.0
102734,Thomas Patel,United States,Retail Trader,Fixed Deposit,0,10,Low,0.48,4.45
102735,Mei Volkov,Germany,Teacher,Credit Card,1,35,Medium,0.78,1.2
102736,Sofia Volkov,Japan,Teacher,Savings Account,0,10,Low,0.64,1.0
102737,Mei Muller,United States,Nurse,Savings Account,0,0,Low,0.35,1.2
102738,Tariq Nakamura,Japan,Precious Metals Dealer,Crypto Wallet,0,55,Medium,0.57,1.0
102739,Priya Khan,Russia,Software Engineer,Private Banking,1,95,High,0.45,1.2
102740,Thomas Nakamura,United Kingdom,Nurse,Current Account,0,10,Low,0.52,1.0
102741,Sergei Rossi,Germany,Real Estate Agent,Crypto Wallet,0,60,High,0.64,1.0
102742,Zara Ivanov,Brazil,Accountant,Personal Loan,0,25,Medium,0.67,8.4
102743,Ivan Bello,Netherlands,Software Engineer,Current Account,0,10,Low,0.67,4.26
102744,Sofia Brown,Turkey,Software Engineer,Crypto Wallet,0,45,Medium,0.45,1.2
102745,Chloe Smith,Nigeria,Civil Servant,Current Account,0,25,Medium,0.28,1.0
102746,Elena Muller,United States,Civil Servant,International Wire Transfers,0,30,Medium,0.56,1.2
102747,Zara Khan,United States,Car Dealer,Fixed Deposit,0,20,Low,0.48,1.2
102748,Nadia Petrov,Nigeria,Teacher,Savings Account,0,15,Low,0.7,1.2
102749,Oluwaseun Volkov,United States,Cash-Intensive Business,Savings Account,0,35,Medium,0.62,1.0
102750,Emma Dubois,United States,Nurse,Fixed Deposit,0,0,Low,0.35,1.0
102751,Oluwaseun Johnson,Iran,Import/Export Trader,Fixed Deposit,0,50,Medium,0.35,3.82
102752,Zara Dubois,India,Import/Export Trader,Savings Account,0,35,Medium,0.35,1.0
102753,Wei Andersson,India,Precious Metals Dealer,Current Account,0,40,Medium,0.5,3.38
102754,Ivan Mbeki,India,Nurse,Fixed Deposit,0,25,Medium,0.57,1.0
102755,Ivan Nakamoto,Australia,Casino Operator,Credit Card,0,45,Medium,0.8,0.9
102756,Mohammed Wang,United States,Software Engineer,Fixed Deposit,0,0,Low,0.65,1.0
102757,Priya Muller,United Kingdom,Accountant,Credit Card,0,25,Medium,0.42,5.1
102758,Nadia Nakamoto,Netherlands,Real Estate Agent,International Wire Transfers,0,60,High,0.77,1.2
102759,Mei Brown,UAE,Civil Servant,Fixed Deposit,0,25,Medium,0.36,1.0
102760,Sofia Yilmaz,Kenya,Accountant,Fixed Deposit,0,25,Medium,0.33,6.56
102761,Oluwaseun Dubois,UAE,Import/Export Trader,Current Account,0,55,Medium,0.36,3.08
102762,Ingrid Khan,Japan,Accountant,Personal Loan,0,20,Low,0.42,0.9
102763,Emma Adeyemi,Canada,Doctor,Current Account,0,0,Low,0.48,3.28
102764,James Haddad,China,Teacher,Credit Card,0,35,Medium,0.67,1.0
102765,Sergei Brown,United States,Money Service Business,Credit Card,0,60,High,0.64,1.2
102766,Oluwaseun Petrov,Mexico,Real Estate Agent,Current Account,0,35,Medium,0.67,1.0
102767,Chen Andersson,China,Import/Export Trader,Private Banking,0,55,Medium,0.4,0.9
102768,Rajesh Lindqvist,Canada,Real Estate Agent,Private Banking,0,40,Medium,0.35,1.0
102769,Thomas Andersson,Brazil,Doctor,Savings Account,0,25,Medium,0.43,1.0
102770,Carlos Patel,United Kingdom,Cash-Intensive Business,Credit Card,0,35,Medium,0.48,1.2
102771,Noah Wang,Canada,Real Estate Agent,Savings Account,0,10,Low,0.38,0.9
102772,Lucas Cole,Netherlands,Arms Dealer,Savings Account,0,35,Medium,0.43,7.58
102773,Liam Hall,Netherlands,Teacher,Current Account,0,10,Low,0.48,4.78
102774,Liam Sokolov,United Kingdom,Civil Servant,Savings Account,0,10,Low,0.72,0.9
102775,Mohammed Okafor,Australia,Accountant,Savings Account,0,10,Low,0.67,1.0
102776,Ivan Kowalski,United Kingdom,Jeweller,Fixed Deposit,0,50,Medium,0.5,6.63
102777,Zara Al-Sayed,Canada,Teacher,Credit Card,0,10,Low,0.85,3.85
102778,Kwame Adeyemi,India,Civil Servant,Current Account,0,40,Medium,0.39,1.0
102779,Yuki Mbeki,Netherlands,Real Estate Agent,Current Account,0,10,Low,0.36,5.92
102780,Wei Al-Sayed,Brazil,Teacher,Fixed Deposit,0,25,Medium,0.77,5.54
102781,Adebayo Haddad,United Kingdom,Civil Servant,International Wire Transfers,0,30,Medium,0.77,1.0
102782,Fatima Okonkwo,Australia,Teacher,Savings Account,1,35,Medium,0.5,1.0
102783,Rajesh Lindqvist,Canada,Software Engineer,Fixed Deposit,0,20,Low,0.35,1.0
102784,James Rossi,India,Civil Servant,Savings Account,0,25,Medium,0.36,1.2
102785,Ivan Nakamoto,United States,Accountant,International Wire Transfers,0,30,Medium,0.8,1.0
102786,Thomas Reddy,Ireland,Real Estate Agent,Current Account,0,20,Low,0.48,1.0
102787,Carlos Petrov,UAE,Software Engineer,Personal Loan,0,35,Medium,0.72,1.0
102788,Lucas Fitzgerald,Canada,Import/Export Trader,Trade Finance,0,30,Medium,0.36,0.9
102789,James Cole,United Kingdom,Software Engineer,Fixed Deposit,0,10,Low,0.43,8.46
102790,Noah Nakamura,Germany,Real Estate Agent,Credit Card,0,30,Medium,0.48,8.13
102791,Elena Reddy,Japan,Precious Metals Dealer,Fixed Deposit,0,35,Medium,0.5,0.9
102792,Amara Silva,Myanmar,Accountant,Credit Card,0,50,Medium,0.5,1.2
102793,Hassan Osei,Mexico,Nurse,Trade Finance,1,70,High,0.5,4.18
102794,Chloe Lindqvist,Germany,Civil Servant,Current Account,0,0,Low,0.3,0.9
102795,Aisha Al-Sayed,Syria,Software Engineer,Current Account,0,50,Medium,0.79,3.72
102796,Omar Silva,China,Accountant,International Wire Transfers,0,45,Medium,0.61,1.2
102797,Rajesh Hall,India,Teacher,Crypto Wallet,0,35,Medium,0.35,2.42
102798,Fatima Silva,Russia,Teacher,Current Account,0,40,Medium,0.46,0.9
102799,Oluwaseun Yilmaz,Kenya,Doctor,Current Account,0,25,Medium,0.36,0.9
102800,Omar Khan,Nigeria,Accountant,Credit Card,0,35,Medium,0.55,6.45
102801,Kenji Silva,Germany,Retail Trader,Current Account,0,20,Low,0.5,9.57
102802,Ingrid Rossi,United States,Car Dealer,Credit Card,0,20,Low,0.43,1.0
102803,Kwame Dubois,South Africa,Nurse,Private Banking,0,35,Medium,0.33,5.21
102804,Wei Dubois,UAE,Civil Servant,Personal Loan,0,25,Medium,0.36,1.0
102805,Noah Petrov,Canada,Nurse,Current Account,0,15,Low,0.73,1.0
102806,Mary Al-Sayed,China,Import/Export Trader,Fixed Deposit,0,35,Medium,0.92,5.22
102807,Mohammed Kimura,Australia,Teacher,Credit Card,1,45,Medium,0.67,3.11
102808,Elena Osei,China,Accountant,International Wire Transfers,0,35,Medium,0.61,5.77
102809,Chen Nguyen,United Kingdom,Jeweller,Credit Card,0,20,Low,0.27,3.32
102810,Oluwaseun Lindqvist,France,Real Estate Agent,Savings Account,0,20,Low,0.33,1.2
102811,Ivan Chen,Brazil,Car Dealer,Savings Account,0,40,Medium,0.6,1.0
102812,Mohammed Wang,India,Teacher,Savings Account,0,15,Low,0.65,6.78
102813,Liam Lindqvist,India,Retail Trader,Fixed Deposit,0,35,Medium,0.38,1.0
102814,Benjamin Silva,China,Jeweller,Savings Account,0,40,Medium,0.52,4.73
102815,Fatima Patel,Japan,Jeweller,Crypto Wallet,0,40,Medium,0.42,0.9
102816,Kwame Ivanov,Nigeria,Accountant,Fixed Deposit,0,25,Medium,0.64,1.0
102817,Ravi Silva,Germany,Software Engineer,Savings Account,0,0,Low,0.52,1.0
102818,Noah Reddy,Netherlands,Retail Trader,Fixed Deposit,0,35,Medium,0.45,0.9
102819,Ravi Okafor,China,Jeweller,Fixed Deposit,0,50,Medium,0.5,7.94
102820,Sara Rossi,United Kingdom,Import/Export Trader,Credit Card,0,30,Medium,0.38,5.67
102821,Tariq Muller,Sweden,Real Estate Agent,Current Account,0,10,Low,0.62,1.0
102822,Rajesh Okonkwo,China,Cash-Intensive Business,Savings Account,0,50,Medium,0.52,5.09
102823,Fatima Bello,India,Teacher,Current Account,0,15,Low,0.4,0.9
102824,Ravi Smith,India,Import/Export Trader,Savings Account,0,35,Medium,0.37,1.2
102825,Ivan Mbeki,France,Import/Export Trader,Savings Account,0,10,Low,0.57,8.66
102826,Grace Mbeki,Turkey,Jeweller,Crypto Wallet,0,45,Medium,0.33,0.9
102827,Fatima Rossi,France,Real Estate Agent,Current Account,0,20,Low,0.35,1.2
102828,Oluwaseun Kimura,Turkey,Arms Dealer,Savings Account,0,40,Medium,0.36,1.2
102829,Amara Sokolov,United Kingdom,Software Engineer,Current Account,0,10,Low,0.74,0.9
102830,Elena Haddad,United Kingdom,Teacher,Current Account,0,10,Low,0.75,1.0
102831,Lucas Adeyemi,UAE,Cash-Intensive Business,Savings Account,0,50,Medium,0.4,1.2
102832,Sergei Osei,India,Accountant,Savings Account,0,15,Low,0.67,1.0
102833,Lucas Nakamoto,Japan,Software Engineer,Credit Card,0,20,Low,0.69,1.2
102834,Aisha Dubois,United States,Car Dealer,Savings Account,0,10,Low,0.42,8.79
102835,Wei Ivanov,Canada,Software Engineer,International Wire Transfers,0,30,Medium,0.78,1.2
102836,Dmitri Kowalski,France,Casino Operator,Fixed Deposit,0,55,Medium,0.69,1.0
102837,Ivan Dubois,United Kingdom,Accountant,Credit Card,0,55,Medium,0.55,1.0
102838,Chloe Petrov,Germany,Teacher,Credit Card,0,20,Low,0.67,8.71
102839,Benjamin Silva,United States,Accountant,International Wire Transfers,0,20,Low,0.52,1.2
102840,Oluwaseun Okonkwo,Russia,Retail Trader,Current Account,0,50,Medium,0.45,1.2
102841,Tariq Petrov,Brazil,Car Dealer,Savings Account,0,50,Medium,0.75,2.9
102842,Tariq Dubois,Iran,Teacher,Savings Account,0,50,Medium,0.54,1.0
102843,Sara Okonkwo,Germany,Accountant,Credit Card,0,10,Low,0.54,1.0
102844,Hassan Silva,Australia,Civil Servant,Personal Loan,0,20,Low,0.55,9.81
102845,Oluwaseun Al-Sayed,Sweden,Accountant,Current Account,0,15,Low,0.71,5.7
102846,Thomas Osei,Germany,Real Estate Agent,Current Account,0,10,Low,0.42,1.0
102847,Wei Bello,United States,Jeweller,Savings Account,0,10,Low,0.43,0.9
102848,Adebayo Sokolov,United States,Nurse,Current Account,0,0,Low,0.71,4.9
102849,Rajesh Bello,Nigeria,Real Estate Agent,Savings Account,0,35,Medium,0.4,1.2
102850,Mohammed Andersson,South Africa,Civil Servant,Credit Card,0,25,Medium,0.61,1.0
102851,Benjamin Chen,Canada,Doctor,Savings Account,0,0,Low,0.4,3.31
102852,Yuki Wang,United States,Real Estate Agent,Crypto Wallet,0,30,Medium,0.38,1.2
102853,Yuki Silva,China,Car Dealer,Savings Account,0,35,Medium,0.43,1.2
102854,Priya Kimura,South Africa,Teacher,Trade Finance,0,35,Medium,0.33,1.0
102855,Carlos Reddy,Brazil,Retail Trader,Savings Account,0,35,Medium,0.48,3.17
102856,Grace Ivanov,Nigeria,Nurse,Savings Account,0,25,Medium,0.72,1.0
102857,Benjamin Osei,United Kingdom,Nurse,Savings Account,0,0,Low,0.38,1.0
102858,Fatima Johnson,China,Teacher,Savings Account,0,15,Low,0.38,7.47
102859,James Smith,Germany,Civil Servant,Fixed Deposit,0,0,Low,0.34,1.0
102860,Amara Petrov,Nigeria,Cash-Intensive Business,Current Account,0,50,Medium,0.7,1.0
102861,Tariq Andersson,Germany,Money Service Business,Credit Card,0,35,Medium,0.55,1.0
102862,Priya Chen,South Africa,Software Engineer,Savings Account,0,25,Medium,0.37,3.5
102863,Noah Sokolov,Canada,Casino Operator,Fixed Deposit,0,25,Medium,0.72,4.14
102864,Thomas Kowalski,United Kingdom,Money Service Business,International Wire Transfers,0,55,Medium,0.5,0.9
102865,Dmitri Silva,India,Civil Servant,Personal Loan,0,25,Medium,0.77,1.2
102866,Sofia Andersson,Syria,Doctor,Credit Card,0,60,High,0.46,0.9
102867,Mei Nakamura,United Kingdom,Nurse,Personal Loan,0,20,Low,0.58,3.61
102868,Thomas Silva,South Africa,Money Service Business,Current Account,0,50,Medium,0.4,1.0
102869,Adebayo Volkov,Germany,Accountant,Current Account,0,35,Medium,0.59,1.2
102870,James Adeyemi,France,Software Engineer,Fixed Deposit,0,0,Low,0.39,1.0
102871,Fatima Dubois,France,Civil Servant,Savings Account,0,0,Low,0.4,0.9
102872,Liam Lindqvist,United Kingdom,Nurse,Fixed Deposit,0,10,Low,0.38,0.9
102873,Thomas Kimura,Germany,Nurse,Private Banking,1,55,Medium,0.38,5.45
102874,Mary Kimura,China,Retail Trader,Fixed Deposit,0,25,Medium,0.35,1.2
102875,Chloe Osei,India,Software Engineer,Personal Loan,0,35,Medium,0.29,3.31
102876,Aisha Nakamura,United Kingdom,Civil Servant,Current Account,0,10,Low,0.54,4.62
102877,Grace Wang,United Kingdom,Teacher,Savings Account,0,0,Low,0.43,0.9
102878,Adebayo Patel,Japan,Retail Trader,Credit Card,0,20,Low,0.4,0.9
102879,Hassan Bello,United Kingdom,Doctor,Trade Finance,0,35,Medium,0.48,2.88
102880,Kwame Mbeki,Japan,Accountant,Personal Loan,0,10,Low,0.34,0.9
102881,Sara Fitzgerald,Brazil,Software Engineer,Crypto Wallet,0,45,Medium,0.37,4.26
102882,Sofia Petrov,Ireland,Civil Servant,Savings Account,0,10,Low,0.78,1.0
102883,Kenji Silva,Germany,Jeweller,International Wire Transfers,0,40,Medium,0.5,5.17
102884,Ravi Adeyemi,South Africa,Civil Servant,Savings Account,0,15,Low,0.46,1.0
102885,Emma Cole,United Kingdom,Jeweller,Credit Card,0,30,Medium,0.45,6.17
102886,Lucas Mbeki,United Kingdom,Casino Operator,Savings Account,0,25,Medium,0.33,1.0
102887,Dmitri Volkov,Germany,Civil Servant,Personal Loan,0,10,Low,1.0,1.0
102888,Rajesh Muller,Canada,Software Engineer,Fixed Deposit,0,10,Low,0.31,6.95
102889,Fatima Muller,Germany,Precious Metals Dealer,Fixed Deposit,0,35,Medium,0.38,7.92
102890,Ravi Kimura,Germany,Import/Export Trader,Savings Account,0,10,Low,0.42,1.0
102891,Sergei Johnson,Germany,Real Estate Agent,Fixed Deposit,0,20,Low,0.64,1.0
102892,Rajesh Reddy,United States,Nurse,Personal Loan,0,10,Low,0.4,1.2
102893,Chloe Okonkwo,United Kingdom,Nurse,Savings Account,0,10,Low,0.46,5.12
102894,Liam Okonkwo,United States,Casino Operator,Savings Account,0,55,Medium,0.48,1.0
102895,Benjamin Brown,Brazil,Teacher,Private Banking,0,45,Medium,0.4,4.16
102896,Hassan Sokolov,Nigeria,Retail Trader,Credit Card,0,45,Medium,0.67,1.0
102897,Benjamin Bello,Mexico,Teacher,International Wire Transfers,0,45,Medium,0.44,6.22
102898,Benjamin Muller,Brazil,Civil Servant,Personal Loan,0,25,Medium,0.38,0.9
102899,Zara Lindqvist,United States,Teacher,Personal Loan,0,10,Low,0.37,1.2
102900,Chloe Muller,Germany,Nurse,Private Banking,0,30,Medium,0.25,1.0
102901,Tariq Adeyemi,Australia,Accountant,Credit Card,0,10,Low,0.67,1.2
102902,Emma Mbeki,Japan,Accountant,Fixed Deposit,0,10,Low,0.35,1.0
102903,Fatima Wang,Netherlands,Nurse,Savings Account,0,0,Low,0.43,1.0
102904,Rajesh Kimura,Canada,Software Engineer,Private Banking,0,20,Low,0.32,1.0
102905,Sergei Wang,Japan,Car Dealer,Fixed Deposit,0,20,Low,0.75,1.0
102906,Kwame Chen,United Kingdom,Doctor,Credit Card,0,20,Low,0.36,4.43
102907,Sara Nguyen,Sweden,Cash-Intensive Business,Savings Account,0,25,Medium,0.33,1.0
102908,Wei Adeyemi,United States,Money Service Business,Personal Loan,0,35,Medium,0.4,0.9
102909,Sergei Volkov,United Kingdom,Civil Servant,Credit Card,0,20,Low,0.81,1.2
102910,Sara Sokolov,Brazil,Doctor,Private Banking,0,35,Medium,0.77,5.32
102911,Nadia Dubois,Mexico,Software Engineer,Current Account,0,25,Medium,0.58,1.2
102912,Mei Adeyemi,United Kingdom,Arms Dealer,International Wire Transfers,0,70,High,0.42,3.23
102913,Hassan Johnson,China,Doctor,Savings Account,0,25,Medium,0.52,1.0
102914,Ingrid Adeyemi,Canada,Software Engineer,Current Account,1,35,Medium,0.43,1.0
102915,Kenji Haddad,Germany,Car Dealer,Fixed Deposit,0,20,Low,0.75,1.0
102916,Aisha Petrov,United Kingdom,Precious Metals Dealer,Personal Loan,0,45,Medium,0.75,1.0
102917,Sara Mbeki,United Kingdom,Retail Trader,Current Account,0,20,Low,0.33,0.9
102918,Sara Cole,Japan,Teacher,Fixed Deposit,0,10,Low,0.43,1.2
102919,Omar Andersson,Netherlands,Retail Trader,Fixed Deposit,0,10,Low,0.52,1.2
102920,Sergei Cole,United States,Import/Export Trader,International Wire Transfers,0,40,Medium,0.72,4.18
102921,Hassan Al-Sayed,Turkey,Civil Servant,Private Banking,0,35,Medium,0.71,5.22
102922,Amara Hall,Japan,Accountant,Fixed Deposit,0,10,Low,0.52,4.47
102923,Tariq Volkov,India,Software Engineer,Current Account,0,25,Medium,0.8,3.4
102924,Mary Lindqvist,France,Nurse,Credit Card,0,20,Low,0.37,4.99
102925,Priya Andersson,Japan,Real Estate Agent,Trade Finance,0,30,Medium,0.46,7.35
102926,Mei Yilmaz,Netherlands,Teacher,International Wire Transfers,0,20,Low,0.43,3.76
102927,Lucas Osei,United States,Precious Metals Dealer,Savings Account,0,40,Medium,0.35,3.49
102928,Carlos Patel,United Kingdom,Accountant,International Wire Transfers,0,30,Medium,0.48,5.64
102929,Priya Wang,United Kingdom,Retail Trader,Current Account,0,10,Low,0.43,2.86
102930,James Lindqvist,China,Import/Export Trader,Crypto Wallet,0,55,Medium,0.36,5.71
102931,Emma Patel,Germany,Jeweller,Personal Loan,0,30,Medium,0.43,5.1
102932,Carlos Mbeki,Nigeria,Nurse,Credit Card,0,35,Medium,0.4,1.2
102933,Noah Khan,Canada,Car Dealer,Fixed Deposit,0,20,Low,0.48,1.0
102934,Mei Silva,Syria,Retail Trader,Savings Account,0,50,Medium,0.55,0.9
102935,Sofia Bello,Germany,Software Engineer,Savings Account,0,10,Low,0.33,4.61
102936,Chloe Dubois,Russia,Doctor,Savings Account,0,60,High,0.33,1.0
102937,Sofia Andersson,South Africa,Software Engineer,Credit Card,0,35,Medium,0.46,1.0
102938,Elena Rossi,Germany,Money Service Business,Savings Account,0,35,Medium,0.58,0.9
102939,Dmitri Ivanov,United States,Retail Trader,Fixed Deposit,0,10,Low,0.77,1.0
102940,Omar Okafor,Nigeria,Jeweller,Current Account,0,35,Medium,0.5,1.0
102941,Carlos Muller,Canada,Car Dealer,Current Account,1,60,High,0.4,1.0
102942,Yuki Cole,Australia,Civil Servant,Current Account,0,20,Low,0.38,4.45
102943,Hassan Fitzgerald,United Kingdom,Nurse,Savings Account,0,10,Low,0.53,1.2
102944,Yuki Volkov,France,Civil Servant,Fixed Deposit,0,0,Low,0.67,2.97
102945,Yuki Cole,United Kingdom,Precious Metals Dealer,Savings Account,0,50,Medium,0.38,8.46
102946,Dmitri Okonkwo,United States,Real Estate Agent,Credit Card,0,20,Low,0.79,2.8
102947,Hassan Patel,France,Software Engineer,Savings Account,0,10,Low,0.55,3.08
102948,Lucas Silva,United Kingdom,Import/Export Trader,Personal Loan,0,20,Low,0.5,1.0
102949,Ravi Kimura,Germany,Doctor,Current Account,0,10,Low,0.42,9.06
102950,Nadia Okonkwo,United Kingdom,Civil Servant,Current Account,0,10,Low,0.52,1.2
102951,Dmitri Nguyen,Turkey,Retail Trader,Private Banking,0,70,High,0.54,1.0
102952,Rajesh Volkov,Germany,Nurse,Savings Account,0,10,Low,0.62,1.0
102953,Mei Cole,China,Accountant,Credit Card,0,35,Medium,0.48,3.53
102954,Fatima Reddy,Mexico,Teacher,Private Banking,0,35,Medium,0.5,1.0
102955,Aisha Volkov,United States,Teacher,Fixed Deposit,0,20,Low,0.64,0.9
102956,Amara Wang,Russia,Accountant,Savings Account,0,50,Medium,0.43,1.2
102957,Amara Lindqvist,Nigeria,Import/Export Trader,Savings Account,0,35,Medium,0.43,1.0
102958,Elena Chen,France,Doctor,Current Account,0,25,Medium,0.52,7.64
102959,Aisha Reddy,Sweden,Real Estate Agent,Credit Card,0,30,Medium,0.52,1.0
102960,Emma Brown,United Kingdom,Retail Trader,Fixed Deposit,0,40,Medium,0.35,0.9
102961,Kwame Patel,Mexico,Teacher,Savings Account,0,15,Low,0.41,1.0
102962,Chloe Al-Sayed,Russia,Accountant,Current Account,0,50,Medium,0.74,9.58
102963,Mary Dubois,India,Software Engineer,Fixed Deposit,0,15,Low,0.42,4.67
102964,Dmitri Bello,China,Nurse,Savings Account,0,25,Medium,0.72,1.0
102965,Kenji Nguyen,South Africa,Doctor,Trade Finance,0,35,Medium,0.33,3.61
102966,Lucas Fitzgerald,Iran,Accountant,Credit Card,0,60,High,0.36,1.0
102967,Thomas Ivanov,Russia,Software Engineer,Crypto Wallet,0,60,High,0.62,1.2
102968,Mohammed Okonkwo,France,Doctor,Personal Loan,0,20,Low,0.53,6.7
102969,Mary Al-Sayed,United States,Civil Servant,Current Account,0,10,Low,0.92,1.0
102970,Omar Kimura,Ireland,Teacher,Savings Account,0,30,Medium,0.5,3.88
102971,Omar Nakamura,Germany,Teacher,Savings Account,0,10,Low,0.56,0.9
102972,James Andersson,France,Nurse,Current Account,0,0,Low,0.38,5.12
102973,Ivan Ivanov,United Kingdom,Software Engineer,Trade Finance,0,30,Medium,0.67,4.58
102974,Kenji Khan,Sweden,Jeweller,Current Account,0,20,Low,0.45,2.04
102975,Kwame Cole,Canada,Car Dealer,Private Banking,0,30,Medium,0.36,1.2
102976,Ravi Khan,France,Accountant,Personal Loan,0,20,Low,0.48,1.0
102977,Aisha Silva,Nigeria,Software Engineer,Current Account,0,25,Medium,0.43,7.99
102978,Liam Rossi,Germany,Real Estate Agent,Credit Card,0,30,Medium,0.48,1.0
102979,Liam Bello,Sweden,Nurse,Savings Account,0,25,Medium,0.48,1.0
102980,Carlos Bello,Nigeria,Import/Export Trader,Current Account,0,35,Medium,0.42,6.01
102981,Sofia Petrov,India,Software Engineer,Personal Loan,0,35,Medium,0.78,3.11
102982,Carlos Patel,Panama,Retail Trader,Savings Account,0,65,High,0.48,1.2
102983,Grace Reddy,Germany,Teacher,International Wire Transfers,0,30,Medium,0.35,4.12
102984,Omar Bello,France,Accountant,Private Banking,0,20,Low,0.52,1.0
102985,Liam Osei,United States,Accountant,Personal Loan,0,25,Medium,0.4,0.9
102986,Sofia Patel,UAE,Jeweller,Current Account,0,35,Medium,0.45,1.0
102987,Ivan Mbeki,Myanmar,Import/Export Trader,Savings Account,0,80,High,0.57,0.9
102988,Mohammed Adeyemi,United States,Civil Servant,Fixed Deposit,0,10,Low,0.65,1.2
102989,Carlos Dubois,France,Jeweller,Fixed Deposit,0,20,Low,0.38,1.0
102990,Wei Muller,Netherlands,Civil Servant,Current Account,0,10,Low,0.33,1.0
102991,Mary Ivanov,United Kingdom,Accountant,Private Banking,0,30,Medium,0.67,1.0
102992,Fatima Hall,Nigeria,Civil Servant,Current Account,0,25,Medium,0.52,1.0
102993,Omar Muller,South Africa,Retail Trader,Fixed Deposit,0,35,Medium,0.58,6.66
102994,Noah Patel,United States,Retail Trader,Current Account,0,10,Low,0.43,1.0
102995,Aisha Adeyemi,France,Software Engineer,Current Account,0,0,Low,0.48,4.61
102996,Tariq Nguyen,United Kingdom,Doctor,International Wire Transfers,0,30,Medium,0.62,1.0
102997,Sara Silva,United Kingdom,Real Estate Agent,Current Account,0,10,Low,0.52,0.9
102998,Thomas Bello,India,Doctor,Personal Loan,0,45,Medium,0.42,1.2
102999,Sofia Brown,Netherlands,Nurse,Current Account,0,15,Low,0.45,1.0
103000,Priya Nakamura,Turkey,Nurse,Savings Account,0,25,Medium,0.54,1.0
103001,Thomas Haddad,Germany,Civil Servant,Personal Loan,0,20,Low,0.67,0.9
103002,James Lindqvist,China,Software Engineer,Current Account,0,25,Medium,0.36,4.34
103003,Chloe Dubois,United Kingdom,Precious Metals Dealer,Personal Loan,1,70,High,0.33,1.0
103004,Kenji Okafor,Japan,Nurse,Savings Account,0,0,Low,0.48,1.0
103005,Carlos Johnson,United Kingdom,Civil Servant,Savings Account,0,10,Low,0.32,1.0
103006,Aisha Patel,France,Nurse,Crypto Wallet,0,20,Low,0.43,1.0
103007,Zara Petrov,United States,Accountant,Credit Card,0,20,Low,0.73,1.0
103008,Kwame Kowalski,Germany,Nurse,Fixed Deposit,0,0,Low,0.5,1.0
103009,Oluwaseun Al-Sayed,United Kingdom,Import/Export Trader,Savings Account,0,10,Low,0.71,5.18
103010,Hassan Rossi,United States,Accountant,Fixed Deposit,0,10,Low,0.48,4.32
103011,Omar Silva,Australia,Car Dealer,Savings Account,1,45,Medium,0.61,4.33
103012,Dmitri Ivanov,United States,Car Dealer,Current Account,0,20,Low,0.77,8.59
103013,Lucas Yilmaz,South Africa,Accountant,Current Account,0,25,Medium,0.4,2.01
103014,Zara Volkov,UAE,Precious Metals Dealer,Current Account,0,50,Medium,0.67,1.0
103015,Adebayo Osei,Turkey,Software Engineer,Personal Loan,0,25,Medium,0.33,1.0
103016,Adebayo Osei,South Africa,Jeweller,Crypto Wallet,0,70,High,0.33,1.0
103017,Oluwaseun Sokolov,United States,Software Engineer,Fixed Deposit,0,15,Low,0.65,0.9
103018,Ravi Okonkwo,Australia,Doctor,Credit Card,0,10,Low,0.56,1.0
103019,Priya Volkov,France,Money Service Business,Fixed Deposit,0,25,Medium,0.72,1.0
103020,Kwame Johnson,Ireland,Retail Trader,Current Account,0,10,Low,0.4,1.0
103021,Chen Nakamoto,Nigeria,Teacher,International Wire Transfers,0,45,Medium,0.72,2.41
103022,Ingrid Chen,Russia,Retail Trader,Savings Account,0,60,High,0.35,1.0
103023,Kenji Reddy,United Kingdom,Import/Export Trader,Private Banking,0,40,Medium,0.43,1.0
103024,Zara Bello,Germany,Import/Export Trader,Crypto Wallet,0,40,Medium,0.43,0.9
103025,Nadia Sokolov,Canada,Accountant,Savings Account,0,0,Low,0.74,0.9
103026,Ravi Khan,Sweden,Precious Metals Dealer,Current Account,0,35,Medium,0.48,6.78
103027,Emma Hall,UAE,Software Engineer,Credit Card,0,35,Medium,0.45,3.73
103028,Kenji Reddy,China,Doctor,International Wire Transfers,0,35,Medium,0.43,3.54
103029,Aisha Sokolov,Australia,Software Engineer,Credit Card,0,10,Low,0.69,3.09
103030,Ravi Kowalski,Ireland,Retail Trader,Fixed Deposit,0,25,Medium,0.46,1.0
103031,Mei Hall,China,Civil Servant,Fixed Deposit,0,25,Medium,0.4,1.0
103032,Sergei Sokolov,Kenya,Accountant,Savings Account,0,25,Medium,1.0,3.14
103033,Adebayo Ivanov,Netherlands,Casino Operator,Savings Account,0,45,Medium,0.59,1.0
103034,Adebayo Bello,Netherlands,Teacher,Current Account,0,10,Low,0.38,1.0
103035,Rajesh Nguyen,South Africa,Software Engineer,Personal Loan,0,25,Medium,0.38,3.49
103036,James Petrov,Netherlands,Software Engineer,Private Banking,0,20,Low,0.7,1.0
103037,Rajesh Muller,South Africa,Teacher,Fixed Deposit,0,40,Medium,0.31,1.0
103038,Priya Dubois,Nigeria,Casino Operator,International Wire Transfers,0,105,High,0.34,0.9
103039,Priya Yilmaz,South Africa,Civil Servant,Savings Account,0,25,Medium,0.33,1.2
103040,Rajesh Chen,Canada,Accountant,Fixed Deposit,0,25,Medium,0.29,1.0
103041,Aisha Kimura,France,Real Estate Agent,Current Account,0,20,Low,0.42,4.28
103042,Ivan Haddad,Germany,Jeweller,Trade Finance,0,40,Medium,0.78,1.0
103043,Tariq Khan,Turkey,Accountant,Savings Account,1,40,Medium,0.58,0.9
103044,Lucas Petrov,Netherlands,Real Estate Agent,Current Account,0,10,Low,0.7,1.2
103045,Mohammed Rossi,Canada,Nurse,Savings Account,0,10,Low,0.75,2.74
103046,Sara Silva,Sweden,Arms Dealer,Personal Loan,0,45,Medium,0.52,0.9
103047,Dmitri Volkov,France,Teacher,Current Account,0,10,Low,1.0,7.7
103048,Emma Hall,United States,Civil Servant,Private Banking,0,35,Medium,0.45,2.29
103049,Thomas Wang,United Kingdom,Software Engineer,Savings Account,0,10,Low,0.42,0.9
103050,Grace Cole,Ireland,Retail Trader,Private Banking,0,30,Medium,0.43,1.0
103051,James Andersson,Nigeria,Car Dealer,Savings Account,0,35,Medium,0.38,3.41
103052,Nadia Okafor,United Kingdom,Arms Dealer,Personal Loan,0,35,Medium,0.58,1.2
103053,Grace Sokolov,United Kingdom,Civil Servant,Private Banking,0,20,Low,0.77,8.71
103054,James Bello,France,Software Engineer,Savings Account,0,10,Low,0.42,1.0
103055,Elena Kowalski,India,Accountant,Savings Account,0,15,Low,0.67,1.0
103056,Benjamin Brown,Australia,Teacher,Fixed Deposit,0,0,Low,0.4,1.2
103057,Ivan Bello,Canada,Real Estate Agent,Credit Card,0,20,Low,0.67,1.0
103058,Kenji Nakamura,United States,Civil Servant,Credit Card,0,20,Low,0.62,1.2
103059,Elena Brown,Canada,Teacher,Trade Finance,0,30,Medium,0.58,1.2
103060,Ingrid Volkov,Nigeria,Teacher,Fixed Deposit,0,25,Medium,0.77,1.2
103061,Adebayo Chen,United Kingdom,Teacher,Personal Loan,0,40,Medium,0.42,4.69
103062,Omar Khan,United Kingdom,Nurse,Fixed Deposit,0,0,Low,0.55,4.85
103063,Kenji Ivanov,Kenya,Car Dealer,International Wire Transfers,0,70,High,0.72,1.0
103064,Kenji Ivanov,Germany,Retail Trader,Fixed Deposit,1,45,Medium,0.72,1.0
103065,Elena Sokolov,United States,Casino Operator,Credit Card,0,45,Medium,0.77,1.0
103066,Kwame Reddy,United Kingdom,Nurse,Private Banking,0,20,Low,0.35,3.26
103067,Dmitri Muller,UAE,Doctor,Credit Card,0,25,Medium,0.62,6.33
103068,Amara Smith,Iran,Civil Servant,Savings Account,0,40,Medium,0.48,0.9
103069,James Nakamura,United States,Real Estate Agent,Current Account,0,25,Medium,0.54,5.3
103070,Carlos Haddad,Germany,Software Engineer,Private Banking,0,30,Medium,0.67,0.9
103071,Omar Wang,Iran,Teacher,Personal Loan,0,50,Medium,0.55,1.2
103072,Thomas Okafor,Canada,Real Estate Agent,Savings Account,0,10,Low,0.4,1.0
103073,Dmitri Nakamura,United States,Real Estate Agent,Credit Card,0,30,Medium,0.57,1.0
103074,Sofia Brown,Germany,Car Dealer,Savings Account,0,20,Low,0.45,0.9
103075,Grace Hall,Kenya,Precious Metals Dealer,Personal Loan,0,60,High,0.36,1.2
103076,Lucas Mbeki,France,Cash-Intensive Business,Trade Finance,0,45,Medium,0.33,1.0
103077,Elena Dubois,Mexico,Teacher,Savings Account,0,25,Medium,0.56,0.9
103078,Liam Ivanov,Mexico,Accountant,Personal Loan,0,35,Medium,0.67,1.0
103079,Noah Patel,Netherlands,Nurse,Fixed Deposit,0,10,Low,0.43,1.0
103080,Fatima Dubois,United Kingdom,Accountant,Savings Account,0,10,Low,0.4,0.9
103081,Fatima Kowalski,Nigeria,Nurse,International Wire Transfers,0,35,Medium,0.43,1.0
103082,Kwame Smith,India,Software Engineer,International Wire Transfers,0,35,Medium,0.41,1.0
103083,Sara Ivanov,Panama,Real Estate Agent,Fixed Deposit,0,50,Medium,0.75,6.11
103084,Oluwaseun Nakamura,Germany,Arms Dealer,Savings Account,0,35,Medium,0.4,0.9
103085,Ravi Volkov,India,Accountant,Savings Account,0,25,Medium,0.75,1.2
103086,Chloe Osei,Turkey,Accountant,Credit Card,0,35,Medium,0.29,1.0
103087,Emma Chen,United Kingdom,Accountant,Private Banking,0,20,Low,0.36,3.06
103088,Elena Al-Sayed,Australia,Civil Servant,Savings Account,0,0,Low,0.74,3.48
103089,Ravi Patel,Mexico,Doctor,Crypto Wallet,0,45,Medium,0.45,0.9
103090,Sara Rossi,Nigeria,Software Engineer,Fixed Deposit,0,40,Medium,0.38,3.22
103091,Dmitri Petrov,Netherlands,Teacher,Current Account,0,10,Low,0.72,1.2
103092,Hassan Andersson,Japan,Software Engineer,Trade Finance,0,20,Low,0.55,4.69
103093,Thomas Johnson,France,Car Dealer,Current Account,0,10,Low,0.32,1.0
103094,Kenji Silva,United Kingdom,Teacher,Current Account,0,0,Low,0.5,8.25
103095,Kenji Nakamoto,United Kingdom,Accountant,Current Account,0,0,Low,0.85,1.2
103096,Elena Yilmaz,Germany,Accountant,International Wire Transfers,0,30,Medium,0.64,1.0
103097,Dmitri Adeyemi,Australia,Doctor,Credit Card,0,10,Low,0.52,5.48
103098,Oluwaseun Volkov,Turkey,Real Estate Agent,Trade Finance,0,75,High,0.62,0.9
103099,Fatima Kowalski,United States,Software Engineer,Current Account,0,0,Low,0.43,1.0
103100,James Okonkwo,South Africa,Retail Trader,Personal Loan,0,45,Medium,0.54,1.0
103101,Thomas Smith,Germany,Retail Trader,Trade Finance,0,30,Medium,0.34,1.0
103102,Mohammed Fitzgerald,United States,Retail Trader,Savings Account,0,20,Low,0.65,1.0
103103,Chloe Mbeki,Japan,Nurse,Savings Account,0,10,Low,0.25,1.0
103104,Carlos Bello,Australia,Doctor,Credit Card,0,10,Low,0.42,1.2
103105,Priya Yilmaz,United Kingdom,Nurse,Credit Card,0,10,Low,0.33,0.9
103106,Sergei Chen,Iran,Real Estate Agent,Current Account,0,50,Medium,0.67,4.14
103107,Fatima Reddy,Canada,Nurse,Crypto Wallet,0,30,Medium,0.5,1.0
103108,Benjamin Smith,United Kingdom,Real Estate Agent,Savings Account,0,20,Low,0.38,6.43
103109,Wei Brown,India,Retail Trader,Credit Card,0,65,High,0.36,3.46
103110,James Ivanov,France,Nurse,Private Banking,0,20,Low,0.64,1.2
103111,Sara Yilmaz,Ireland,Software Engineer,Personal Loan,0,10,Low,0.35,9.99
103112,Chen Patel,France,Accountant,Credit Card,0,20,Low,0.38,1.2
103113,Benjamin Okafor,Japan,Teacher,Current Account,0,30,Medium,0.5,5.06
103114,Ingrid Bello,United Kingdom,Software Engineer,Savings Account,0,0,Low,0.48,4.67
103115,Tariq Andersson,Canada,Jeweller,Savings Account,0,10,Low,0.55,1.0
103116,Grace Smith,United States,Doctor,Savings Account,0,30,Medium,0.33,1.0
103117,Sofia Wang,United States,Cash-Intensive Business,Personal Loan,0,45,Medium,0.43,1.2
103118,Yuki Silva,Germany,Accountant,Trade Finance,0,30,Medium,0.43,3.64
103119,Chloe Adeyemi,Netherlands,Casino Operator,Personal Loan,0,35,Medium,0.38,0.9
103120,Oluwaseun Silva,United Kingdom,Civil Servant,Current Account,0,10,Low,0.43,1.0
103121,Rajesh Reddy,United Kingdom,Accountant,Current Account,0,0,Low,0.4,5.81
103122,Kwame Yilmaz,Brazil,Nurse,Savings Account,0,25,Medium,0.33,1.2
103123,Adebayo Andersson,United Kingdom,Civil Servant,Current Account,0,40,Medium,0.41,1.0
103124,Kenji Lindqvist,Canada,Nurse,Trade Finance,0,30,Medium,0.43,0.9
103125,Noah Lindqvist,Turkey,Civil Servant,Personal Loan,0,35,Medium,0.37,4.55
103126,Noah Fitzgerald,China,Jeweller,Current Account,0,35,Medium,0.43,0.9
103127,Tariq Yilmaz,China,Accountant,International Wire Transfers,0,35,Medium,0.54,4.6
103128,Zara Kimura,United States,Retail Trader,Fixed Deposit,0,10,Low,0.35,1.0
103129,Ingrid Al-Sayed,Canada,Software Engineer,Current Account,0,25,Medium,0.76,2.02
103130,Tariq Nakamura,Sweden,Jeweller,Private Banking,0,40,Medium,0.57,1.0
103131,Emma Chen,Australia,Real Estate Agent,Savings Account,0,20,Low,0.36,2.69
103132,Priya Patel,Japan,Teacher,Fixed Deposit,0,10,Low,0.45,0.9
103133,Emma Ivanov,France,Cash-Intensive Business,Credit Card,0,45,Medium,0.67,1.2
103134,Adebayo Bello,Brazil,Import/Export Trader,Current Account,0,25,Medium,0.38,1.2
103135,Sergei Hall,Russia,Retail Trader,Crypto Wallet,0,80,High,0.67,1.0
103136,Nadia Khan,Iran,Teacher,Current Account,0,65,High,0.73,1.0
103137,Aisha Silva,United States,Software Engineer,International Wire Transfers,0,35,Medium,0.43,1.0
103138,Aisha Kowalski,Japan,Doctor,Credit Card,0,10,Low,0.43,1.0
103139,Hassan Hall,United Kingdom,Cash-Intensive Business,Current Account,0,25,Medium,0.64,1.0
103140,Carlos Patel,Brazil,Nurse,Current Account,0,25,Medium,0.48,1.0
103141,Adebayo Khan,South Africa,Teacher,Personal Loan,0,35,Medium,0.5,1.0
103142,Dmitri Kimura,Afghanistan,Accountant,Trade Finance,0,80,High,0.62,1.0
103143,Sergei Ivanov,Canada,Import/Export Trader,Current Account,0,35,Medium,1.0,1.0
103144,Kwame Nakamoto,Japan,Casino Operator,Trade Finance,0,45,Medium,0.85,1.0
103145,Noah Wang,United States,Civil Servant,Crypto Wallet,0,30,Medium,0.38,0.9
103146,Noah Rossi,France,Precious Metals Dealer,Current Account,0,25,Medium,0.38,1.2
103147,Carlos Kowalski,Sweden,Import/Export Trader,Current Account,0,20,Low,0.43,1.0
103148,Ingrid Okafor,Ireland,Civil Servant,Current Account,0,10,Low,0.54,5.33
103149,Priya Wang,India,Teacher,Trade Finance,0,45,Medium,0.43,1.0
103150,Liam Okafor,Ireland,Doctor,Personal Loan,0,20,Low,0.5,1.2
103151,Ingrid Haddad,India,Import/Export Trader,Personal Loan,0,35,Medium,0.64,1.0
103152,Sara Nakamura,United States,Civil Servant,Fixed Deposit,0,30,Medium,0.48,3.1
103153,Mei Sokolov,South Africa,Import/Export Trader,Savings Account,0,35,Medium,0.8,1.0
103154,Wei Kimura,United Kingdom,Teacher,Credit Card,0,10,Low,0.43,1.0
103155,Yuki Nguyen,United Kingdom,Teacher,Crypto Wallet,1,60,High,0.35,1.2
103156,Mary Osei,Canada,Accountant,Credit Card,0,10,Low,0.45,1.0
103157,Carlos Sokolov,Germany,Civil Servant,Current Account,0,10,Low,0.74,1.0
103158,Sergei Dubois,United Kingdom,Nurse,Savings Account,0,0,Low,0.62,2.38
103159,Yuki Fitzgerald,Japan,Teacher,International Wire Transfers,0,20,Low,0.34,3.74
103160,Ivan Rossi,UAE,Civil Servant,Fixed Deposit,0,15,Low,0.67,1.0
103161,Adebayo Osei,Turkey,Real Estate Agent,Current Account,0,25,Medium,0.33,1.0
103162,Fatima Lindqvist,Canada,Import/Export Trader,Personal Loan,0,30,Medium,0.36,1.2
103163,Fatima Dubois,UAE,Jeweller,Savings Account,0,35,Medium,0.4,8.48
103164,Kwame Kowalski,India,Civil Servant,Current Account,0,40,Medium,0.5,1.0
103165,Kenji Chen,Afghanistan,Teacher,Credit Card,0,60,High,0.36,1.0
103166,Hassan Hall,India,Real Estate Agent,Crypto Wallet,0,45,Medium,0.64,4.07
103167,Adebayo Lindqvist,Japan,Money Service Business,Fixed Deposit,0,35,Medium,0.34,1.2
103168,Hassan Lindqvist,Australia,Nurse,Trade Finance,0,30,Medium,0.48,0.9
103169,Chen Nakamura,Canada,Retail Trader,Fixed Deposit,0,20,Low,0.48,1.0
103170,Amara Wang,Ireland,Civil Servant,Credit Card,0,20,Low,0.43,1.0
103171,Kwame Mbeki,Netherlands,Nurse,Savings Account,0,10,Low,0.34,2.36
103172,Grace Okafor,Canada,Import/Export Trader,Crypto Wallet,0,40,Medium,0.48,1.0
103173,Oluwaseun Lindqvist,France,Accountant,International Wire Transfers,0,45,Medium,0.33,0.9
103174,Benjamin Adeyemi,Nigeria,Money Service Business,International Wire Transfers,0,85,High,0.4,0.9
103175,Ingrid Petrov,Russia,Accountant,Crypto Wallet,0,70,High,0.75,1.0
103176,Zara Smith,Australia,Software Engineer,Savings Account,0,15,Low,0.36,0.9
103177,Dmitri Khan,UAE,Accountant,Crypto Wallet,0,35,Medium,0.67,1.0
103178,Zara Kimura,United Kingdom,Accountant,International Wire Transfers,0,30,Medium,0.35,1.0
103179,Priya Ivanov,United Kingdom,Accountant,Savings Account,0,10,Low,0.72,1.0
103180,Emma Smith,Brazil,Software Engineer,Personal Loan,0,25,Medium,0.36,0.9
103181,Carlos Al-Sayed,United States,Money Service Business,Savings Account,0,35,Medium,0.79,5.41
103182,Mei Okafor,Canada,Accountant,Savings Account,0,0,Low,0.52,0.9
103183,Lucas Wang,Sweden,Nurse,Current Account,0,20,Low,0.37,0.9
103184,Oluwaseun Chen,Nigeria,Civil Servant,Crypto Wallet,0,45,Medium,0.39,1.0
103185,Wei Lindqvist,United Kingdom,Jeweller,Credit Card,0,30,Medium,0.46,7.18
103186,Thomas Bello,Brazil,Teacher,International Wire Transfers,0,45,Medium,0.42,1.0
103187,Priya Wang,Germany,Teacher,Savings Account,0,10,Low,0.43,1.0
103188,Ravi Nakamura,Germany,Nurse,Personal Loan,0,20,Low,0.56,1.0
103189,Priya Ivanov,Sweden,Precious Metals Dealer,Trade Finance,0,55,Medium,0.72,1.0
103190,Thomas Kimura,United States,Car Dealer,Credit Card,0,20,Low,0.38,0.9
103191,Priya Nguyen,Nigeria,Retail Trader,Fixed Deposit,0,35,Medium,0.41,2.29
103192,Kwame Reddy,Canada,Real Estate Agent,Personal Loan,0,45,Medium,0.35,1.0
103193,Amara Haddad,UAE,Jeweller,Fixed Deposit,0,25,Medium,0.75,8.32
103194,Sara Mbeki,UAE,Retail Trader,Credit Card,0,35,Medium,0.33,5.18
103195,Aisha Patel,Japan,Teacher,Savings Account,0,10,Low,0.43,1.0
103196,Fatima Wang,United States,Civil Servant,Current Account,0,10,Low,0.43,0.9
103197,Zara Haddad,United States,Civil Servant,Current Account,0,0,Low,0.78,0.9
103198,Chen Johnson,United Kingdom,Jeweller,International Wire Transfers,0,30,Medium,0.4,2.86
103199,Chen Nakamura,Netherlands,Civil Servant,Credit Card,0,20,Low,0.48,2.48
103200,Wei Volkov,Iran,Retail Trader,Savings Account,0,60,High,0.7,0.9
103201,Kenji Smith,Brazil,Civil Servant,Current Account,0,25,Medium,0.35,1.0
103202,Mei Nakamoto,United States,Money Service Business,Savings Account,0,25,Medium,0.83,1.0
103203,Sofia Bello,Australia,Real Estate Agent,Current Account,0,10,Low,0.33,3.28
103204,Liam Kimura,India,Doctor,Current Account,1,40,Medium,0.42,0.9
103205,Nadia Nakamura,Kenya,Software Engineer,Credit Card,0,35,Medium,0.62,1.2
103206,Ravi Johnson,Sweden,Software Engineer,Current Account,0,10,Low,0.4,4.36
103207,Adebayo Sokolov,Canada,Nurse,Fixed Deposit,0,0,Low,0.71,1.0
103208,Oluwaseun Brown,Russia,Nurse,Current Account,0,40,Medium,0.38,1.2
103209,Mary Yilmaz,United Kingdom,Casino Operator,Current Account,0,35,Medium,0.33,1.0
103210,Fatima Haddad,United States,Software Engineer,Credit Card,0,25,Medium,0.8,1.2
103211,Ivan Johnson,Turkey,Retail Trader,Credit Card,0,45,Medium,0.52,0.9
103212,Priya Cole,Netherlands,Retail Trader,Personal Loan,0,30,Medium,0.43,1.0
103213,Kenji Chen,Japan,Car Dealer,Fixed Deposit,0,20,Low,0.36,8.39
103214,Liam Dubois,Sweden,Precious Metals Dealer,Private Banking,0,55,Medium,0.36,1.0
103215,Adebayo Khan,Ireland,Civil Servant,Fixed Deposit,0,0,Low,0.5,7.56
103216,Oluwaseun Chen,South Africa,Car Dealer,Personal Loan,0,45,Medium,0.39,2.81
103217,Noah Brown,Canada,Retail Trader,Fixed Deposit,0,20,Low,0.38,1.0
103218,Tariq Johnson,United States,Retail Trader,Crypto Wallet,0,40,Medium,0.52,1.0
103219,Adebayo Cole,Turkey,Car Dealer,Personal Loan,0,45,Medium,0.4,0.9
103220,Tariq Fitzgerald,United Kingdom,Accountant,Current Account,0,0,Low,0.6,1.0
103221,Sergei Petrov,Nigeria,Real Estate Agent,International Wire Transfers,0,55,Medium,0.69,5.52
103222,Wei Lindqvist,Ireland,Precious Metals Dealer,International Wire Transfers,0,45,Medium,0.46,1.0
103223,Mohammed Osei,Canada,Retail Trader,Crypto Wallet,0,50,Medium,0.71,5.63
103224,Carlos Khan,North Korea,Import/Export Trader,Fixed Deposit,0,60,High,0.43,1.0
103225,Priya Mbeki,India,Nurse,Fixed Deposit,0,25,Medium,0.35,0.9
103226,Yuki Hall,China,Accountant,Trade Finance,0,45,Medium,0.38,3.84
103227,Mohammed Andersson,Kenya,Precious Metals Dealer,Savings Account,0,50,Medium,0.61,3.59
103228,Kenji Khan,Mexico,Accountant,Current Account,0,25,Medium,0.45,9.63
103229,Fatima Mbeki,Ireland,Import/Export Trader,International Wire Transfers,0,40,Medium,0.33,2.07
103230,Chen Muller,United Kingdom,Accountant,Trade Finance,0,20,Low,0.36,1.0
103231,Lucas Bello,Canada,Software Engineer,Credit Card,0,20,Low,0.42,5.9
103232,Noah Osei,India,Teacher,Current Account,0,25,Medium,0.45,1.0
103233,Mei Volkov,Canada,Software Engineer,Fixed Deposit,0,0,Low,0.78,7.11
103234,Hassan Lindqvist,Germany,Nurse,Savings Account,0,0,Low,0.48,1.2
103235,Mohammed Petrov,South Africa,Car Dealer,Trade Finance,1,95,High,0.62,8.43
103236,Ingrid Wang,Syria,Nurse,Current Account,0,50,Medium,0.36,3.76
103237,Lucas Wang,Ireland,Teacher,International Wire Transfers,0,50,Medium,0.37,0.9
103238,Carlos Okonkwo,Germany,Car Dealer,Credit Card,0,30,Medium,0.52,0.9
103239,Chen Petrov,Mexico,Teacher,Credit Card,0,35,Medium,0.73,6.03
103240,Hassan Okonkwo,Germany,Retail Trader,Credit Card,0,20,Low,0.45,1.2
103241,Wei Sokolov,Brazil,Retail Trader,Current Account,0,35,Medium,0.8,1.0
103242,Mary Smith,United Kingdom,Accountant,Crypto Wallet,0,30,Medium,0.36,0.9
103243,Adebayo Cole,Germany,Money Service Business,Fixed Deposit,0,35,Medium,0.4,9.05
103244,Oluwaseun Yilmaz,United Kingdom,Money Service Business,Fixed Deposit,0,25,Medium,0.36,1.2
103245,Tariq Nakamura,Germany,Car Dealer,Credit Card,0,20,Low,0.57,6.43
103246,Mohammed Chen,France,Software Engineer,Fixed Deposit,0,45,Medium,0.65,8.69
103247,Fatima Wang,Turkey,Import/Export Trader,Current Account,0,35,Medium,0.43,0.9
103248,Hassan Sokolov,UAE,Software Engineer,Trade Finance,0,60,High,0.67,1.0
103249,James Nakamura,Australia,Accountant,Savings Account,0,10,Low,0.54,1.0
103250,Grace Mbeki,Panama,Jeweller,Fixed Deposit,0,60,High,0.33,1.0
103251,Noah Johnson,Germany,Car Dealer,Savings Account,0,20,Low,0.32,1.0
103252,Zara Okafor,Netherlands,Software Engineer,Fixed Deposit,0,10,Low,0.42,4.03
103253,Amara Cole,Ireland,Retail Trader,Fixed Deposit,0,10,Low,0.52,8.34
103254,Noah Bello,United States,Jeweller,International Wire Transfers,0,55,Medium,0.43,1.0
103255,Amara Nakamoto,Brazil,Import/Export Trader,Fixed Deposit,0,35,Medium,0.77,1.0
103256,Sofia Brown,Canada,Software Engineer,Fixed Deposit,0,10,Low,0.45,9.57
103257,Fatima Smith,UAE,Teacher,Savings Account,0,25,Medium,0.42,1.2
103258,Kenji Lindqvist,Mexico,Real Estate Agent,Savings Account,0,25,Medium,0.43,1.2
103259,Liam Haddad,Brazil,Teacher,Current Account,1,40,Medium,0.78,3.72
103260,Kenji Patel,Germany,Jeweller,Personal Loan,0,20,Low,0.36,0.9
103261,Yuki Patel,Canada,Software Engineer,Fixed Deposit,0,0,Low,0.45,1.2
103262,Sofia Hall,United Kingdom,Accountant,Savings Account,0,25,Medium,0.45,0.9
103263,Aisha Ivanov,Germany,Nurse,Credit Card,0,20,Low,0.64,1.0
103264,Elena Kimura,India,Nurse,Fixed Deposit,1,50,Medium,0.64,7.53
103265,Ravi Nguyen,India,Teacher,Personal Loan,0,50,Medium,0.43,1.0
103266,Rajesh Nakamura,Nigeria,Teacher,Trade Finance,0,45,Medium,0.44,0.9
103267,Mohammed Yilmaz,Canada,Car Dealer,Savings Account,0,20,Low,0.61,6.09
103268,Benjamin Reddy,Ireland,Civil Servant,Crypto Wallet,0,30,Medium,0.46,1.0
103269,Kwame Lindqvist,Canada,Casino Operator,Current Account,0,35,Medium,0.42,1.2
103270,Nadia Dubois,United Kingdom,Retail Trader,Crypto Wallet,0,40,Medium,0.58,2.38
103271,Mohammed Lindqvist,India,Civil Servant,Private Banking,0,35,Medium,0.67,1.0
103272,Lucas Petrov,Turkey,Retail Trader,Private Banking,0,55,Medium,0.7,4.85
103273,Sergei Khan,Nigeria,Software Engineer,Savings Account,0,25,Medium,0.75,2.37
103274,Noah Cole,Nigeria,Nurse,Credit Card,0,40,Medium,0.45,4.63
103275,Sara Kowalski,Nigeria,Arms Dealer,International Wire Transfers,0,60,High,0.44,9.53
103276,Chen Brown,Mexico,Casino Operator,Current Account,0,50,Medium,0.38,1.0
103277,Lucas Cole,Australia,Arms Dealer,Fixed Deposit,0,35,Medium,0.43,1.0
103278,Chen Smith,China,Car Dealer,Savings Account,0,35,Medium,0.36,1.0
103279,Zara Hall,France,Retail Trader,Private Banking,1,65,High,0.48,1.0
103280,James Smith,Nigeria,Casino Operator,Credit Card,0,60,High,0.34,0.9
103281,Ingrid Nakamoto,Netherlands,Precious Metals Dealer,Current Account,0,35,Medium,0.74,9.99
103282,Aisha Yilmaz,Afghanistan,Nurse,Fixed Deposit,0,50,Medium,0.42,4.21
103283,Lucas Nakamoto,Turkey,Doctor,Fixed Deposit,0,25,Medium,0.69,3.62
103284,Mary Nakamoto,Brazil,Teacher,Current Account,0,25,Medium,0.8,5.82
103285,Dmitri Cole,South Africa,Retail Trader,Credit Card,0,45,Medium,0.75,1.0
103286,Liam Bello,Germany,Civil Servant,Savings Account,0,10,Low,0.48,1.0
103287,Sergei Ivanov,Japan,Cash-Intensive Business,Private Banking,0,55,Medium,1.0,1.2
103288,Yuki Kowalski,Japan,Accountant,International Wire Transfers,0,30,Medium,0.4,1.2
103289,Emma Okonkwo,India,Teacher,Current Account,0,25,Medium,0.48,5.28
103290,Liam Haddad,India,Software Engineer,International Wire Transfers,0,60,High,0.78,5.63
103291,Lucas Chen,United States,Real Estate Agent,Current Account,0,20,Low,0.37,9.01
103292,Aisha Okonkwo,Australia,Doctor,Savings Account,1,35,Medium,0.46,1.0
103293,Chloe Johnson,United Kingdom,Accountant,International Wire Transfers,0,30,Medium,0.24,9.47
103294,Sofia Haddad,Canada,Civil Servant,Crypto Wallet,0,30,Medium,0.75,1.0
103295,Lucas Nguyen,Mexico,Accountant,Fixed Deposit,0,25,Medium,0.32,1.2
103296,Aisha Osei,Turkey,Precious Metals Dealer,Savings Account,0,40,Medium,0.42,0.9
103297,Chloe Ivanov,United Kingdom,Software Engineer,Savings Account,0,10,Low,0.64,1.0
103298,Aisha Okafor,Myanmar,Precious Metals Dealer,Personal Loan,0,85,High,0.42,1.0
103299,Sara Fitzgerald,China,Software Engineer,Crypto Wallet,0,35,Medium,0.37,1.0
103300,Lucas Muller,United Kingdom,Software Engineer,Current Account,0,0,Low,0.35,1.0
103301,Dmitri Smith,United Kingdom,Doctor,Private Banking,0,50,Medium,0.62,4.78
103302,Hassan Nguyen,United Kingdom,Civil Servant,International Wire Transfers,0,30,Medium,0.47,0.9
103303,Chloe Hall,Netherlands,Civil Servant,Savings Account,0,10,Low,0.35,3.1
103304,Sofia Lindqvist,United States,Software Engineer,Current Account,0,0,Low,0.31,0.9
103305,Ingrid Johnson,Australia,Doctor,Private Banking,0,20,Low,0.44,0.9
103306,Benjamin Kimura,Japan,Doctor,Trade Finance,1,60,High,0.43,1.2
103307,Emma Ivanov,Ireland,Precious Metals Dealer,Current Account,0,35,Medium,0.67,1.0
103308,Noah Adeyemi,China,Accountant,Savings Account,0,15,Low,0.48,5.64
103309,Zara Nakamoto,Germany,Jeweller,Current Account,0,10,Low,0.72,3.2
103310,Mary Johnson,Canada,Accountant,Savings Account,0,10,Low,0.4,1.0
103311,Chloe Petrov,United Kingdom,Software Engineer,Current Account,0,10,Low,0.67,3.86
103312,Kenji Osei,Japan,Software Engineer,Personal Loan,0,20,Low,0.35,1.0
103313,Wei Fitzgerald,Australia,Teacher,Fixed Deposit,0,0,Low,0.37,1.0
103314,Chen Yilmaz,Turkey,Real Estate Agent,International Wire Transfers,0,55,Medium,0.42,4.34
103315,Noah Osei,China,Teacher,Savings Account,0,45,Medium,0.45,1.2
103316,Sergei Kowalski,India,Jeweller,Crypto Wallet,0,55,Medium,0.69,1.0
103317,Hassan Ivanov,UAE,Teacher,Current Account,1,50,Medium,0.62,1.2
103318,Thomas Osei,North Korea,Software Engineer,Savings Account,0,50,Medium,0.42,5.88
103319,Grace Lindqvist,Canada,Casino Operator,Savings Account,0,25,Medium,0.36,5.91
103320,Oluwaseun Bello,Nigeria,Casino Operator,Personal Loan,0,60,High,0.38,9.84
103321,Chen Nakamoto,Canada,Car Dealer,Savings Account,0,10,Low,0.72,1.0
103322,Omar Nakamoto,Kenya,Cash-Intensive Business,Savings Account,0,60,High,0.8,0.9
103323,Oluwaseun Wang,Netherlands,Software Engineer,Credit Card,0,10,Low,0.39,9.63
103324,Aisha Haddad,Japan,Retail Trader,Fixed Deposit,0,10,Low,0.83,1.2
103325,Mohammed Fitzgerald,Australia,Civil Servant,Trade Finance,0,30,Medium,0.65,1.0
103326,Elena Yilmaz,Japan,Teacher,Credit Card,0,35,Medium,0.64,1.2
103327,Dmitri Nakamura,Nigeria,Software Engineer,International Wire Transfers,0,45,Medium,0.57,7.44
103328,Sara Yilmaz,United Kingdom,Software Engineer,Fixed Deposit,0,0,Low,0.35,1.0
103329,Dmitri Brown,Turkey,Software Engineer,Trade Finance,0,35,Medium,0.64,4.29
103330,Lucas Osei,Germany,Software Engineer,Savings Account,0,0,Low,0.35,4.02
103331,Elena Fitzgerald,United States,Car Dealer,International Wire Transfers,1,65,High,0.48,0.9
103332,Mary Smith,Germany,Civil Servant,Crypto Wallet,0,30,Medium,0.36,1.2
103333,Benjamin Mbeki,Germany,Teacher,Current Account,0,0,Low,0.37,1.0
103334,Ali Haddad,Iran,Accountant,Current Account,0,50,Medium,0.82,3.34
103335,Oluwaseun Rossi,Iran,Civil Servant,Trade Finance,0,70,High,0.38,0.9
103336,Mei Muller,United Kingdom,Civil Servant,Trade Finance,0,20,Low,0.35,1.0
103337,Lucas Mbeki,Australia,Teacher,Trade Finance,0,30,Medium,0.33,5.68
103338,Priya Khan,United Kingdom,Civil Servant,Fixed Deposit,0,15,Low,0.45,3.26
103339,Chloe Johnson,Sweden,Software Engineer,International Wire Transfers,1,55,Medium,0.24,4.53
103340,Aisha Wang,United States,Doctor,International Wire Transfers,0,30,Medium,0.45,6.98
103341,Noah Bello,Australia,Teacher,Savings Account,0,10,Low,0.43,5.44
103342,Ingrid Okafor,UAE,Car Dealer,Savings Account,0,35,Medium,0.54,1.0
103343,Mei Hall,United States,Civil Servant,Current Account,0,10,Low,0.4,1.2
103344,Yuki Chen,Nigeria,Nurse,Credit Card,0,25,Medium,0.38,1.2
103345,Benjamin Okafor,Nigeria,Teacher,Personal Loan,0,35,Medium,0.5,1.0
103346,Zara Cole,UAE,Import/Export Trader,International Wire Transfers,0,55,Medium,0.45,1.2
103347,Amara Kowalski,China,Teacher,Trade Finance,0,35,Medium,0.52,1.0
103348,Ingrid Bello,Canada,Casino Operator,Fixed Deposit,0,35,Medium,0.48,1.0
103349,Priya Hall,United Kingdom,Jeweller,Current Account,0,20,Low,0.45,0.9
103350,Elena Nakamoto,Germany,Civil Servant,Fixed Deposit,0,10,Low,0.69,8.62
103351,Aisha Okafor,Germany,Casino Operator,International Wire Transfers,0,55,Medium,0.42,9.8
103352,Lucas Johnson,India,Import/Export Trader,Personal Loan,0,60,High,0.38,6.37
103353,Emma Bello,United Kingdom,Arms Dealer,Private Banking,1,70,High,0.43,1.0
103354,Carlos Nakamoto,Nigeria,Retail Trader,Savings Account,0,25,Medium,0.67,1.0
103355,Aisha Brown,Canada,Software Engineer,Credit Card,0,20,Low,0.43,1.0
103356,Chloe Andersson,United States,Casino Operator,Savings Account,0,35,Medium,0.38,9.42
103357,Fatima Volkov,India,Civil Servant,International Wire Transfers,0,45,Medium,0.69,1.2
103358,Yuki Bello,France,Nurse,Credit Card,0,10,Low,0.38,1.2
103359,Noah Reddy,Mexico,Accountant,Credit Card,0,25,Medium,0.45,5.61
103360,Yuki Kimura,Germany,Software Engineer,Credit Card,0,20,Low,0.35,1.0
103361,Ivan Lindqvist,Nigeria,Doctor,Personal Loan,0,35,Medium,0.48,1.0
103362,Thomas Mbeki,Netherlands,Doctor,Credit Card,0,20,Low,0.4,6.27
103363,Ingrid Kimura,Nigeria,Nurse,Credit Card,0,25,Medium,0.38,1.2
103364,Zara Wang,Australia,Accountant,Fixed Deposit,0,0,Low,0.38,1.0
103365,Kwame Bello,UAE,Doctor,Personal Loan,0,25,Medium,0.42,0.9
103366,Carlos Smith,Afghanistan,Software Engineer,Private Banking,0,90,High,0.34,3.14
103367,Kenji Hall,Australia,Software Engineer,Trade Finance,0,65,High,0.45,8.48
103368,Sara Haddad,United Kingdom,Civil Servant,Credit Card,0,25,Medium,0.78,1.0
103369,Mei Kimura,United States,Teacher,International Wire Transfers,0,40,Medium,0.43,1.2
103370,Dmitri Ivanov,Nigeria,Doctor,Private Banking,0,45,Medium,0.77,4.46
103371,Emma Chen,Brazil,Car Dealer,Savings Account,0,25,Medium,0.36,0.9
103372,Noah Nakamoto,United Kingdom,Accountant,Credit Card,0,20,Low,0.72,2.29
103373,Oluwaseun Kowalski,Netherlands,Import/Export Trader,Current Account,0,10,Low,0.39,1.0
103374,Emma Cole,Brazil,Retail Trader,Savings Account,0,35,Medium,0.45,5.63
103375,Elena Johnson,United States,Accountant,Crypto Wallet,0,45,Medium,0.62,4.01
103376,Grace Bello,China,Casino Operator,Crypto Wallet,0,60,High,0.42,1.2
103377,Chen Osei,Canada,Accountant,Savings Account,0,20,Low,0.37,3.01
103378,Rajesh Ivanov,United Kingdom,Real Estate Agent,Savings Account,0,10,Low,0.69,0.9
103379,Hassan Fitzgerald,Japan,Cash-Intensive Business,Trade Finance,0,45,Medium,0.53,4.63
103380,Kenji Wang,Netherlands,Nurse,Personal Loan,0,25,Medium,0.43,1.0
103381,James Chen,United Kingdom,Software Engineer,Current Account,0,10,Low,0.36,3.02
103382,Ravi Wang,United Kingdom,Software Engineer,Credit Card,0,20,Low,0.45,1.0
103383,Thomas Johnson,United Kingdom,Import/Export Trader,Current Account,0,20,Low,0.32,1.0
103384,Hassan Mbeki,France,Real Estate Agent,Savings Account,0,10,Low,0.48,0.9
103385,Sofia Chen,Canada,Teacher,Current Account,0,30,Medium,0.36,1.0
103386,Noah Wang,United Kingdom,Teacher,Current Account,0,30,Medium,0.38,0.9
103387,Hassan Smith,Japan,Retail Trader,Savings Account,0,10,Low,0.55,1.2
103388,Liam Adeyemi,Nigeria,Software Engineer,Savings Account,0,15,Low,0.42,1.2
103389,Nadia Silva,Brazil,Teacher,Credit Card,0,25,Medium,0.61,1.0
103390,Mei Okonkwo,India,Real Estate Agent,Current Account,0,25,Medium,0.56,1.0
103391,Oluwaseun Khan,Germany,Civil Servant,Savings Account,0,10,Low,0.45,4.81
103392,Adebayo Kimura,United States,Software Engineer,Fixed Deposit,0,10,Low,0.38,1.0
103393,Tariq Khan,Canada,Retail Trader,Current Account,0,20,Low,0.58,3.71
103394,Priya Khan,Germany,Precious Metals Dealer,Crypto Wallet,0,45,Medium,0.45,9.92
103395,Mei Brown,Canada,Teacher,Current Account,0,10,Low,0.36,1.0
103396,Yuki Reddy,Turkey,Nurse,Personal Loan,0,35,Medium,0.36,4.86
103397,Dmitri Adeyemi,United States,Software Engineer,Savings Account,0,30,Medium,0.52,1.0
103398,Mei Lindqvist,Russia,Retail Trader,Fixed Deposit,0,60,High,0.46,9.63
103399,Lucas Fitzgerald,Mexico,Accountant,Fixed Deposit,0,25,Medium,0.36,9.52
103400,Sergei Wang,Canada,Nurse,Current Account,0,10,Low,0.75,4.1
103401,Oluwaseun Rossi,Netherlands,Nurse,Current Account,0,25,Medium,0.38,1.2
103402,James Lindqvist,Japan,Software Engineer,Savings Account,0,30,Medium,0.36,1.0
103403,Ivan Lindqvist,UAE,Car Dealer,Savings Account,0,35,Medium,0.48,1.0
103404,Emma Adeyemi,South Africa,Real Estate Agent,Savings Account,0,25,Medium,0.48,1.0
103405,Noah Chen,Japan,Software Engineer,Credit Card,0,20,Low,0.36,0.9
103406,Aisha Volkov,Turkey,Accountant,Credit Card,0,35,Medium,0.64,3.59
103407,Ivan Lindqvist,Japan,Accountant,Crypto Wallet,0,20,Low,0.48,0.9
103408,Thomas Khan,Australia,Jeweller,Savings Account,1,45,Medium,0.43,1.0
103409,Ivan Brown,Panama,Money Service Business,Savings Account,0,65,High,0.67,1.0
103410,Zara Hall,Turkey,Accountant,Private Banking,0,45,Medium,0.48,1.0
103411,Sofia Adeyemi,Brazil,Nurse,Personal Loan,0,55,Medium,0.46,7.44
103412,Benjamin Dubois,Canada,Teacher,Credit Card,0,20,Low,0.37,1.0
103413,Wei Kowalski,Germany,Retail Trader,Savings Account,0,20,Low,0.46,1.2
103414,Dmitri Bello,Canada,Software Engineer,Fixed Deposit,0,10,Low,0.72,3.17
103415,Adebayo Silva,Australia,Software Engineer,Savings Account,0,10,Low,0.46,1.2
103416,Liam Silva,Nigeria,Civil Servant,International Wire Transfers,0,65,High,0.52,1.2
103417,Amara Wang,Netherlands,Civil Servant,Current Account,0,0,Low,0.43,1.2
103418,Chen Al-Sayed,United States,Accountant,Private Banking,0,30,Medium,0.69,7.86
103419,Sofia Wang,United States,Software Engineer,Trade Finance,0,30,Medium,0.43,3.29
103420,Yuki Dubois,Canada,Software Engineer,Credit Card,0,20,Low,0.35,3.5
103421,James Lindqvist,Canada,Teacher,Personal Loan,0,20,Low,0.36,3.29
103422,Lucas Ivanov,Brazil,Civil Servant,Savings Account,0,15,Low,0.64,1.0
103423,Rajesh Volkov,United Kingdom,Real Estate Agent,Personal Loan,0,30,Medium,0.62,1.2
103424,Yuki Petrov,Japan,Accountant,Savings Account,0,10,Low,0.73,1.0
103425,Mohammed Brown,United States,Casino Operator,Credit Card,0,45,Medium,0.62,1.0
103426,Liam Osei,UAE,Civil Servant,Current Account,0,25,Medium,0.4,3.99
103427,Benjamin Kimura,India,Teacher,Current Account,0,15,Low,0.43,1.0
103428,Zara Fitzgerald,Sweden,Real Estate Agent,Fixed Deposit,0,20,Low,0.43,1.0
103429,Ivan Okafor,Nigeria,Car Dealer,Fixed Deposit,0,25,Medium,0.55,1.2
103430,Grace Lindqvist,Australia,Retail Trader,Private Banking,0,40,Medium,0.36,0.9
103431,Sofia Silva,Australia,Civil Servant,Savings Account,0,0,Low,0.5,1.2
103432,Mei Nakamoto,UAE,Nurse,Crypto Wallet,0,45,Medium,0.83,3.19
103433,Chen Petrov,India,Nurse,Fixed Deposit,0,25,Medium,0.73,1.2
103434,Emma Rossi,Russia,Civil Servant,Crypto Wallet,1,85,High,0.43,1.0
103435,Zara Brown,China,Civil Servant,Savings Account,0,15,Low,0.38,1.2
103436,Omar Khan,China,Teacher,Current Account,0,25,Medium,0.55,4.14
103437,Grace Muller,South Africa,Teacher,Savings Account,0,15,Low,0.32,8.02
103438,Emma Lindqvist,United States,Software Engineer,Fixed Deposit,0,10,Low,0.38,3.06
103439,Sergei Silva,Canada,Teacher,Savings Account,0,0,Low,0.8,9.19
103440,Chen Cole,Myanmar,Jeweller,Fixed Deposit,0,50,Medium,0.45,9.59
103441,Sara Chen,India,Retail Trader,Current Account,1,50,Medium,0.38,4.32
103442,Mei Dubois,Mexico,Money Service Business,Savings Account,0,40,Medium,0.36,1.0
103443,Priya Sokolov,China,Software Engineer,Personal Loan,0,25,Medium,0.77,0.9
103444,Grace Khan,United Kingdom,Accountant,Current Account,0,0,Low,0.43,9.54
103445,Sofia Brown,Germany,Jeweller,Crypto Wallet,0,45,Medium,0.45,1.0
103446,Adebayo Yilmaz,Germany,Civil Servant,International Wire Transfers,0,30,Medium,0.38,1.0
103447,Chen Johnson,Germany,Import/Export Trader,Savings Account,0,20,Low,0.4,0.9
103448,Sofia Cole,Nigeria,Civil Servant,Current Account,0,25,Medium,0.35,1.0
103449,Ravi Al-Sayed,Netherlands,Cash-Intensive Business,Savings Account,0,25,Medium,0.81,1.0
103450,Fatima Patel,United States,Nurse,Current Account,0,0,Low,0.42,0.9
103451,Dmitri Osei,South Africa,Import/Export Trader,Current Account,0,35,Medium,0.67,1.2
103452,Zara Kowalski,Brazil,Doctor,Savings Account,0,15,Low,0.46,4.5
103453,Amara Al-Sayed,United Kingdom,Civil Servant,Fixed Deposit,0,10,Low,0.89,1.2
103454,Adebayo Yilmaz,Sweden,Doctor,Savings Account,0,10,Low,0.38,4.33
103455,Noah Mbeki,Turkey,Software Engineer,International Wire Transfers,0,35,Medium,0.35,1.2
103456,Tariq Sokolov,Turkey,Software Engineer,Personal Loan,0,25,Medium,0.81,8.12
103457,Chen Volkov,Canada,Nurse,Savings Account,0,10,Low,0.75,1.0
103458,James Lindqvist,Syria,Teacher,Current Account,0,50,Medium,0.36,1.2
103459,Amara Fitzgerald,UAE,Software Engineer,Savings Account,0,25,Medium,0.48,1.2
103460,Dmitri Silva,Netherlands,Real Estate Agent,Crypto Wallet,1,55,Medium,0.77,1.0
103461,Kwame Fitzgerald,Russia,Car Dealer,Credit Card,0,85,High,0.41,1.2
103462,Adebayo Osei,France,Arms Dealer,Current Account,0,25,Medium,0.33,1.0
103463,Aisha Muller,United Kingdom,Real Estate Agent,Credit Card,1,45,Medium,0.42,1.0
103464,Liam Smith,United States,Car Dealer,Current Account,0,20,Low,0.38,1.0
103465,Lucas Okafor,Kenya,Teacher,Fixed Deposit,0,25,Medium,0.48,1.2
103466,Noah Nakamoto,United Kingdom,Doctor,Personal Loan,0,20,Low,0.72,5.28
103467,Ravi Fitzgerald,Canada,Nurse,Savings Account,0,10,Low,0.41,5.4
103468,Tariq Mbeki,United States,Cash-Intensive Business,Credit Card,0,45,Medium,0.56,0.9
103469,Priya Muller,UAE,Import/Export Trader,Credit Card,0,45,Medium,0.42,1.2
103470,Ingrid Andersson,Japan,Civil Servant,Credit Card,0,20,Low,0.44,8.06
103471,Ivan Nguyen,Japan,Civil Servant,Crypto Wallet,0,30,Medium,0.55,1.2
103472,Emma Chen,Netherlands,Cash-Intensive Business,Current Account,0,50,Medium,0.36,7.0
103473,Mary Nakamura,France,Teacher,Current Account,0,10,Low,0.56,1.0
103474,Zara Okafor,India,Teacher,Personal Loan,0,35,Medium,0.42,4.34
103475,Ravi Nakamoto,Ireland,Nurse,Fixed Deposit,0,15,Low,0.8,4.15
103476,Thomas Mbeki,Canada,Doctor,International Wire Transfers,0,30,Medium,0.4,1.0
103477,Ravi Mbeki,UAE,Doctor,Savings Account,0,15,Low,0.35,1.0
103478,Carlos Reddy,South Africa,Software Engineer,Credit Card,0,25,Medium,0.48,1.0
103479,Emma Khan,United States,Retail Trader,Current Account,0,10,Low,0.45,0.9
103480,Wei Fitzgerald,Canada,Real Estate Agent,Credit Card,0,30,Medium,0.37,4.19
103481,Amara Adeyemi,Germany,Real Estate Agent,Credit Card,0,30,Medium,0.54,5.05
103482,Chen Lindqvist,United Kingdom,Retail Trader,Current Account,0,40,Medium,0.38,6.74
103483,Mei Hall,United Kingdom,Software Engineer,Crypto Wallet,0,30,Medium,0.4,1.2
103484,Mei Wang,Netherlands,Doctor,Fixed Deposit,0,0,Low,0.48,1.0
103485,Priya Kowalski,UAE,Import/Export Trader,Private Banking,0,55,Medium,0.44,4.07
103486,Amara Patel,Canada,Teacher,Fixed Deposit,0,10,Low,0.5,5.28
103487,Chen Lindqvist,Nigeria,Jeweller,Credit Card,0,65,High,0.38,1.0
103488,Benjamin Cole,United States,Retail Trader,Credit Card,0,20,Low,0.46,4.29
103489,Ivan Petrov,Canada,Jeweller,Savings Account,0,20,Low,1.0,6.0
103490,Emma Okafor,China,Import/Export Trader,Private Banking,0,60,High,0.5,1.0
103491,Emma Nakamura,France,Cash-Intensive Business,Savings Account,0,35,Medium,0.56,1.2
103492,Ivan Volkov,Japan,Doctor,Trade Finance,0,30,Medium,0.67,3.66
103493,Grace Fitzgerald,UAE,Retail Trader,Trade Finance,0,45,Medium,0.34,1.0
103494,Ingrid Fitzgerald,Mexico,Software Engineer,Savings Account,0,15,Low,0.39,1.0
103495,Ivan Johnson,Germany,Retail Trader,Crypto Wallet,0,30,Medium,0.52,1.0
103496,Oluwaseun Silva,Japan,Jeweller,Credit Card,0,30,Medium,0.43,4.64
103497,Oluwaseun Okafor,India,Civil Servant,Savings Account,0,15,Low,0.36,0.9
103498,Elena Patel,United States,Doctor,Private Banking,0,20,Low,0.58,1.0
103499,Chloe Hall,United Kingdom,Civil Servant,Current Account,0,25,Medium,0.35,1.0
103500,Carlos Chen,Sweden,Precious Metals Dealer,Savings Account,0,35,Medium,0.42,6.09
103501,Kwame Khan,Japan,Teacher,Personal Loan,0,20,Low,0.37,1.2
103502,Tariq Chen,Mexico,Nurse,Credit Card,0,45,Medium,0.58,3.07
103503,Wei Muller,Canada,Teacher,Savings Account,0,10,Low,0.33,8.82
103504,Fatima Lindqvist,United States,Civil Servant,Fixed Deposit,0,10,Low,0.36,1.0
103505,Oluwaseun Kimura,United Kingdom,Retail Trader,Credit Card,0,30,Medium,0.36,5.41
103506,Mohammed Mbeki,Netherlands,Teacher,Fixed Deposit,0,10,Low,0.62,1.0
103507,Noah Ivanov,United States,Software Engineer,Savings Account,0,10,Low,0.58,7.41
103508,Thomas Silva,Sweden,Civil Servant,Savings Account,0,25,Medium,0.4,9.43
103509,Chen Kowalski,United Kingdom,Nurse,Personal Loan,0,20,Low,0.46,0.9
103510,Mohammed Patel,Sweden,Civil Servant,Fixed Deposit,0,0,Low,0.69,6.99
103511,Liam Sokolov,Germany,Precious Metals Dealer,Personal Loan,0,45,Medium,0.72,5.75
103512,Sara Muller,Germany,Teacher,Fixed Deposit,0,10,Low,0.26,4.52
103513,Kwame Lindqvist,Nigeria,Teacher,Current Account,0,15,Low,0.42,1.0
103514,Ivan Fitzgerald,France,Civil Servant,Trade Finance,0,30,Medium,0.54,1.0
103515,Kwame Kowalski,United States,Nurse,Credit Card,0,10,Low,0.5,1.2
103516,Nadia Bello,China,Jeweller,Savings Account,0,25,Medium,0.52,1.0
103517,Mei Ivanov,Canada,Doctor,Crypto Wallet,0,20,Low,0.78,4.53
103518,Priya Khan,United Kingdom,Import/Export Trader,Current Account,0,10,Low,0.45,1.2
103519,Thomas Yilmaz,United States,Software Engineer,International Wire Transfers,0,30,Medium,0.38,1.2
103520,Adebayo Cole,China,Real Estate Agent,Current Account,0,25,Medium,0.4,2.56
103521,Emma Mbeki,UAE,Arms Dealer,Trade Finance,0,60,High,0.35,5.2
103522,Thomas Al-Sayed,UAE,Doctor,Savings Account,0,25,Medium,0.86,1.0
103523,Amara Wang,Japan,Money Service Business,Personal Loan,0,60,High,0.43,1.0
103524,Emma Smith,India,Real Estate Agent,Personal Loan,0,35,Medium,0.36,6.58
103525,Elena Volkov,United Kingdom,Retail Trader,Fixed Deposit,0,40,Medium,0.96,1.0
103526,Sara Okonkwo,Japan,Nurse,Current Account,0,10,Low,0.54,1.0
103527,Liam Johnson,Ireland,Arms Dealer,Savings Account,0,25,Medium,0.42,1.2
103528,Grace Bello,Canada,Car Dealer,Savings Account,0,35,Medium,0.42,1.0
103529,Mary Brown,Sweden,Retail Trader,Savings Account,0,10,Low,0.38,2.47
103530,Wei Kowalski,Nigeria,Doctor,Current Account,0,25,Medium,0.46,4.52
103531,Omar Hall,Ireland,Accountant,Savings Account,0,10,Low,0.64,2.83
103532,Chloe Al-Sayed,United States,Doctor,Credit Card,0,40,Medium,0.74,4.87
103533,Noah Kimura,United States,Car Dealer,Fixed Deposit,0,20,Low,0.35,1.0
103534,Adebayo Hall,India,Software Engineer,Current Account,0,25,Medium,0.5,0.9
103535,Elena Brown,Japan,Nurse,International Wire Transfers,0,30,Medium,0.58,1.0
103536,Kwame Rossi,United Kingdom,Accountant,Savings Account,0,0,Low,0.48,0.9
103537,Ingrid Al-Sayed,United Kingdom,Software Engineer,Credit Card,0,10,Low,0.76,1.0
103538,Ravi Silva,India,Nurse,Credit Card,0,25,Medium,0.52,1.0
103539,Thomas Smith,Australia,Accountant,Fixed Deposit,0,0,Low,0.34,1.0
103540,Sergei Kowalski,Sweden,Real Estate Agent,Fixed Deposit,0,10,Low,0.69,1.2
103541,Oluwaseun Cole,United States,Accountant,Credit Card,0,20,Low,0.32,1.0
103542,Mary Silva,Netherlands,Car Dealer,Current Account,0,20,Low,0.5,2.59
103543,Thomas Sokolov,France,Doctor,Current Account,0,10,Low,0.67,0.9
103544,Thomas Petrov,Brazil,Doctor,Personal Loan,1,60,High,0.72,0.9
103545,Chen Reddy,Netherlands,Accountant,International Wire Transfers,0,30,Medium,0.37,1.0
103546,Sofia Okonkwo,Canada,Civil Servant,Savings Account,0,10,Low,0.52,0.9
103547,Oluwaseun Muller,France,Accountant,Credit Card,0,10,Low,0.37,1.0
103548,Aisha Dubois,Netherlands,Nurse,Savings Account,0,0,Low,0.42,1.0
103549,Mary Nakamoto,United States,Civil Servant,Credit Card,0,10,Low,0.8,0.9
103550,Ingrid Reddy,United Kingdom,Car Dealer,Fixed Deposit,0,20,Low,0.38,1.0
103551,Hassan Yilmaz,Japan,Jeweller,Credit Card,0,20,Low,0.53,1.2
103552,Priya Muller,Canada,Precious Metals Dealer,Current Account,0,35,Medium,0.42,1.2
103553,Ivan Silva,Nigeria,Money Service Business,International Wire Transfers,0,70,High,0.57,5.66
103554,Zara Haddad,United States,Import/Export Trader,Current Account,0,35,Medium,0.78,1.2
103555,Amara Silva,Canada,Software Engineer,Fixed Deposit,0,10,Low,0.5,1.2
103556,Chloe Reddy,UAE,Doctor,Savings Account,0,15,Low,0.29,2.99
103557,Mei Rossi,China,Teacher,Personal Loan,0,25,Medium,0.36,0.9
103558,Benjamin Nguyen,China,Nurse,International Wire Transfers,0,75,High,0.34,1.0
103559,Zara Petrov,Turkey,Precious Metals Dealer,Savings Account,0,50,Medium,0.73,3.65
103560,Lucas Mbeki,France,Accountant,Current Account,0,10,Low,0.33,1.2
103561,Dmitri Al-Sayed,Russia,Precious Metals Dealer,Current Account,1,100,High,0.83,1.2
103562,Priya Brown,Canada,Software Engineer,Current Account,0,10,Low,0.43,3.89
103563,Hassan Andersson,Canada,Retail Trader,Credit Card,0,30,Medium,0.55,1.0
103564,Mohammed Rossi,Germany,Software Engineer,Credit Card,0,20,Low,0.75,1.2
103565,Aisha Osei,Germany,Accountant,Credit Card,0,20,Low,0.42,1.2
103566,Chloe Chen,South Africa,Jeweller,Savings Account,0,35,Medium,0.26,5.11
103567,Lucas Rossi,United States,Nurse,Credit Card,0,20,Low,0.36,2.11
103568,Sergei Okafor,China,Retail Trader,Fixed Deposit,0,25,Medium,0.74,1.0
103569,Thomas Andersson,United Kingdom,Accountant,Fixed Deposit,0,10,Low,0.43,1.0
103570,Chloe Johnson,Mexico,Jeweller,Current Account,0,35,Medium,0.24,1.0
103571,Dmitri Okafor,United States,Software Engineer,Credit Card,0,10,Low,0.77,1.0
103572,Yuki Petrov,Canada,Software Engineer,Crypto Wallet,0,20,Low,0.73,1.0
103573,Carlos Hall,United Kingdom,Precious Metals Dealer,Crypto Wallet,0,55,Medium,0.42,3.25
103574,Dmitri Nakamoto,Japan,Jeweller,Private Banking,0,30,Medium,0.74,0.9
103575,Yuki Nakamura,Nigeria,Accountant,Savings Account,0,15,Low,0.64,0.9
103576,Kwame Okafor,United States,Jeweller,International Wire Transfers,0,30,Medium,0.48,5.27
103577,Adebayo Reddy,United Kingdom,Accountant,Current Account,0,0,Low,0.48,5.61
103578,Ravi Al-Sayed,United Kingdom,Teacher,Private Banking,0,30,Medium,0.81,2.18
103579,Sergei Johnson,South Africa,Teacher,Private Banking,0,45,Medium,0.64,4.73
103580,Emma Cole,United States,Teacher,Savings Account,0,15,Low,0.45,1.0
103581,Tariq Patel,South Africa,Civil Servant,Credit Card,0,25,Medium,0.64,1.0
103582,Elena Khan,Canada,Teacher,Credit Card,0,20,Low,0.7,0.9
103583,Benjamin Al-Sayed,Canada,Teacher,Trade Finance,0,30,Medium,0.71,1.0
103584,Kwame Okafor,United Kingdom,Retail Trader,Credit Card,0,50,Medium,0.48,1.2
103585,Mei Silva,Nigeria,Retail Trader,Crypto Wallet,0,45,Medium,0.55,1.0
103586,Elena Chen,Ireland,Accountant,International Wire Transfers,0,50,Medium,0.52,0.9
103587,Sergei Kimura,Brazil,Doctor,Credit Card,0,35,Medium,0.69,1.0
103588,Mohammed Haddad,Canada,Nurse,Savings Account,0,10,Low,0.67,1.0
103589,Carlos Bello,United States,Car Dealer,Fixed Deposit,0,10,Low,0.42,0.9
103590,Chloe Dubois,Canada,Real Estate Agent,Current Account,0,20,Low,0.33,1.0
103591,Zara Al-Sayed,United States,Software Engineer,Current Account,0,0,Low,0.85,2.67
103592,Sofia Mbeki,Canada,Civil Servant,Current Account,0,10,Low,0.26,3.45
103593,Oluwaseun Al-Sayed,United Kingdom,Casino Operator,Current Account,0,25,Medium,0.71,7.86
103594,Wei Nguyen,Japan,Money Service Business,Crypto Wallet,0,70,High,0.37,0.9
103595,Wei Khan,Germany,Teacher,Savings Account,0,25,Medium,0.48,1.0
103596,Wei Adeyemi,France,Nurse,Savings Account,0,0,Low,0.4,1.0
103597,Omar Dubois,South Africa,Arms Dealer,Savings Account,0,50,Medium,0.5,5.51
103598,Elena Chen,Sweden,Accountant,Credit Card,0,10,Low,0.52,9.56
103599,Nadia Yilmaz,Germany,Retail Trader,Trade Finance,0,40,Medium,0.58,1.0
103600,Thomas Nguyen,United Kingdom,Teacher,Credit Card,0,40,Medium,0.46,1.2
103601,Carlos Silva,Russia,Accountant,Savings Account,0,40,Medium,0.4,1.2
103602,Nadia Patel,Canada,Precious Metals Dealer,Savings Account,0,35,Medium,0.61,9.99
103603,Omar Silva,China,Nurse,Credit Card,0,35,Medium,0.61,4.65
103604,Elena Osei,Canada,Accountant,International Wire Transfers,0,35,Medium,0.61,1.0
103605,Omar Ivanov,United States,Software Engineer,Fixed Deposit,0,20,Low,0.67,0.9
103606,Sara Sokolov,Germany,Car Dealer,Crypto Wallet,0,30,Medium,0.77,1.0
103607,Priya Hall,United Kingdom,Arms Dealer,Personal Loan,0,45,Medium,0.45,1.2
103608,Fatima Petrov,Australia,Doctor,Current Account,0,15,Low,0.67,0.9
103609,Nadia Petrov,South Africa,Casino Operator,Savings Account,0,50,Medium,0.7,1.0
103610,Mary Petrov,United Kingdom,Nurse,Fixed Deposit,0,0,Low,0.73,0.9
103611,Sofia Adeyemi,United Kingdom,Civil Servant,Credit Card,0,10,Low,0.46,0.9
103612,Mohammed Andersson,Afghanistan,Doctor,Credit Card,0,60,High,0.61,1.0
103613,Priya Volkov,United States,Nurse,Fixed Deposit,0,0,Low,0.72,1.0
103614,Oluwaseun Fitzgerald,United States,Nurse,Savings Account,0,10,Low,0.38,1.0
103615,Mei Chen,United Kingdom,Precious Metals Dealer,Private Banking,0,55,Medium,0.38,1.2
103616,Amara Andersson,North Korea,Jeweller,Personal Loan,0,60,High,0.43,1.0
103617,James Mbeki,China,Teacher,International Wire Transfers,0,35,Medium,0.34,1.0
103618,Omar Osei,France,Accountant,Fixed Deposit,0,10,Low,0.64,1.0
103619,Chen Nakamoto,UAE,Software Engineer,Private Banking,0,60,High,0.72,4.87
103620,Sofia Andersson,Russia,Import/Export Trader,Credit Card,0,60,High,0.46,1.0
103621,Ravi Brown,Turkey,Software Engineer,Current Account,0,25,Medium,0.45,0.9
103622,Dmitri Kowalski,Ireland,Teacher,Fixed Deposit,0,0,Low,0.69,1.0
103623,Mohammed Nakamoto,Sweden,Doctor,Crypto Wallet,0,30,Medium,0.69,1.0
103624,Sofia Silva,China,Software Engineer,Current Account,0,15,Low,0.5,1.0
103625,Amara Brown,Australia,Jeweller,Savings Account,0,20,Low,0.36,0.9
103626,Sofia Haddad,United States,Accountant,Savings Account,0,25,Medium,0.75,4.79
103627,Dmitri Sokolov,United States,Jeweller,Credit Card,0,30,Medium,1.0,1.0
103628,Oluwaseun Hall,Australia,Teacher,Savings Account,0,0,Low,0.45,1.2
103629,Carlos Sokolov,United States,Software Engineer,Credit Card,0,20,Low,0.74,1.2
103630,Lucas Smith,Australia,Civil Servant,Personal Loan,0,10,Low,0.36,1.2
103631,Grace Dubois,United Kingdom,Teacher,Credit Card,0,20,Low,0.33,8.12
103632,Emma Okonkwo,Mexico,Software Engineer,Credit Card,0,35,Medium,0.48,1.0
103633,James Yilmaz,France,Software Engineer,International Wire Transfers,0,30,Medium,0.33,1.0
103634,Ravi Hall,United States,Cash-Intensive Business,International Wire Transfers,0,55,Medium,0.48,3.54
103635,Ravi Adeyemi,Australia,Car Dealer,Savings Account,0,10,Low,0.46,7.44
103636,Amara Silva,Myanmar,Precious Metals Dealer,Personal Loan,0,75,High,0.5,1.2
103637,Ravi Rossi,China,Software Engineer,Crypto Wallet,0,35,Medium,0.45,1.0
103638,Thomas Volkov,Mexico,Accountant,Personal Loan,0,35,Medium,0.62,1.0
103639,Oluwaseun Osei,France,Teacher,Fixed Deposit,0,0,Low,0.32,1.0
103640,Mei Kowalski,Netherlands,Civil Servant,Fixed Deposit,0,10,Low,0.47,1.0
103641,Rajesh Cole,India,Teacher,International Wire Transfers,0,35,Medium,0.42,4.41
103642,Aisha Mbeki,Netherlands,Nurse,Credit Card,1,45,Medium,0.4,0.9
103643,James Yilmaz,United Kingdom,Teacher,International Wire Transfers,0,65,High,0.33,1.2
103644,Mary Al-Sayed,United States,Nurse,Crypto Wallet,0,30,Medium,0.92,1.0
103645,Dmitri Sokolov,Sweden,Software Engineer,Credit Card,0,10,Low,1.0,3.62
103646,Priya Chen,China,Software Engineer,International Wire Transfers,0,45,Medium,0.37,1.0
103647,Dmitri Al-Sayed,Kenya,Software Engineer,Personal Loan,0,25,Medium,0.83,1.2
103648,Priya Brown,France,Accountant,Crypto Wallet,0,20,Low,0.43,4.65
103649,Sara Volkov,Germany,Car Dealer,Savings Account,0,20,Low,0.67,3.64
103650,Chen Lindqvist,Nigeria,Software Engineer,Savings Account,0,15,Low,0.38,5.89
103651,Thomas Nguyen,Russia,Real Estate Agent,Credit Card,0,70,High,0.46,1.2
103652,Nadia Rossi,China,Teacher,Savings Account,0,40,Medium,0.52,5.98
103653,Emma Brown,United Kingdom,Software Engineer,Current Account,0,10,Low,0.35,9.4
103654,Liam Okafor,United Kingdom,Car Dealer,Crypto Wallet,0,60,High,0.5,3.57
103655,Fatima Fitzgerald,France,Software Engineer,Current Account,0,10,Low,0.41,5.08
103656,Ravi Muller,Canada,Doctor,Private Banking,0,20,Low,0.33,1.0
103657,Oluwaseun Lindqvist,China,Teacher,Savings Account,0,15,Low,0.33,1.0
103658,Mei Rossi,Canada,Software Engineer,Savings Account,0,10,Low,0.36,0.9
103659,Rajesh Nakamura,Turkey,Retail Trader,Savings Account,0,40,Medium,0.44,1.0
103660,Benjamin Smith,Sweden,Retail Trader,Savings Account,0,10,Low,0.38,6.57
103661,Grace Okonkwo,India,Real Estate Agent,Crypto Wallet,0,55,Medium,0.54,1.2
103662,Omar Reddy,India,Jeweller,Private Banking,0,55,Medium,0.61,1.0
103663,Fatima Muller,Ireland,Civil Servant,Current Account,0,0,Low,0.38,2.03
103664,Dmitri Kowalski,India,Teacher,Trade Finance,0,65,High,0.69,1.0
103665,Carlos Lindqvist,United Kingdom,Casino Operator,Private Banking,0,55,Medium,0.34,1.0
103666,Benjamin Osei,Turkey,Civil Servant,Credit Card,0,45,Medium,0.38,1.0
103667,Lucas Andersson,Turkey,Retail Trader,Current Account,1,60,High,0.38,1.0
103668,Lucas Rossi,Turkey,Civil Servant,Current Account,0,25,Medium,0.36,1.0
103669,Wei Volkov,United States,Car Dealer,Current Account,0,10,Low,0.7,2.5
103670,Lucas Smith,Canada,Teacher,Credit Card,0,20,Low,0.36,1.0
103671,Dmitri Chen,Brazil,Software Engineer,Current Account,0,25,Medium,0.58,1.0
103672,Amara Nakamura,Kenya,Car Dealer,Private Banking,0,45,Medium,0.54,1.0
103673,Tariq Rossi,Canada,Accountant,Current Account,0,30,Medium,0.56,1.0
103674,Carlos Yilmaz,Germany,Software Engineer,Savings Account,0,15,Low,0.38,1.0
103675,Liam Nakamura,France,Civil Servant,Crypto Wallet,1,45,Medium,0.64,1.2
103676,James Silva,France,Accountant,Savings Account,0,0,Low,0.5,1.0
103677,Aisha Muller,United States,Software Engineer,Fixed Deposit,0,0,Low,0.42,8.06
103678,Nadia Nguyen,France,Accountant,Savings Account,0,10,Low,0.5,1.0
103679,Liam Reddy,Germany,Civil Servant,Crypto Wallet,0,30,Medium,0.45,1.0
103680,Rajesh Al-Sayed,United States,Accountant,Current Account,0,30,Medium,0.71,1.2
103681,Rajesh Kimura,Germany,Real Estate Agent,Savings Account,0,10,Low,0.32,1.0
103682,Grace Cole,Nigeria,Jeweller,Current Account,0,35,Medium,0.43,0.9
103683,Sergei Ivanov,Canada,Real Estate Agent,Credit Card,0,30,Medium,1.0,1.0
103684,Zara Okonkwo,Canada,Teacher,Credit Card,0,20,Low,0.48,1.0
103685,Rajesh Lindqvist,Germany,Software Engineer,Crypto Wallet,0,30,Medium,0.35,1.2
103686,Kwame Muller,United States,Jeweller,Savings Account,0,20,Low,0.4,3.01
103687,Wei Hall,Canada,Accountant,Private Banking,0,45,Medium,0.4,6.59
103688,James Ivanov,United Kingdom,Teacher,Savings Account,0,10,Low,0.64,1.0
103689,Nadia Rossi,Germany,Teacher,Personal Loan,0,20,Low,0.52,0.9
103690,Wei Haddad,Turkey,Software Engineer,International Wire Transfers,0,55,Medium,0.73,4.98
103691,Lucas Kowalski,Nigeria,Teacher,Current Account,0,25,Medium,0.44,0.9
103692,James Andersson,France,Teacher,Savings Account,0,0,Low,0.38,1.0
103693,Elena Kimura,Myanmar,Retail Trader,Savings Account,0,50,Medium,0.64,1.0
103694,Aisha Okonkwo,Ireland,Teacher,Crypto Wallet,0,30,Medium,0.46,2.35
103695,Kwame Lindqvist,Mexico,Accountant,Personal Loan,0,25,Medium,0.42,1.0
103696,Emma Mbeki,United States,Import/Export Trader,Credit Card,0,30,Medium,0.35,4.75
103697,Rajesh Mbeki,Turkey,Nurse,Current Account,0,25,Medium,0.33,4.98
103698,Benjamin Brown,Germany,Real Estate Agent,Savings Account,0,20,Low,0.4,1.2
103699,Ravi Patel,Canada,Jeweller,Private Banking,0,30,Medium,0.45,1.0
103700,James Petrov,France,Retail Trader,Credit Card,0,30,Medium,0.7,4.79
103701,Mei Petrov,Myanmar,Teacher,Private Banking,0,70,High,0.76,1.0
103702,Noah Hall,United States,Cash-Intensive Business,International Wire Transfers,0,45,Medium,0.48,0.9
103703,Wei Patel,United Kingdom,Doctor,Personal Loan,0,20,Low,0.4,1.0
103704,Lucas Muller,Japan,Cash-Intensive Business,Savings Account,0,50,Medium,0.35,1.0
103705,Noah Cole,China,Import/Export Trader,Savings Account,0,25,Medium,0.45,1.0
103706,Adebayo Cole,UAE,Casino Operator,Current Account,0,65,High,0.4,1.2
103707,Wei Mbeki,Sweden,Import/Export Trader,Credit Card,0,30,Medium,0.36,1.0
103708,Yuki Okafor,Turkey,Nurse,Fixed Deposit,0,25,Medium,0.52,1.0
103709,Dmitri Volkov,China,Retail Trader,Fixed Deposit,0,25,Medium,1.0,1.0
103710,Noah Muller,Netherlands,Retail Trader,Credit Card,0,30,Medium,0.42,1.0
103711,James Petrov,Iran,Doctor,Current Account,0,50,Medium,0.7,0.9
103712,Ingrid Nakamura,Germany,Software Engineer,Crypto Wallet,0,30,Medium,0.52,1.2
103713,Amara Reddy,France,Money Service Business,International Wire Transfers,0,55,Medium,0.5,1.2
103714,Sergei Sokolov,Australia,Software Engineer,International Wire Transfers,0,20,Low,1.0,1.0
103715,Hassan Kowalski,Mexico,Accountant,Credit Card,0,50,Medium,0.5,4.07
103716,Elena Johnson,Germany,Software Engineer,Credit Card,0,10,Low,0.62,2.68
103717,Ivan Osei,United Kingdom,Car Dealer,Credit Card,0,30,Medium,0.6,1.0
103718,Oluwaseun Kimura,United Kingdom,Casino Operator,Credit Card,0,35,Medium,0.36,1.0
103719,Emma Yilmaz,Germany,Civil Servant,Private Banking,0,30,Medium,0.42,1.0
103720,Chen Muller,Afghanistan,Teacher,Current Account,0,50,Medium,0.36,1.2
103721,Benjamin Chen,France,Doctor,International Wire Transfers,0,30,Medium,0.4,1.2
103722,Amara Kowalski,Turkey,Cash-Intensive Business,Savings Account,0,50,Medium,0.52,1.0
103723,Sara Khan,United States,Nurse,Savings Account,0,0,Low,0.48,1.2
103724,Mohammed Hall,United Kingdom,Precious Metals Dealer,International Wire Transfers,0,55,Medium,0.71,5.24
103725,Mary Smith,South Africa,Retail Trader,Savings Account,0,35,Medium,0.36,3.66
103726,Ingrid Muller,India,Teacher,Savings Account,0,25,Medium,0.4,6.18
103727,Noah Smith,Brazil,Doctor,Credit Card,0,35,Medium,0.35,1.0
103728,James Wang,United Kingdom,Nurse,Trade Finance,0,20,Low,0.35,1.0
103729,Mei Brown,United Kingdom,Teacher,International Wire Transfers,0,20,Low,0.36,4.06
103730,Carlos Mbeki,Canada,Software Engineer,Private Banking,0,30,Medium,0.4,4.64
103731,Mei Smith,Germany,Retail Trader,Current Account,0,20,Low,0.38,4.58
103732,Kenji Petrov,United Kingdom,Retail Trader,Private Banking,0,40,Medium,0.7,1.0
103733,James Okafor,UAE,Real Estate Agent,Current Account,0,25,Medium,0.48,8.12
103734,Sergei Nakamoto,Canada,Teacher,Current Account,0,0,Low,0.74,0.9
103735,Amara Rossi,Australia,Car Dealer,Credit Card,0,20,Low,0.48,0.9
103736,Wei Muller,Brazil,Car Dealer,Trade Finance,0,45,Medium,0.33,1.0
103737,Elena Nakamura,United Kingdom,Software Engineer,International Wire Transfers,0,20,Low,0.52,1.2
103738,Emma Mbeki,United States,Civil Servant,Credit Card,0,20,Low,0.35,4.86
103739,Noah Al-Sayed,Germany,Car Dealer,Personal Loan,0,20,Low,0.85,1.0
103740,Ravi Silva,South Africa,Teacher,Private Banking,0,35,Medium,0.52,8.81
103741,Adebayo Volkov,United Kingdom,Accountant,Private Banking,0,50,Medium,0.59,1.2
103742,Sara Sokolov,Canada,Software Engineer,Fixed Deposit,0,0,Low,0.77,1.0
103743,Mary Muller,Germany,Arms Dealer,Personal Loan,0,55,Medium,0.42,1.0
103744,Yuki Chen,Russia,Civil Servant,Current Account,0,50,Medium,0.38,4.48
103745,Yuki Al-Sayed,United States,Teacher,Trade Finance,0,20,Low,0.74,1.0
103746,Benjamin Petrov,Netherlands,Nurse,Trade Finance,0,30,Medium,0.69,3.67
103747,Yuki Mbeki,United States,Civil Servant,Credit Card,0,40,Medium,0.36,1.2
103748,Kwame Dubois,Netherlands,Doctor,International Wire Transfers,0,45,Medium,0.33,0.9
103749,Kwame Khan,Germany,Teacher,Savings Account,0,10,Low,0.37,1.2
103750,Oluwaseun Petrov,Brazil,Real Estate Agent,Current Account,0,50,Medium,0.67,1.0
103751,Oluwaseun Smith,France,Car Dealer,Personal Loan,0,30,Medium,0.38,1.0
103752,Nadia Reddy,South Africa,Civil Servant,Current Account,0,25,Medium,0.7,2.39
103753,Priya Kimura,UAE,Teacher,Savings Account,1,40,Medium,0.33,1.0
103754,Hassan Brown,Germany,Accountant,Credit Card,0,10,Low,0.48,1.0
103755,Wei Smith,United Kingdom,Nurse,Credit Card,0,20,Low,0.38,1.2
103756,Yuki Wang,United Kingdom,Teacher,Savings Account,0,20,Low,0.38,1.2
103757,Omar Smith,United States,Car Dealer,Personal Loan,0,20,Low,0.52,1.0
103758,Ivan Kowalski,United Kingdom,Software Engineer,Savings Account,0,10,Low,0.5,1.0
103759,Sergei Petrov,UAE,Money Service Business,Savings Account,0,50,Medium,0.69,7.95
103760,Mohammed Andersson,United Kingdom,Nurse,Personal Loan,0,20,Low,0.61,1.0
103761,Sergei Yilmaz,Nigeria,Retail Trader,Personal Loan,0,45,Medium,0.69,1.2
103762,Thomas Patel,India,Real Estate Agent,Crypto Wallet,0,60,High,0.48,6.23
103763,Lucas Nakamura,Japan,Retail Trader,Savings Account,0,20,Low,0.46,1.2
103764,Sara Cole,South Africa,Jeweller,Current Account,0,25,Medium,0.43,0.9
103765,Amara Andersson,Ireland,Software Engineer,Personal Loan,0,10,Low,0.43,0.9
103766,Ivan Hall,United Kingdom,Civil Servant,Personal Loan,0,20,Low,0.5,1.2
103767,Ravi Haddad,Netherlands,Jeweller,Credit Card,0,30,Medium,0.78,7.74
103768,Mohammed Wang,China,Software Engineer,Savings Account,0,15,Low,0.65,3.4
103769,Yuki Osei,Sweden,Retail Trader,Credit Card,0,20,Low,0.38,5.27
103770,Ravi Khan,United Kingdom,Accountant,Credit Card,0,20,Low,0.48,0.9
103771,James Rossi,Japan,Nurse,International Wire Transfers,0,30,Medium,0.36,1.0
103772,Wei Petrov,India,Import/Export Trader,Trade Finance,0,45,Medium,0.76,1.0
103773,Adebayo Mbeki,Nigeria,Import/Export Trader,Crypto Wallet,0,55,Medium,0.32,1.0
103774,Elena Johnson,Sweden,Civil Servant,Current Account,0,10,Low,0.62,5.77
103775,Hassan Petrov,Myanmar,Real Estate Agent,Current Account,0,60,High,0.75,0.9
103776,Ravi Wang,Germany,Nurse,International Wire Transfers,0,30,Medium,0.45,1.2
103777,Hassan Nakamoto,Ireland,Retail Trader,Private Banking,0,40,Medium,0.67,3.12
103778,Thomas Reddy,France,Software Engineer,Current Account,0,0,Low,0.48,1.0
103779,Sara Johnson,Kenya,Doctor,Savings Account,0,15,Low,0.38,1.0
103780,Nadia Cole,Australia,Doctor,Savings Account,0,0,Low,0.55,1.0
103781,Aisha Ivanov,UAE,Money Service Business,Current Account,0,50,Medium,0.64,4.6
103782,Sergei Chen,France,Import/Export Trader,Savings Account,0,35,Medium,0.67,1.0
103783,Mohammed Kowalski,United States,Accountant,Fixed Deposit,0,10,Low,0.74,1.2
103784,Mohammed Okafor,Netherlands,Civil Servant,Personal Loan,0,20,Low,0.67,1.0
103785,Thomas Patel,Germany,Accountant,International Wire Transfers,0,20,Low,0.48,4.33
103786,Benjamin Reddy,Iran,Nurse,Current Account,0,40,Medium,0.46,1.2
103787,Emma Cole,Kenya,Accountant,Savings Account,0,15,Low,0.45,1.2
103788,Rajesh Kowalski,Germany,Precious Metals Dealer,Crypto Wallet,0,45,Medium,0.43,1.0
103789,Yuki Rossi,UAE,Civil Servant,Savings Account,0,15,Low,0.38,1.2
103790,Adebayo Osei,China,Accountant,Savings Account,0,15,Low,0.33,1.0
103791,Tariq Volkov,Japan,Doctor,Current Account,0,10,Low,0.8,0.9
103792,Priya Smith,Nigeria,Software Engineer,Current Account,0,25,Medium,0.35,8.57
103793,Liam Kowalski,UAE,Civil Servant,Savings Account,0,15,Low,0.46,5.67
103794,Sergei Cole,Kenya,Civil Servant,Current Account,0,30,Medium,0.72,3.81
103795,James Chen,United Kingdom,Software Engineer,Credit Card,0,20,Low,0.36,1.0
103796,Ravi Chen,Germany,Nurse,Current Account,0,0,Low,0.38,3.25
103797,Omar Okafor,United Kingdom,Precious Metals Dealer,Credit Card,0,35,Medium,0.5,6.92
103798,Benjamin Mbeki,Japan,Teacher,Private Banking,0,30,Medium,0.37,1.0
103799,Mary Wang,Nigeria,Jeweller,Trade Finance,0,55,Medium,0.36,3.81
103800,Emma Silva,United Kingdom,Retail Trader,Current Account,0,10,Low,0.52,8.12
103801,Zara Nguyen,Canada,Software Engineer,Savings Account,0,10,Low,0.42,1.0
103802,Liam Silva,Japan,Civil Servant,International Wire Transfers,0,30,Medium,0.52,0.9
103803,Priya Lindqvist,Nigeria,Software Engineer,Private Banking,0,35,Medium,0.36,1.0
103804,Mohammed Dubois,United Kingdom,Jeweller,Savings Account,0,20,Low,0.61,1.0
103805,Benjamin Nakamoto,Nigeria,Casino Operator,Trade Finance,0,75,High,0.69,1.0
103806,Mohammed Nakamura,Australia,Software Engineer,Personal Loan,0,20,Low,0.69,3.69
103807,Hassan Yilmaz,Australia,Real Estate Agent,Credit Card,0,30,Medium,0.53,1.0
103808,Thomas Silva,United States,Teacher,International Wire Transfers,0,20,Low,0.4,1.2
103809,Ingrid Dubois,United Kingdom,Real Estate Agent,Credit Card,0,30,Medium,0.38,2.75
103810,Hassan Nakamura,Sweden,Car Dealer,Current Account,0,20,Low,0.56,9.06
103811,Nadia Osei,South Africa,Civil Servant,Credit Card,0,35,Medium,0.55,1.0
103812,Mohammed Mbeki,Germany,Car Dealer,Credit Card,0,20,Low,0.62,0.9
103813,Yuki Dubois,Australia,Teacher,Personal Loan,0,10,Low,0.35,5.32
103814,Zara Okafor,Iran,Precious Metals Dealer,Credit Card,0,75,High,0.42,5.48
103815,James Haddad,United Kingdom,Doctor,Savings Account,0,0,Low,0.67,2.79
103816,Nadia Rossi,United Kingdom,Software Engineer,Personal Loan,0,10,Low,0.52,7.13
103817,Oluwaseun Kimura,Nigeria,Accountant,International Wire Transfers,0,35,Medium,0.36,0.9
103818,Lucas Kowalski,Germany,Doctor,Fixed Deposit,0,10,Low,0.44,1.0
103819,Lucas Adeyemi,Kenya,Precious Metals Dealer,Savings Account,0,50,Medium,0.4,1.2
103820,Amara Nakamoto,China,Software Engineer,Personal Loan,0,25,Medium,0.77,1.0
103821,Chloe Reddy,United Kingdom,Import/Export Trader,Fixed Deposit,0,10,Low,0.29,1.0
103822,Priya Hall,Japan,Import/Export Trader,Current Account,0,10,Low,0.45,1.0
103823,Priya Nakamoto,Brazil,Accountant,Private Banking,0,45,Medium,0.77,1.0
103824,Chloe Chen,Germany,Jeweller,Personal Loan,0,30,Medium,0.26,1.0
103825,Ivan Smith,China,Jeweller,Savings Account,0,25,Medium,0.57,0.9
103826,Yuki Reddy,Japan,Teacher,Credit Card,0,20,Low,0.36,1.0
103827,Benjamin Okafor,Nigeria,Retail Trader,Credit Card,0,35,Medium,0.5,1.0
103828,Wei Bello,Australia,Nurse,Crypto Wallet,0,30,Medium,0.43,4.27
103829,Benjamin Adeyemi,Nigeria,Civil Servant,Crypto Wallet,0,45,Medium,0.4,3.29
103830,Rajesh Patel,Japan,Import/Export Trader,Fixed Deposit,0,10,Low,0.42,0.9
103831,Tariq Nguyen,United Kingdom,Real Estate Agent,Savings Account,0,10,Low,0.62,1.0
103832,Benjamin Osei,Syria,Doctor,Personal Loan,0,50,Medium,0.38,9.4
103833,Elena Kimura,United States,Teacher,Credit Card,0,10,Low,0.64,0.9
103834,Sara Osei,Netherlands,Teacher,Current Account,0,0,Low,0.37,3.89
103835,Elena Patel,Sweden,Teacher,Credit Card,0,10,Low,0.58,1.0
103836,Nadia Cole,Russia,Import/Export Trader,Current Account,0,60,High,0.55,1.0
103837,Amara Smith,United Kingdom,Software Engineer,Fixed Deposit,0,10,Low,0.48,1.0
103838,Aisha Patel,Mexico,Import/Export Trader,Credit Card,0,50,Medium,0.43,3.05
103839,Mary Andersson,United Kingdom,Nurse,Fixed Deposit,0,10,Low,0.44,4.1
103840,Tariq Nakamura,Panama,Software Engineer,Personal Loan,0,60,High,0.57,4.56
103841,Adebayo Yilmaz,Australia,Software Engineer,Fixed Deposit,0,10,Low,0.38,1.0
103842,Dmitri Mbeki,India,Teacher,Personal Loan,0,25,Medium,0.64,1.2
103843,Aisha Wang,United Kingdom,Teacher,International Wire Transfers,0,30,Medium,0.45,1.2
103844,Mohammed Osei,Panama,Nurse,Current Account,0,40,Medium,0.71,1.2
103845,Mei Mbeki,United Kingdom,Casino Operator,Trade Finance,0,55,Medium,0.36,4.58
103846,Lucas Reddy,Kenya,Precious Metals Dealer,Current Account,0,40,Medium,0.43,1.2
103847,Lucas Cole,United Kingdom,Nurse,Fixed Deposit,0,10,Low,0.43,3.81
103848,Nadia Nakamoto,Mexico,Software Engineer,Current Account,0,30,Medium,0.77,7.78
103849,Liam Osei,Ireland,Teacher,Personal Loan,0,20,Low,0.4,1.0
103850,Chen Muller,Germany,Retail Trader,Credit Card,0,30,Medium,0.36,1.0
103851,James Kowalski,Kenya,Money Service Business,Fixed Deposit,0,40,Medium,0.5,7.91
103852,Chloe Haddad,Nigeria,Jeweller,Fixed Deposit,0,35,Medium,0.58,4.98
103853,Amara Muller,United Kingdom,Doctor,Savings Account,0,10,Low,0.48,1.2
103854,Ingrid Rossi,India,Real Estate Agent,Savings Account,0,35,Medium,0.43,1.2
103855,Aisha Adeyemi,France,Accountant,Credit Card,0,20,Low,0.48,1.0
103856,Yuki Okonkwo,United States,Import/Export Trader,Personal Loan,0,30,Medium,0.46,1.2
103857,Thomas Okafor,Nigeria,Doctor,Credit Card,0,35,Medium,0.4,8.33
103858,Mary Sokolov,Japan,Precious Metals Dealer,Fixed Deposit,0,25,Medium,0.77,1.2
103859,Nadia Khan,United States,Teacher,Savings Account,0,10,Low,0.73,0.9
103860,Sergei Bello,India,Jeweller,Personal Loan,0,35,Medium,0.69,1.0
103861,Grace Silva,Japan,Arms Dealer,Current Account,0,25,Medium,0.5,1.0
103862,Sara Nakamoto,Canada,Nurse,Credit Card,0,20,Low,0.72,4.55
103863,Nadia Sokolov,Afghanistan,Jeweller,Credit Card,0,70,High,0.74,5.11
103864,Dmitri Yilmaz,United States,Arms Dealer,Private Banking,0,55,Medium,0.62,2.07
103865,Carlos Cole,United Kingdom,Import/Export Trader,Trade Finance,0,40,Medium,0.42,1.0
103866,Chloe Dubois,Australia,Accountant,Private Banking,0,30,Medium,0.33,3.5
103867,Kwame Kowalski,Brazil,Retail Trader,Fixed Deposit,0,25,Medium,0.5,1.2
103868,Nadia Cole,Japan,Nurse,Current Account,0,0,Low,0.55,1.0
103869,Kwame Silva,France,Software Engineer,Current Account,0,25,Medium,0.5,0.9
103870,Benjamin Kimura,United Kingdom,Teacher,Savings Account,0,25,Medium,0.43,1.0
103871,Omar Brown,Russia,Real Estate Agent,Current Account,0,60,High,0.45,1.0
103872,Chloe Volkov,France,Car Dealer,Current Account,0,20,Low,0.72,1.0
103873,Wei Nakamura,France,Precious Metals Dealer,Current Account,0,40,Medium,0.58,1.0
103874,Sergei Muller,Netherlands,Software Engineer,Credit Card,1,35,Medium,0.59,7.93
103875,Aisha Fitzgerald,United States,Car Dealer,Trade Finance,0,50,Medium,0.43,1.2
103876,Amara Brown,Canada,Accountant,Personal Loan,0,20,Low,0.36,1.0
103877,Zara Ivanov,Germany,Civil Servant,Savings Account,0,20,Low,0.67,3.24
103878,James Okafor,Canada,Civil Servant,Credit Card,0,10,Low,0.48,1.0
103879,Zara Reddy,UAE,Civil Servant,International Wire Transfers,0,35,Medium,0.45,3.5
103880,Carlos Yilmaz,United States,Doctor,Current Account,0,0,Low,0.38,1.0
103881,Noah Johnson,Canada,Teacher,Personal Loan,0,20,Low,0.32,5.54
103882,Mohammed Rossi,Australia,Nurse,Current Account,0,10,Low,0.75,1.2
103883,Kwame Wang,United States,Doctor,Current Account,0,10,Low,0.36,1.0
103884,Chloe Al-Sayed,UAE,Real Estate Agent,International Wire Transfers,0,55,Medium,0.74,4.41
103885,Chloe Chen,United Kingdom,Money Service Business,Credit Card,0,45,Medium,0.26,5.97
103886,Elena Nakamoto,United Kingdom,Retail Trader,Personal Loan,0,20,Low,0.69,9.08
103887,Chen Al-Sayed,Germany,Jeweller,Fixed Deposit,0,30,Medium,0.69,5.66
103888,Tariq Nguyen,South Africa,Precious Metals Dealer,Credit Card,0,75,High,0.62,1.0
103889,Kwame Okonkwo,Nigeria,Teacher,Personal Loan,0,35,Medium,0.54,1.2
103890,Yuki Johnson,France,Teacher,Savings Account,0,10,Low,0.42,5.49
103891,Nadia Silva,Netherlands,Jeweller,Private Banking,0,40,Medium,0.61,1.0
103892,Dmitri Nguyen,United Kingdom,Teacher,Current Account,0,10,Low,0.54,8.87
103893,Wei Wang,Netherlands,Software Engineer,International Wire Transfers,0,20,Low,0.48,1.0
103894,Fatima Ivanov,UAE,Accountant,Credit Card,0,25,Medium,0.62,0.9
103895,Sofia Hall,Canada,Import/Export Trader,Crypto Wallet,0,40,Medium,0.45,1.2
103896,Grace Nguyen,Nigeria,Casino Operator,Current Account,0,50,Medium,0.32,1.0
103897,Carlos Hall,Canada,Civil Servant,Credit Card,0,20,Low,0.42,1.2
103898,James Sokolov,India,Import/Export Trader,Savings Account,0,25,Medium,0.77,8.17
103899,Amara Silva,France,Real Estate Agent,Current Account,1,45,Medium,0.5,0.9
103900,Zara Chen,Canada,Cash-Intensive Business,Savings Account,0,35,Medium,0.38,0.9
103901,Sara Fitzgerald,UAE,Software Engineer,Credit Card,0,25,Medium,0.37,0.9
103902,Nadia Sokolov,United States,Precious Metals Dealer,Fixed Deposit,0,25,Medium,0.74,1.0
103903,Fatima Nguyen,United Kingdom,Nurse,Savings Account,0,10,Low,0.38,1.2
103904,Priya Kowalski,Nigeria,Nurse,Crypto Wallet,0,45,Medium,0.44,1.0
103905,Elena Muller,United Kingdom,Software Engineer,Fixed Deposit,0,0,Low,0.56,1.0
103906,Grace Nakamura,Japan,Teacher,Crypto Wallet,0,30,Medium,0.46,0.9
103907,Chen Okafor,Germany,Accountant,Crypto Wallet,0,65,High,0.5,5.34
103908,Mary Rossi,South Africa,Software Engineer,Current Account,0,15,Low,0.38,1.2
103909,Aisha Khan,Australia,Car Dealer,Fixed Deposit,0,20,Low,0.52,1.0
103910,Aisha Cole,United States,Software Engineer,Fixed Deposit,0,0,Low,0.42,1.0
103911,Mary Kimura,France,Precious Metals Dealer,Savings Account,0,35,Medium,0.35,4.2
103912,Zara Kowalski,Turkey,Retail Trader,Crypto Wallet,0,70,High,0.46,1.0
103913,Kwame Dubois,Turkey,Civil Servant,Crypto Wallet,0,35,Medium,0.33,3.4
103914,Kwame Lindqvist,United Kingdom,Real Estate Agent,Fixed Deposit,0,20,Low,0.42,0.9
103915,Rajesh Reddy,Australia,Retail Trader,Credit Card,0,55,Medium,0.4,1.0
103916,Nadia Mbeki,United States,Doctor,Personal Loan,0,10,Low,0.52,1.0
103917,Adebayo Muller,Canada,Precious Metals Dealer,Credit Card,0,35,Medium,0.31,3.37
103918,Kwame Nakamura,Myanmar,Retail Trader,Current Account,0,60,High,0.62,9.9
103919,James Dubois,Australia,Civil Servant,Fixed Deposit,0,10,Low,0.33,0.9
103920,Noah Rossi,France,Nurse,Personal Loan,0,20,Low,0.38,1.0
103921,Ravi Dubois,Japan,Jeweller,Trade Finance,0,30,Medium,0.36,0.9
103922,Priya Khan,Sweden,Nurse,Savings Account,0,10,Low,0.45,0.9
103923,Fatima Petrov,UAE,Casino Operator,Credit Card,0,60,High,0.67,2.49
103924,Aisha Bello,Nigeria,Real Estate Agent,Current Account,0,35,Medium,0.43,3.55
103925,Noah Nguyen,Australia,Teacher,Private Banking,0,30,Medium,0.42,5.91
103926,Sofia Nakamura,Australia,Casino Operator,International Wire Transfers,0,45,Medium,0.54,4.72
103927,Sofia Andersson,Germany,Import/Export Trader,International Wire Transfers,0,40,Medium,0.46,1.2
103928,Nadia Adeyemi,Canada,Civil Servant,Current Account,0,10,Low,0.64,1.2
103929,Nadia Yilmaz,Nigeria,Software Engineer,International Wire Transfers,1,70,High,0.58,4.48
103930,Elena Lindqvist,UAE,Import/Export Trader,Current Account,0,35,Medium,0.57,0.9
103931,Liam Chen,United Kingdom,Casino Operator,Crypto Wallet,0,90,High,0.4,0.9
103932,Mei Nakamura,UAE,Money Service Business,Current Account,0,40,Medium,0.58,6.35
103933,Chloe Okafor,Japan,Car Dealer,Current Account,1,45,Medium,0.33,1.0
103934,Thomas Volkov,South Africa,Teacher,Crypto Wallet,0,35,Medium,0.62,3.82
103935,Kenji Brown,United Kingdom,Nurse,Credit Card,1,35,Medium,0.33,3.75
103936,Mohammed Silva,Netherlands,Car Dealer,Credit Card,0,20,Low,0.69,1.0
103937,Ingrid Adeyemi,Turkey,Accountant,Savings Account,0,25,Medium,0.43,1.0
103938,Kwame Johnson,Nigeria,Civil Servant,Current Account,0,15,Low,0.4,1.0
103939,Fatima Adeyemi,Canada,Doctor,International Wire Transfers,0,30,Medium,0.46,1.0
103940,Hassan Nguyen,Japan,Accountant,Savings Account,0,15,Low,0.47,1.2
103941,Aisha Silva,Australia,Jeweller,Fixed Deposit,0,10,Low,0.43,1.0
103942,Sara Patel,Mexico,Accountant,Savings Account,0,25,Medium,0.38,0.9
103943,Nadia Ivanov,China,Doctor,Personal Loan,0,35,Medium,0.64,1.2
103944,Amara Reddy,Brazil,Accountant,Savings Account,0,25,Medium,0.5,1.0
103945,Oluwaseun Okafor,United Kingdom,Civil Servant,Crypto Wallet,0,30,Medium,0.36,1.2
103946,Ravi Lindqvist,Canada,Real Estate Agent,Savings Account,0,20,Low,0.44,1.0
103947,Mei Johnson,United Kingdom,Nurse,Credit Card,0,10,Low,0.42,4.61
103948,Zara Smith,Japan,Accountant,Crypto Wallet,0,45,Medium,0.36,1.0
103949,Chloe Bello,France,Car Dealer,Personal Loan,0,30,Medium,0.33,1.0
103950,Lucas Okonkwo,Germany,Money Service Business,Current Account,0,35,Medium,0.46,0.9
103951,Thomas Lindqvist,Germany,Import/Export Trader,Savings Account,0,20,Low,0.35,0.9
103952,Mei Okonkwo,Canada,Money Service Business,Crypto Wallet,0,60,High,0.56,0.9
103953,Chen Chen,South Africa,Nurse,Savings Account,0,15,Low,0.31,8.64
103954,Ivan Khan,Ireland,Nurse,Personal Loan,0,20,Low,0.5,1.2
103955,Lucas Rossi,France,Software Engineer,Credit Card,0,20,Low,0.36,1.0
103956,Oluwaseun Reddy,India,Money Service Business,Current Account,0,50,Medium,0.44,1.0
103957,Thomas Mbeki,Panama,Car Dealer,Current Account,0,60,High,0.4,3.94
103958,Sara Okonkwo,Canada,Car Dealer,Credit Card,0,30,Medium,0.54,1.2
103959,Ravi Al-Sayed,France,Nurse,Current Account,0,10,Low,0.81,5.62
103960,Wei Khan,India,Teacher,Trade Finance,0,60,High,0.48,1.0
103961,Carlos Adeyemi,China,Civil Servant,International Wire Transfers,0,45,Medium,0.44,5.64
103962,Hassan Brown,United States,Civil Servant,Savings Account,0,0,Low,0.48,1.2
103963,Adebayo Osei,UAE,Jeweller,Personal Loan,0,45,Medium,0.33,4.04
103964,Ravi Cole,Nigeria,Import/Export Trader,Personal Loan,0,45,Medium,0.45,0.9
103965,Aisha Fitzgerald,China,Teacher,Personal Loan,0,25,Medium,0.43,1.2
103966,Lucas Smith,Japan,Import/Export Trader,Credit Card,0,35,Medium,0.36,6.1
103967,Thomas Mbeki,South Africa,Software Engineer,Trade Finance,0,45,Medium,0.4,1.2
103968,Amara Cole,Germany,Nurse,Crypto Wallet,0,30,Medium,0.52,1.0
103969,Carlos Cole,United States,Arms Dealer,Private Banking,0,45,Medium,0.42,1.0
103970,Priya Nakamura,Nigeria,Doctor,Personal Loan,0,35,Medium,0.54,3.0
103971,Lucas Smith,India,Precious Metals Dealer,Savings Account,0,50,Medium,0.36,3.64
103972,Sofia Johnson,North Korea,Jeweller,Credit Card,0,90,High,0.32,2.38
103973,Grace Bello,United States,Retail Trader,Savings Account,0,20,Low,0.42,1.2
103974,Emma Brown,Brazil,Software Engineer,Credit Card,0,35,Medium,0.35,7.65
103975,Nadia Patel,Canada,Nurse,International Wire Transfers,0,20,Low,0.61,1.2
103976,Nadia Patel,India,Retail Trader,Savings Account,0,35,Medium,0.61,0.9
103977,Wei Okonkwo,United Kingdom,Civil Servant,Savings Account,0,10,Low,0.56,0.9
103978,Rajesh Hall,United Kingdom,Accountant,Personal Loan,0,25,Medium,0.35,3.61
103979,James Muller,Japan,Casino Operator,Personal Loan,0,35,Medium,0.33,2.4
103980,Benjamin Okafor,India,Jeweller,Credit Card,0,45,Medium,0.5,9.05
103981,Sergei Adeyemi,Panama,Software Engineer,International Wire Transfers,0,70,High,0.59,3.93
103982,James Volkov,Australia,Real Estate Agent,Current Account,0,10,Low,0.64,2.57
103983,Kwame Khan,United Kingdom,Doctor,Current Account,0,0,Low,0.37,6.72
103984,Zara Brown,Germany,Retail Trader,Personal Loan,0,30,Medium,0.38,1.2
103985,Mohammed Yilmaz,Nigeria,Real Estate Agent,Personal Loan,0,45,Medium,0.61,1.2
103986,Yuki Ivanov,Sweden,Teacher,Credit Card,0,20,Low,0.67,1.0
103987,Amara Kimura,Ireland,Software Engineer,International Wire Transfers,0,30,Medium,0.4,0.9
103988,Ravi Smith,Nigeria,Software Engineer,Private Banking,0,35,Medium,0.37,1.2
103989,Rajesh Kimura,Sweden,Car Dealer,Fixed Deposit,0,20,Low,0.32,1.2
103990,Ravi Kowalski,Australia,Casino Operator,Current Account,0,45,Medium,0.46,1.0
103991,Dmitri Smith,Australia,Retail Trader,Current Account,0,20,Low,0.62,0.9
103992,Ravi Nguyen,Germany,Doctor,Private Banking,0,35,Medium,0.43,1.0
103993,Sofia Sokolov,Japan,Money Service Business,Savings Account,0,35,Medium,0.74,0.9
103994,Noah Al-Sayed,Canada,Accountant,Current Account,0,25,Medium,0.85,4.05
103995,Chloe Kimura,Germany,Software Engineer,Credit Card,0,10,Low,0.33,1.0
103996,Nadia Ivanov,Panama,Doctor,Current Account,0,40,Medium,0.64,9.83
103997,Grace Adeyemi,United States,Real Estate Agent,International Wire Transfers,0,40,Medium,0.38,4.82
103998,Zara Smith,Australia,Real Estate Agent,Savings Account,0,10,Low,0.36,1.2
103999,Mohammed Khan,Russia,Real Estate Agent,Personal Loan,0,70,High,0.65,1.2
104000,Sara Rossi,Netherlands,Accountant,Trade Finance,0,30,Medium,0.38,9.31
104001,Ivan Kimura,Canada,Nurse,Current Account,0,10,Low,0.55,1.0
104002,Carlos Okafor,Russia,Teacher,Savings Account,0,40,Medium,0.38,1.2
104003,Ivan Lindqvist,France,Doctor,Savings Account,0,0,Low,0.48,1.0
104004,Dmitri Hall,Myanmar,Civil Servant,Credit Card,0,60,High,0.67,1.0
104005,Mary Haddad,United States,Software Engineer,Credit Card,0,10,Low,0.7,1.0
104006,Sofia Smith,United States,Retail Trader,Fixed Deposit,0,10,Low,0.35,5.89
104007,Mohammed Patel,France,Software Engineer,Savings Account,0,10,Low,0.69,1.0
104008,Thomas Hall,Germany,Nurse,Current Account,0,10,Low,0.5,8.11
104009,Tariq Nakamura,Netherlands,Teacher,International Wire Transfers,0,30,Medium,0.57,4.03
104010,Aisha Kowalski,United Kingdom,Accountant,Trade Finance,0,30,Medium,0.43,1.0
104011,Zara Wang,Germany,Car Dealer,Personal Loan,0,30,Medium,0.38,1.0
104012,Kwame Yilmaz,Germany,Doctor,Current Account,0,10,Low,0.33,1.0
104013,Chen Reddy,Japan,Nurse,Current Account,0,30,Medium,0.37,1.2
104014,Kenji Fitzgerald,Japan,Accountant,Current Account,0,0,Low,0.36,0.9
104015,Thomas Volkov,Mexico,Software Engineer,Current Account,0,15,Low,0.62,7.27
104016,Sergei Nakamoto,Germany,Accountant,Personal Loan,0,10,Low,0.74,1.0
104017,Grace Reddy,Ireland,Casino Operator,Credit Card,0,45,Medium,0.35,1.0
104018,Nadia Okonkwo,China,Teacher,Crypto Wallet,0,45,Medium,0.52,2.11
104019,Priya Wang,India,Accountant,Credit Card,0,35,Medium,0.43,5.59
104020,Rajesh Osei,Turkey,Teacher,Fixed Deposit,0,25,Medium,0.34,1.0
104021,Amara Kowalski,India,Accountant,Fixed Deposit,0,15,Low,0.52,0.9
104022,Aisha Yilmaz,Mexico,Doctor,Savings Account,0,15,Low,0.42,8.79
104023,Sara Kimura,United States,Accountant,Private Banking,0,30,Medium,0.35,0.9
104024,Thomas Hall,United Kingdom,Doctor,Current Account,0,0,Low,0.5,7.41
104025,Sofia Chen,Nigeria,Nurse,Crypto Wallet,0,55,Medium,0.36,1.2
104026,Grace Cole,Ireland,Doctor,Current Account,0,10,Low,0.43,1.0
104027,Thomas Cole,France,Import/Export Trader,Savings Account,0,20,Low,0.42,1.0
104028,Noah Andersson,France,Teacher,Savings Account,0,10,Low,0.4,0.9
104029,Fatima Rossi,United Kingdom,Import/Export Trader,Crypto Wallet,1,65,High,0.35,1.2
104030,Lucas Kimura,Canada,Real Estate Agent,Savings Account,0,20,Low,0.4,0.9
104031,Carlos Khan,United Kingdom,Teacher,Fixed Deposit,0,0,Low,0.43,1.2
104032,Priya Okonkwo,China,Doctor,Savings Account,0,25,Medium,0.54,2.55
104033,Ravi Johnson,Germany,Import/Export Trader,Private Banking,1,65,High,0.4,2.05
104034,Sofia Kimura,United Kingdom,Retail Trader,Current Account,0,20,Low,0.33,0.9
104035,Ivan Nakamura,Kenya,Accountant,Savings Account,0,25,Medium,0.56,3.51
104036,Wei Hall,United Kingdom,Real Estate Agent,Current Account,0,20,Low,0.4,1.0
104037,Omar Adeyemi,Iran,Jeweller,Credit Card,0,60,High,0.64,3.61
104038,Lucas Volkov,United Kingdom,Jeweller,Current Account,0,10,Low,0.72,3.33
104039,Mary Sokolov,China,Civil Servant,Savings Account,0,15,Low,0.77,1.0
104040,Chen Okonkwo,China,Software Engineer,Trade Finance,0,45,Medium,0.48,1.0
104041,Rajesh Al-Sayed,China,Import/Export Trader,Credit Card,0,45,Medium,0.71,1.2
104042,Nadia Dubois,Mexico,Accountant,Personal Loan,0,50,Medium,0.58,3.09
104043,Ivan Kowalski,Germany,Doctor,Credit Card,0,40,Medium,0.5,0.9
104044,Oluwaseun Nakamoto,United States,Jeweller,Savings Account,1,35,Medium,0.6,1.0
104045,Oluwaseun Cole,France,Real Estate Agent,Crypto Wallet,0,50,Medium,0.32,1.0
104046,Elena Bello,Nigeria,Real Estate Agent,Savings Account,0,55,Medium,0.67,1.0
104047,Fatima Kimura,United Kingdom,Accountant,Fixed Deposit,0,0,Low,0.4,1.2
104048,Ravi Nakamura,France,Accountant,Savings Account,0,0,Low,0.56,1.0
104049,Carlos Osei,United Kingdom,Car Dealer,Personal Loan,0,40,Medium,0.42,5.55
104050,Ravi Kowalski,United States,Real Estate Agent,Current Account,0,20,Low,0.46,4.1
104051,Zara Osei,Japan,Teacher,Trade Finance,0,30,Medium,0.45,6.43
104052,Sofia Dubois,Turkey,Nurse,Personal Loan,0,25,Medium,0.33,1.0
104053,Chloe Ivanov,UAE,Civil Servant,Fixed Deposit,0,25,Medium,0.64,0.9
104054,Thomas Al-Sayed,Brazil,Teacher,Credit Card,0,35,Medium,0.86,1.0
104055,Mei Lindqvist,United Kingdom,Nurse,Credit Card,0,20,Low,0.46,1.0
104056,Thomas Dubois,China,Jeweller,Current Account,0,35,Medium,0.38,2.67
104057,Tariq Hall,Nigeria,Nurse,Credit Card,0,25,Medium,0.67,0.9
104058,Priya Petrov,Germany,Nurse,Savings Account,0,10,Low,0.78,1.0
104059,Ravi Cole,China,Civil Servant,Fixed Deposit,0,15,Low,0.45,1.0
104060,Grace Smith,China,Civil Servant,Current Account,0,25,Medium,0.33,1.2
104061,Kwame Fitzgerald,Brazil,Casino Operator,Savings Account,0,50,Medium,0.41,1.0
104062,Dmitri Okonkwo,United States,Teacher,Savings Account,0,10,Low,0.79,1.0
104063,Noah Andersson,Mexico,Nurse,Trade Finance,0,45,Medium,0.4,1.0
104064,Liam Nakamoto,South Africa,Software Engineer,Personal Loan,0,25,Medium,0.88,2.7
104065,Zara Volkov,Germany,Accountant,International Wire Transfers,0,20,Low,0.67,8.25
104066,Noah Silva,Iran,Doctor,Savings Account,0,50,Medium,0.43,1.0
104067,Wei Nakamoto,Ireland,Software Engineer,Trade Finance,0,30,Medium,0.83,6.74
104068,Liam Haddad,Japan,Software Engineer,Credit Card,0,20,Low,0.78,3.71
104069,Ravi Okafor,Netherlands,Software Engineer,Crypto Wallet,0,30,Medium,0.5,4.93
104070,Grace Muller,Australia,Real Estate Agent,Crypto Wallet,0,30,Medium,0.32,3.16
104071,Kwame Dubois,Australia,Car Dealer,Crypto Wallet,0,30,Medium,0.33,0.9
104072,Kenji Hall,Germany,Accountant,Crypto Wallet,0,30,Medium,0.45,1.0
104073,Chloe Sokolov,Australia,Real Estate Agent,Credit Card,0,30,Medium,0.69,2.14
104074,Benjamin Wang,Brazil,Casino Operator,Savings Account,0,50,Medium,0.4,1.2
104075,Zara Brown,United Kingdom,Teacher,Fixed Deposit,0,30,Medium,0.38,1.0
104076,Zara Kimura,Mexico,Retail Trader,Fixed Deposit,0,50,Medium,0.35,7.73
104077,Sergei Okonkwo,United States,Software Engineer,Current Account,0,0,Low,0.79,1.0
104078,Hassan Mbeki,United Kingdom,Retail Trader,Current Account,0,20,Low,0.48,1.0
104079,Ravi Petrov,India,Nurse,Current Account,0,25,Medium,0.78,1.0
104080,Sara Ivanov,Netherlands,Retail Trader,Savings Account,0,25,Medium,0.75,4.84
104081,Chen Chen,Japan,Retail Trader,Current Account,0,10,Low,0.31,1.2
104082,Liam Haddad,Australia,Retail Trader,Crypto Wallet,0,60,High,0.78,1.0
104083,Dmitri Patel,UAE,Retail Trader,Credit Card,0,45,Medium,0.64,4.36
104084,Carlos Adeyemi,Netherlands,Software Engineer,Current Account,0,10,Low,0.44,3.79
104085,Amara Silva,Panama,Nurse,International Wire Transfers,0,60,High,0.5,5.44
104086,Amara Sokolov,Nigeria,Retail Trader,Current Account,0,35,Medium,0.74,1.0
104087,Omar Petrov,China,Cash-Intensive Business,Savings Account,0,70,High,0.78,0.9
104088,Grace Dubois,United Kingdom,Teacher,Credit Card,1,55,Medium,0.33,6.19
104089,Carlos Dubois,Nigeria,Civil Servant,Current Account,0,15,Low,0.38,4.41
104090,Ingrid Smith,Japan,Money Service Business,International Wire Transfers,0,75,High,0.33,1.2
104091,Liam Rossi,Kenya,Car Dealer,Personal Loan,0,60,High,0.48,1.0
104092,Fatima Ivanov,United Kingdom,Precious Metals Dealer,Fixed Deposit,0,25,Medium,0.62,1.0
104093,Benjamin Okonkwo,Nigeria,Car Dealer,International Wire Transfers,0,55,Medium,0.48,1.2
104094,Sofia Mbeki,Nigeria,Retail Trader,Savings Account,0,25,Medium,0.26,1.2
104095,Ingrid Rossi,Japan,Doctor,Personal Loan,0,10,Low,0.43,4.41
104096,Hassan Osei,France,Retail Trader,International Wire Transfers,0,30,Medium,0.5,7.13
104097,Sara Brown,Netherlands,Teacher,Personal Loan,0,20,Low,0.38,6.44
104098,Yuki Okonkwo,Japan,Precious Metals Dealer,Fixed Deposit,0,35,Medium,0.46,1.0
104099,Elena Bello,Mexico,Car Dealer,Current Account,0,35,Medium,0.67,1.0
104100,Chen Kowalski,Germany,Teacher,Current Account,0,10,Low,0.46,4.84
104101,Kim Nakamoto,North Korea,Jeweller,Current Account,1,90,High,1.0,5.7
104102,Kwame Lindqvist,United Kingdom,Doctor,Crypto Wallet,0,30,Medium,0.42,1.0
104103,Mohammed Sokolov,France,Jeweller,Crypto Wallet,0,30,Medium,0.69,1.2
104104,Sara Petrov,Nigeria,Retail Trader,Savings Account,0,25,Medium,0.73,1.0
104105,Ivan Andersson,Germany,Accountant,International Wire Transfers,1,45,Medium,0.64,0.9
104106,Dmitri Cole,Germany,Accountant,Crypto Wallet,0,30,Medium,0.75,4.7
104107,Noah Fitzgerald,United States,Teacher,Credit Card,0,20,Low,0.43,1.0
104108,Hassan Silva,Brazil,Accountant,Savings Account,0,25,Medium,0.55,0.9
104109,Kwame Smith,Germany,Accountant,Fixed Deposit,0,10,Low,0.41,1.2
104110,Benjamin Volkov,United Kingdom,Retail Trader,International Wire Transfers,0,30,Medium,0.71,4.98
104111,Ingrid Bello,France,Nurse,International Wire Transfers,0,30,Medium,0.48,7.49
104112,Rajesh Reddy,Afghanistan,Software Engineer,Current Account,0,55,Medium,0.4,9.7
104113,Sara Brown,China,Car Dealer,Personal Loan,0,45,Medium,0.38,0.9
104114,Grace Brown,Netherlands,Cash-Intensive Business,Fixed Deposit,0,25,Medium,0.36,9.75
104115,James Lindqvist,United States,Cash-Intensive Business,Savings Account,0,25,Medium,0.36,4.53
104116,Nadia Ivanov,India,Arms Dealer,Private Banking,0,60,High,0.64,1.0
104117,Sergei Nakamoto,United States,Jeweller,Savings Account,0,10,Low,0.74,5.36
104118,Kenji Chen,Nigeria,Precious Metals Dealer,Current Account,0,40,Medium,0.36,0.9
104119,Hassan Dubois,South Africa,Nurse,Personal Loan,0,40,Medium,0.53,3.1
104120,Ivan Osei,United States,Jeweller,Fixed Deposit,0,20,Low,0.6,0.9
104121,Tariq Osei,Canada,Retail Trader,Savings Account,0,10,Low,0.67,1.0
104122,Kwame Johnson,Germany,Civil Servant,Private Banking,0,30,Medium,0.4,5.13
104123,Ivan Al-Sayed,Mexico,Doctor,Fixed Deposit,0,25,Medium,0.77,0.9
104124,Tariq Khan,United Kingdom,Real Estate Agent,Current Account,0,20,Low,0.58,5.97
104125,Aisha Johnson,Turkey,Nurse,Fixed Deposit,0,25,Medium,0.4,1.2
104126,Dmitri Johnson,UAE,Teacher,Credit Card,0,40,Medium,0.67,1.0
104127,Priya Kimura,United Kingdom,Nurse,Current Account,0,10,Low,0.33,2.0
104128,Grace Osei,Sweden,Real Estate Agent,Current Account,0,20,Low,0.35,5.86
104129,Ivan Khan,Afghanistan,Money Service Business,Savings Account,0,75,High,0.5,1.2
104130,Elena Mbeki,United Kingdom,Teacher,Current Account,0,0,Low,0.58,1.0
104131,Chloe Dubois,Sweden,Software Engineer,Savings Account,0,0,Low,0.33,0.9
104132,Grace Mbeki,Germany,Retail Trader,Private Banking,0,30,Medium,0.33,2.5
104133,Sergei Hall,Ireland,Real Estate Agent,International Wire Transfers,0,40,Medium,0.67,1.2
104134,Lucas Khan,Netherlands,Real Estate Agent,Credit Card,0,30,Medium,0.44,1.0
104135,Wei Muller,Japan,Doctor,Current Account,0,0,Low,0.33,3.88
104136,Ivan Al-Sayed,Kenya,Doctor,International Wire Transfers,0,35,Medium,0.77,1.2
104137,Carlos Muller,India,Nurse,Current Account,0,25,Medium,0.4,1.2
104138,Nadia Patel,United Kingdom,Accountant,Savings Account,0,10,Low,0.61,1.0
104139,Chen Lindqvist,Canada,Nurse,Credit Card,0,20,Low,0.38,1.0
104140,Sara Okonkwo,India,Nurse,Savings Account,0,25,Medium,0.54,1.2
104141,Mary Okonkwo,Japan,Nurse,Savings Account,0,10,Low,0.54,0.9
104142,Noah Nakamura,Germany,Retail Trader,Savings Account,0,10,Low,0.48,1.0
104143,Liam Al-Sayed,Mexico,Real Estate Agent,Current Account,0,25,Medium,0.77,1.2
104144,Sergei Al-Sayed,Germany,Jeweller,Savings Account,0,20,Low,0.76,4.34
104145,Ivan Silva,Canada,Civil Servant,Savings Account,0,0,Low,0.57,1.0
104146,Emma Nguyen,United Kingdom,Real Estate Agent,Current Account,0,20,Low,0.42,0.9
104147,Liam Lindqvist,China,Software Engineer,Fixed Deposit,0,30,Medium,0.38,1.2
104148,Dmitri Ivanov,Afghanistan,Casino Operator,Private Banking,0,85,High,0.77,0.9
104149,Benjamin Johnson,UAE,Nurse,Savings Account,0,40,Medium,0.41,1.0
104150,Grace Andersson,United Kingdom,Cash-Intensive Business,Current Account,0,25,Medium,0.43,1.2
104151,Ravi Dubois,Netherlands,Accountant,Current Account,0,0,Low,0.36,1.0
104152,Ravi Khan,Brazil,Money Service Business,Credit Card,0,60,High,0.48,1.0
104153,James Dubois,United States,Teacher,Current Account,0,10,Low,0.33,0.9
104154,Adebayo Reddy,Canada,Car Dealer,Credit Card,0,30,Medium,0.48,1.0
104155,Oluwaseun Khan,United Kingdom,Doctor,Personal Loan,0,10,Low,0.45,1.0
104156,Priya Silva,Canada,Civil Servant,Fixed Deposit,0,10,Low,0.5,1.0
104157,Mary Bello,United States,Real Estate Agent,Savings Account,1,45,Medium,0.43,3.03
104158,Nadia Chen,India,Import/Export Trader,Current Account,0,25,Medium,0.64,0.9
104159,Rajesh Ivanov,Germany,Retail Trader,Savings Account,1,45,Medium,0.69,1.0
104160,Sergei Patel,United Kingdom,Accountant,Savings Account,0,0,Low,0.64,4.03
104161,Fatima Bello,Netherlands,Real Estate Agent,Savings Account,0,20,Low,0.4,1.2
104162,Oluwaseun Volkov,Netherlands,Doctor,Credit Card,0,45,Medium,0.62,1.0
104163,Kenji Muller,United States,Doctor,Current Account,0,10,Low,0.32,1.2
104164,Oluwaseun Nakamura,Nigeria,Teacher,Savings Account,0,25,Medium,0.4,1.0
104165,Ingrid Okonkwo,Nigeria,Real Estate Agent,Credit Card,0,45,Medium,0.57,1.0
104166,Fatima Kimura,Australia,Teacher,Crypto Wallet,0,35,Medium,0.4,0.9
104167,Oluwaseun Yilmaz,Nigeria,Doctor,Trade Finance,0,35,Medium,0.36,1.2
104168,Sofia Lindqvist,Netherlands,Software Engineer,Savings Account,0,25,Medium,0.31,3.92
104169,Noah Johnson,Germany,Nurse,Current Account,0,10,Low,0.32,1.2
104170,Tariq Volkov,Syria,Software Engineer,Current Account,0,50,Medium,0.8,1.2
104171,James Silva,United States,Car Dealer,Current Account,0,20,Low,0.5,6.28
104172,James Reddy,Kenya,Civil Servant,Fixed Deposit,0,40,Medium,0.36,1.0
104173,Mohammed Okonkwo,Turkey,Nurse,Fixed Deposit,0,25,Medium,0.53,1.0
104174,Benjamin Fitzgerald,France,Retail Trader,Private Banking,1,55,Medium,0.39,7.95
104175,Sara Brown,United States,Teacher,Savings Account,0,10,Low,0.38,3.73
104176,Sofia Nguyen,Netherlands,Retail Trader,Personal Loan,0,30,Medium,0.34,0.9
104177,Adebayo Brown,India,Software Engineer,Current Account,0,25,Medium,0.33,4.36
104178,Mohammed Lindqvist,Kenya,Doctor,International Wire Transfers,0,45,Medium,0.67,5.0
104179,Oluwaseun Adeyemi,Germany,Import/Export Trader,Fixed Deposit,0,10,Low,0.41,1.0
104180,Hassan Cole,Sweden,Doctor,Personal Loan,0,20,Low,0.5,1.0
104181,Kenji Silva,United Kingdom,Import/Export Trader,Savings Account,0,10,Low,0.5,1.2
104182,Sofia Mbeki,France,Import/Export Trader,Current Account,0,20,Low,0.26,2.44
104183,Dmitri Johnson,Turkey,Retail Trader,Credit Card,0,45,Medium,0.67,1.0
104184,Omar Nakamoto,Sweden,Civil Servant,Current Account,0,0,Low,0.8,3.67
104185,Lucas Muller,Russia,Nurse,Current Account,0,50,Medium,0.35,1.0
104186,Oluwaseun Nakamura,United States,Nurse,Savings Account,0,10,Low,0.4,0.9
104187,Noah Ivanov,Panama,Accountant,Savings Account,0,50,Medium,0.58,7.3
104188,Mary Khan,United Kingdom,Money Service Business,Fixed Deposit,0,25,Medium,0.38,2.88
104189,Ivan Hall,Nigeria,Teacher,Fixed Deposit,0,15,Low,0.5,5.97
104190,Elena Adeyemi,Germany,Car Dealer,Private Banking,0,30,Medium,0.54,1.2
104191,Grace Nakamura,Japan,Civil Servant,Crypto Wallet,0,20,Low,0.46,1.2
104192,Ingrid Nguyen,Japan,Civil Servant,Personal Loan,0,20,Low,0.37,1.0
104193,Sergei Khan,France,Accountant,Fixed Deposit,0,0,Low,0.75,5.07
104194,James Nguyen,Panama,Car Dealer,International Wire Transfers,0,70,High,0.32,5.47
104195,Kwame Al-Sayed,United Kingdom,Retail Trader,Current Account,0,20,Low,0.74,1.2
104196,Kwame Lindqvist,France,Precious Metals Dealer,Crypto Wallet,0,55,Medium,0.42,1.0
104197,Elena Brown,Ireland,Real Estate Agent,Current Account,1,35,Medium,0.58,0.9
104198,Liam Haddad,Turkey,Software Engineer,Savings Account,0,25,Medium,0.78,4.98
104199,Elena Nakamura,Nigeria,Teacher,Fixed Deposit,0,35,Medium,0.52,1.0
104200,Dmitri Fitzgerald,United Kingdom,Teacher,Current Account,0,10,Low,0.53,0.9
104201,Noah Chen,Japan,Doctor,Savings Account,1,35,Medium,0.36,3.21
104202,Carlos Yilmaz,France,Casino Operator,Savings Account,0,35,Medium,0.38,1.0
104203,Emma Brown,Ireland,Software Engineer,Fixed Deposit,0,0,Low,0.35,4.65
104204,Chen Andersson,United Kingdom,Software Engineer,Savings Account,0,10,Low,0.4,1.0
104205,Rajesh Lindqvist,South Africa,Teacher,Credit Card,0,35,Medium,0.35,1.0
104206,James Silva,Germany,Jeweller,Savings Account,0,10,Low,0.5,1.0
104207,Priya Adeyemi,Germany,Accountant,Savings Account,0,0,Low,0.44,8.53
104208,Mary Okonkwo,United States,Real Estate Agent,International Wire Transfers,0,30,Medium,0.54,1.0
104209,Ravi Johnson,France,Retail Trader,Savings Account,0,10,Low,0.4,2.46
104210,Kwame Mbeki,Nigeria,Retail Trader,Current Account,0,45,Medium,0.34,1.2
104211,Priya Silva,UAE,Real Estate Agent,Trade Finance,0,55,Medium,0.5,1.2
104212,Adebayo Al-Sayed,Mexico,Accountant,Savings Account,0,25,Medium,0.69,3.56
104213,Chen Petrov,Turkey,Software Engineer,Personal Loan,1,60,High,0.73,1.0
104214,Grace Chen,Turkey,Civil Servant,Personal Loan,0,25,Medium,0.3,1.0
104215,Chloe Chen,Turkey,Teacher,Current Account,0,30,Medium,0.26,1.0
104216,Chen Johnson,United States,Car Dealer,Crypto Wallet,0,40,Medium,0.4,5.64
104217,Yuki Muller,Turkey,Teacher,Savings Account,0,15,Low,0.36,1.0
104218,Liam Petrov,Brazil,Software Engineer,Current Account,0,25,Medium,0.82,1.0
104219,Mei Sokolov,Canada,Accountant,Savings Account,0,10,Low,0.8,1.0
104220,Hassan Sokolov,India,Software Engineer,Fixed Deposit,0,25,Medium,0.67,1.0
104221,Hassan Brown,South Africa,Civil Servant,Savings Account,0,15,Low,0.48,5.87
104222,Kenji Haddad,Netherlands,Import/Export Trader,Credit Card,0,30,Medium,0.75,8.4
104223,Thomas Kowalski,Germany,Accountant,Personal Loan,0,10,Low,0.5,1.2
104224,Benjamin Wang,Sweden,Software Engineer,Savings Account,0,10,Low,0.4,1.2
104225,Ivan Nakamoto,Australia,Teacher,Savings Account,0,10,Low,0.8,9.2
104226,Lucas Muller,Canada,Accountant,Savings Account,0,10,Low,0.35,3.4
104227,Carlos Kimura,Canada,Accountant,Trade Finance,0,30,Medium,0.38,2.14
104228,Sara Reddy,United States,Accountant,Current Account,0,10,Low,0.45,1.0
104229,Thomas Reddy,Brazil,Retail Trader,Trade Finance,0,45,Medium,0.48,1.0
104230,Elena Petrov,United Kingdom,Software Engineer,Credit Card,0,20,Low,0.7,0.9
104231,Grace Nakamura,Japan,Real Estate Agent,Current Account,0,10,Low,0.46,0.9
104232,Carlos Okafor,Netherlands,Jeweller,Savings Account,0,10,Low,0.38,1.0
104233,Yuki Okonkwo,Iran,Nurse,Current Account,0,40,Medium,0.46,1.2
104234,Lucas Yilmaz,Sweden,Real Estate Agent,Private Banking,0,30,Medium,0.4,1.0
104235,Aisha Hall,United Kingdom,Real Estate Agent,Personal Loan,0,30,Medium,0.55,1.0
104236,Ingrid Kimura,Turkey,Teacher,Crypto Wallet,0,45,Medium,0.38,9.1
104237,Mary Al-Sayed,Canada,Nurse,Current Account,0,10,Low,0.92,1.0
104238,Hassan Okafor,United States,Doctor,Current Account,0,10,Low,0.53,1.0
104239,Sofia Kowalski,United Kingdom,Software Engineer,Credit Card,0,20,Low,0.44,1.2
104240,Ingrid Kowalski,Turkey,Nurse,Savings Account,0,15,Low,0.48,5.17
104241,Tariq Kowalski,India,Doctor,Savings Account,0,25,Medium,0.64,1.0
104242,Yuki Nakamura,Germany,Civil Servant,Fixed Deposit,0,0,Low,0.64,5.33
104243,Tariq Okafor,Turkey,Civil Servant,Credit Card,0,25,Medium,0.56,4.16
104244,Wei Hall,Nigeria,Real Estate Agent,Credit Card,0,60,High,0.4,1.2
104245,Sergei Silva,Ireland,Doctor,Current Account,0,10,Low,0.8,1.0
104246,Mei Smith,United Kingdom,Software Engineer,Credit Card,0,20,Low,0.38,5.05
104247,Kenji Al-Sayed,United States,Civil Servant,Fixed Deposit,0,10,Low,0.71,1.0
104248,Wei Silva,India,Teacher,Credit Card,0,35,Medium,0.55,1.2
104249,Ivan Petrov,Nigeria,Accountant,Personal Loan,0,35,Medium,1.0,0.9
104250,Dmitri Patel,United States,Cash-Intensive Business,Fixed Deposit,1,65,High,0.64,1.0
104251,Ravi Hall,Ireland,Casino Operator,Current Account,0,35,Medium,0.48,1.2
104252,Chloe Andersson,United Kingdom,Teacher,Savings Account,0,10,Low,0.38,1.0
104253,Wei Wang,Kenya,Money Service Business,Current Account,0,50,Medium,0.48,1.0
104254,Ravi Khan,Syria,Civil Servant,Savings Account,0,40,Medium,0.48,5.43
104255,Tariq Sokolov,Netherlands,Teacher,Personal Loan,0,20,Low,0.81,8.22
104256,Kenji Wang,UAE,Software Engineer,Fixed Deposit,0,15,Low,0.43,1.2
104257,Wei Chen,United States,Civil Servant,Private Banking,0,30,Medium,0.38,0.9
104258,James Smith,Canada,Software Engineer,Personal Loan,0,10,Low,0.34,3.05
104259,Yuki Osei,Nigeria,Precious Metals Dealer,Personal Loan,0,60,High,0.38,1.2
104260,Benjamin Fitzgerald,South Africa,Casino Operator,Current Account,1,75,High,0.39,0.9
104261,Tariq Nguyen,Australia,Doctor,Credit Card,0,25,Medium,0.62,1.0
104262,Yuki Muller,France,Jeweller,Trade Finance,0,40,Medium,0.36,9.02
104263,Carlos Nguyen,United States,Accountant,Savings Account,0,10,Low,0.46,1.0
104264,James Khan,France,Accountant,Personal Loan,1,45,Medium,0.37,3.51
104265,Thomas Hall,Brazil,Doctor,Personal Loan,0,50,Medium,0.5,1.2
104266,Grace Sokolov,United Kingdom,Nurse,Credit Card,0,10,Low,0.77,1.0
104267,Sergei Brown,Turkey,Accountant,Current Account,0,25,Medium,0.64,1.0
104268,Kwame Volkov,China,Import/Export Trader,Fixed Deposit,0,35,Medium,0.64,1.0
104269,Ivan Yilmaz,North Korea,Doctor,Fixed Deposit,0,40,Medium,0.45,3.94
104270,Nadia Osei,Nigeria,Accountant,Personal Loan,0,25,Medium,0.55,0.9
104271,Adebayo Okonkwo,Canada,Teacher,Fixed Deposit,0,10,Low,0.5,1.0
104272,Emma Nguyen,China,Retail Trader,Savings Account,0,35,Medium,0.42,1.0
104273,Sergei Ivanov,Netherlands,Doctor,Savings Account,0,10,Low,1.0,1.0
104274,Priya Wang,France,Doctor,Private Banking,0,30,Medium,0.43,1.0
104275,Mei Brown,Mexico,Jeweller,Private Banking,0,55,Medium,0.36,1.2
104276,Mohammed Nakamura,Ireland,Retail Trader,Trade Finance,0,30,Medium,0.69,1.0
104277,Sofia Bello,Australia,Casino Operator,Private Banking,0,60,High,0.33,1.0
104278,Sergei Muller,France,Money Service Business,Current Account,0,50,Medium,0.59,0.9
104279,Rajesh Yilmaz,Netherlands,Software Engineer,Current Account,0,10,Low,0.32,0.9
104280,Fatima Cole,Japan,Teacher,Credit Card,0,20,Low,0.42,1.0
104281,Zara Lindqvist,South Africa,Casino Operator,Fixed Deposit,0,50,Medium,0.37,1.2
104282,Amara Ivanov,Japan,Doctor,Current Account,0,0,Low,0.64,1.0
104283,Mei Osei,United Kingdom,Accountant,Credit Card,0,40,Medium,0.38,0.9
104284,Thomas Bello,Canada,Accountant,Current Account,0,10,Low,0.42,1.0
104285,Zara Khan,Nigeria,Doctor,Current Account,0,25,Medium,0.48,1.0
104286,Noah Brown,Nigeria,Civil Servant,Fixed Deposit,0,15,Low,0.38,1.2
104287,Aisha Sokolov,Turkey,Nurse,Current Account,0,25,Medium,0.69,1.0
104288,Tariq Cole,Germany,Accountant,Crypto Wallet,0,30,Medium,0.67,4.63
104289,Hassan Andersson,Japan,Nurse,Savings Account,0,0,Low,0.55,4.22
104290,Sara Kowalski,Myanmar,Nurse,Personal Loan,0,75,High,0.44,1.0
104291,Aisha Okafor,Canada,Real Estate Agent,International Wire Transfers,0,40,Medium,0.42,1.0
104292,Ingrid Cole,China,Doctor,International Wire Transfers,0,45,Medium,0.5,1.2
104293,Fatima Cole,Iran,Precious Metals Dealer,Savings Account,0,65,High,0.42,0.9
104294,Tariq Al-Sayed,United Kingdom,Jeweller,Current Account,0,25,Medium,1.0,4.96
104295,Ravi Adeyemi,United Kingdom,Import/Export Trader,Credit Card,0,20,Low,0.46,1.0
104296,Hassan Al-Sayed,Nigeria,Import/Export Trader,Savings Account,0,35,Medium,0.71,5.96
104297,Ivan Volkov,United Kingdom,Teacher,Savings Account,0,0,Low,0.67,3.58
104298,Yuki Smith,UAE,Software Engineer,Credit Card,0,25,Medium,0.45,9.45
104299,Kenji Haddad,United States,Nurse,Private Banking,0,30,Medium,0.75,1.0
104300,Nadia Lindqvist,United Kingdom,Accountant,Current Account,0,0,Low,0.52,0.9
104301,Amara Nakamura,Nigeria,Real Estate Agent,Current Account,0,25,Medium,0.54,1.0
104302,Omar Lindqvist,Japan,Jeweller,Private Banking,1,55,Medium,0.52,2.45
104303,Dmitri Adeyemi,United Kingdom,Software Engineer,Savings Account,0,0,Low,0.52,1.0
104304,Sergei Hall,Canada,Software Engineer,Fixed Deposit,0,10,Low,0.67,3.68
104305,Fatima Sokolov,China,Accountant,Current Account,0,15,Low,0.71,0.9
104306,Oluwaseun Brown,France,Real Estate Agent,Current Account,0,10,Low,0.38,1.0
104307,Wei Khan,Netherlands,Civil Servant,Fixed Deposit,0,10,Low,0.48,1.0
104308,Benjamin Andersson,Mexico,Nurse,Credit Card,0,25,Medium,0.41,4.2
104309,Sara Adeyemi,Japan,Teacher,Fixed Deposit,0,0,Low,0.42,1.0
104310,Sergei Cole,China,Teacher,Savings Account,0,15,Low,0.72,1.0
104311,Fatima Yilmaz,Canada,Jeweller,Personal Loan,0,20,Low,0.4,1.0
104312,Thomas Rossi,Kenya,Casino Operator,Personal Loan,1,75,High,0.42,0.9
104313,Chloe Lindqvist,Canada,Casino Operator,Credit Card,0,45,Medium,0.3,5.93
104314,James Fitzgerald,United Kingdom,Nurse,Current Account,0,0,Low,0.41,2.75
104315,Sergei Okafor,Iran,Real Estate Agent,Credit Card,0,75,High,0.74,2.68
104316,Rajesh Fitzgerald,Canada,Software Engineer,Private Banking,0,30,Medium,0.34,0.9
104317,Nadia Chen,Canada,Casino Operator,Savings Account,0,35,Medium,0.64,1.0
104318,Liam Patel,France,Jeweller,Private Banking,0,40,Medium,0.48,1.0
104319,Carlos Hall,Kenya,Teacher,Savings Account,0,25,Medium,0.42,0.9
104320,Oluwaseun Nakamura,United Kingdom,Money Service Business,Savings Account,0,25,Medium,0.4,0.9
104321,Adebayo Khan,United States,Real Estate Agent,Savings Account,0,10,Low,0.5,1.2
104322,Oluwaseun Sokolov,United Kingdom,Teacher,Personal Loan,0,20,Low,0.65,1.0
104323,Chen Kowalski,Germany,Car Dealer,Savings Account,0,10,Low,0.46,1.0
104324,Kenji Sokolov,UAE,Car Dealer,Fixed Deposit,0,35,Medium,0.74,1.0
104325,Zara Mbeki,Sweden,Precious Metals Dealer,Private Banking,0,75,High,0.35,0.9
104326,Sara Wang,United States,Teacher,Credit Card,0,35,Medium,0.45,5.34
104327,Fatima Mbeki,Afghanistan,Jeweller,Private Banking,0,80,High,0.33,1.2
104328,Sergei Patel,India,Accountant,Private Banking,0,45,Medium,0.64,6.35
104329,Fatima Muller,France,Software Engineer,Private Banking,0,30,Medium,0.38,1.0
104330,Kwame Smith,Canada,Civil Servant,Fixed Deposit,0,10,Low,0.41,0.9
104331,Adebayo Cole,Germany,Accountant,Savings Account,0,0,Low,0.4,4.12
104332,Carlos Kimura,China,Nurse,Current Account,0,15,Low,0.38,1.0
104333,Tariq Dubois,North Korea,Real Estate Agent,Credit Card,0,90,High,0.54,1.0
104334,Benjamin Nakamura,Sweden,Retail Trader,Personal Loan,0,20,Low,0.48,2.21
104335,Carlos Petrov,United States,Money Service Business,Personal Loan,0,35,Medium,0.72,8.37
104336,Kenji Ivanov,South Africa,Retail Trader,Credit Card,0,45,Medium,0.72,1.0
104337,Sara Lindqvist,United States,Accountant,Fixed Deposit,0,10,Low,0.36,2.58
104338,Emma Smith,Netherlands,Accountant,Savings Account,0,10,Low,0.36,1.2
104339,Ingrid Silva,United Kingdom,Car Dealer,Private Banking,0,55,Medium,0.54,1.0
104340,Rajesh Osei,Germany,Nurse,Credit Card,0,20,Low,0.34,9.11
104341,Rajesh Volkov,United States,Software Engineer,Savings Account,0,0,Low,0.62,0.9
104342,Benjamin Cole,United Kingdom,Doctor,Trade Finance,0,30,Medium,0.46,7.33
104343,Yuki Adeyemi,France,Civil Servant,Savings Account,0,0,Low,0.42,1.0
104344,Elena Chen,Japan,Nurse,Crypto Wallet,0,20,Low,0.52,5.53
104345,Benjamin Reddy,United States,Nurse,International Wire Transfers,0,30,Medium,0.46,1.0
104346,Amara Osei,Kenya,Doctor,Credit Card,0,35,Medium,0.52,0.9
104347,Omar Reddy,Sweden,Doctor,Fixed Deposit,0,10,Low,0.61,4.65
104348,Yuki Nguyen,United Kingdom,Teacher,Current Account,1,35,Medium,0.35,9.65
104349,Aisha Nakamura,Canada,Doctor,Savings Account,0,0,Low,0.54,3.15
104350,Nadia Al-Sayed,Australia,Nurse,International Wire Transfers,0,30,Medium,0.79,5.99
104351,Liam Wang,Sweden,Accountant,Current Account,0,0,Low,0.38,0.9
104352,Dmitri Chen,Nigeria,Doctor,Current Account,0,40,Medium,0.58,1.2
104353,Wei Patel,Sweden,Civil Servant,Credit Card,0,20,Low,0.4,4.63
104354,Thomas Nguyen,Canada,Civil Servant,Credit Card,0,35,Medium,0.46,1.2
104355,Aisha Johnson,Japan,Retail Trader,International Wire Transfers,0,30,Medium,0.4,3.07
104356,Zara Smith,Canada,Retail Trader,Savings Account,0,20,Low,0.36,0.9
104357,Mary Smith,United States,Precious Metals Dealer,Fixed Deposit,0,25,Medium,0.36,1.0
104358,Omar Okafor,Japan,Money Service Business,Savings Account,0,25,Medium,0.5,1.2
104359,Wei Muller,Japan,Software Engineer,Current Account,1,35,Medium,0.33,1.0
104360,Dmitri Lindqvist,Nigeria,Import/Export Trader,Crypto Wallet,0,55,Medium,0.62,0.9
104361,Ingrid Petrov,United States,Nurse,Current Account,0,0,Low,0.75,5.35
104362,Noah Dubois,United Kingdom,Accountant,Trade Finance,0,30,Medium,0.35,1.2
104363,Wei Kowalski,UAE,Software Engineer,Trade Finance,0,45,Medium,0.46,9.25
104364,Grace Rossi,Australia,Nurse,Credit Card,0,20,Low,0.36,1.0
104365,Ingrid Nakamura,Germany,Civil Servant,Crypto Wallet,0,20,Low,0.52,1.0
104366,Priya Osei,Ireland,Real Estate Agent,Credit Card,0,30,Medium,0.36,3.05
104367,James Okonkwo,Turkey,Jeweller,Current Account,0,40,Medium,0.54,5.64
104368,Amara Khan,United Kingdom,Software Engineer,Savings Account,0,0,Low,0.45,1.0
104369,Zara Nakamoto,UAE,Software Engineer,Savings Account,0,15,Low,0.72,0.9
104370,Kenji Silva,Australia,Software Engineer,Savings Account,0,25,Medium,0.5,1.0
104371,Elena Kowalski,India,Import/Export Trader,Savings Account,0,35,Medium,0.67,1.2
104372,Sara Smith,Nigeria,Jeweller,Current Account,0,35,Medium,0.36,1.0
104373,Kwame Nguyen,Canada,Teacher,Crypto Wallet,0,20,Low,0.34,0.9
104374,Sofia Chen,United Kingdom,Nurse,Current Account,0,0,Low,0.36,0.9
104375,Sergei Muller,Sweden,Retail Trader,Fixed Deposit,0,20,Low,0.59,9.01
104376,Noah Petrov,Germany,Jeweller,Current Account,0,20,Low,0.73,3.62
104377,Ravi Smith,Netherlands,Software Engineer,Savings Account,0,0,Low,0.37,2.25
104378,Noah Muller,Nigeria,Civil Servant,Credit Card,0,35,Medium,0.42,1.0
104379,Omar Johnson,France,Car Dealer,Fixed Deposit,0,20,Low,0.48,2.99
104380,Chen Johnson,Netherlands,Jeweller,Credit Card,0,30,Medium,0.4,0.9
104381,Dmitri Rossi,Afghanistan,Software Engineer,Current Account,0,40,Medium,0.64,1.2
104382,Kwame Muller,Mexico,Real Estate Agent,Personal Loan,0,60,High,0.4,3.9
104383,Sara Muller,United Kingdom,Software Engineer,Fixed Deposit,0,10,Low,0.26,2.65
104384,Carlos Al-Sayed,Australia,Retail Trader,Trade Finance,0,40,Medium,0.79,1.2
104385,Ivan Cole,Turkey,Nurse,Fixed Deposit,0,25,Medium,0.6,9.35
104386,Noah Khan,India,Casino Operator,Savings Account,0,55,Medium,0.48,6.69
104387,Amara Yilmaz,Germany,Civil Servant,Current Account,0,10,Low,0.4,5.86
104388,Oluwaseun Nguyen,UAE,Money Service Business,Current Account,0,50,Medium,0.34,1.0
104389,Liam Brown,India,Retail Trader,Credit Card,0,35,Medium,0.48,3.54
104390,Aisha Chen,Turkey,Software Engineer,Credit Card,0,25,Medium,0.44,0.9
104391,Yuki Lindqvist,United Kingdom,Precious Metals Dealer,Credit Card,0,35,Medium,0.38,1.0
104392,Tariq Wang,Canada,Software Engineer,Credit Card,0,20,Low,0.58,1.0
104393,Oluwaseun Fitzgerald,France,Software Engineer,Personal Loan,0,20,Low,0.38,7.6
104394,Oluwaseun Wang,Brazil,Doctor,Current Account,0,25,Medium,0.39,1.2
104395,Benjamin Okafor,Mexico,Doctor,Current Account,0,15,Low,0.5,1.0
104396,Sergei Muller,United States,Nurse,Savings Account,0,10,Low,0.59,3.03
104397,Chen Andersson,Canada,Retail Trader,International Wire Transfers,0,55,Medium,0.4,1.0
104398,Ravi Khan,Nigeria,Money Service Business,Savings Account,0,50,Medium,0.48,6.49
104399,Nadia Wang,Canada,Import/Export Trader,Fixed Deposit,0,10,Low,0.64,1.0
104400,Mary Dubois,Netherlands,Cash-Intensive Business,Private Banking,0,55,Medium,0.42,1.0
104401,Carlos Haddad,Japan,Software Engineer,Credit Card,0,10,Low,0.67,1.2
104402,James Ivanov,UAE,Retail Trader,Savings Account,0,25,Medium,0.64,4.41
104403,Tariq Sokolov,South Africa,Teacher,Private Banking,0,45,Medium,0.81,1.0
104404,Wei Okafor,United Kingdom,Real Estate Agent,Savings Account,0,35,Medium,0.5,1.0
104405,Sofia Volkov,United States,Accountant,Personal Loan,0,20,Low,0.64,5.86
104406,Emma Adeyemi,United Kingdom,Teacher,International Wire Transfers,0,30,Medium,0.48,1.0
104407,Hassan Reddy,South Africa,Money Service Business,Current Account,0,50,Medium,0.62,1.0
104408,Emma Rossi,Nigeria,Accountant,Savings Account,0,25,Medium,0.43,1.2
104409,Chloe Volkov,Canada,Accountant,Savings Account,0,10,Low,0.72,1.0
104410,Mei Adeyemi,France,Accountant,Savings Account,0,10,Low,0.42,8.3
104411,Wei Smith,France,Teacher,Current Account,0,30,Medium,0.38,1.0
104412,Tariq Wang,United Kingdom,Civil Servant,Savings Account,0,0,Low,0.58,1.2
104413,Noah Hall,Turkey,Nurse,Fixed Deposit,0,30,Medium,0.48,1.0
104414,Amara Kowalski,United Kingdom,Retail Trader,Savings Account,0,20,Low,0.52,3.67
104415,Oluwaseun Dubois,Nigeria,Software Engineer,Personal Loan,0,55,Medium,0.36,1.0
104416,Benjamin Okafor,Ireland,Jeweller,Personal Loan,0,20,Low,0.5,0.9
104417,Amara Nguyen,South Africa,Doctor,Crypto Wallet,0,60,High,0.48,2.21
104418,Nadia Kowalski,France,Jeweller,Savings Account,0,20,Low,0.54,4.53
104419,Zara Mbeki,France,Teacher,Savings Account,0,10,Low,0.35,0.9
104420,Benjamin Al-Sayed,India,Software Engineer,Current Account,0,25,Medium,0.71,1.0
104421,Adebayo Muller,United Kingdom,Real Estate Agent,Current Account,0,20,Low,0.31,1.0
104422,Ivan Okonkwo,Mexico,Arms Dealer,International Wire Transfers,0,85,High,0.52,1.0
104423,Omar Rossi,United States,Real Estate Agent,Savings Account,0,20,Low,0.52,1.0
104424,Mei Chen,Russia,Civil Servant,International Wire Transfers,0,85,High,0.38,1.0
104425,Omar Nakamura,Turkey,Jeweller,Credit Card,1,70,High,0.56,1.0
104426,Chloe Lindqvist,UAE,Accountant,Personal Loan,0,35,Medium,0.3,1.0
104427,Thomas Adeyemi,United States,Teacher,Savings Account,0,10,Low,0.52,6.02
104428,Ravi Bello,Nigeria,Doctor,Current Account,0,25,Medium,0.52,1.0
104429,Sofia Volkov,United Kingdom,Accountant,Savings Account,0,25,Medium,0.64,1.0
104430,Noah Okonkwo,United Kingdom,Doctor,Savings Account,0,0,Low,0.48,6.58
104431,Sara Fitzgerald,Australia,Civil Servant,Current Account,0,0,Low,0.37,1.2
104432,Noah Nakamura,United Kingdom,Civil Servant,Savings Account,0,10,Low,0.48,1.0
104433,Grace Lindqvist,Brazil,Accountant,Trade Finance,0,45,Medium,0.36,0.9
104434,Chloe Cole,UAE,Car Dealer,Fixed Deposit,0,35,Medium,0.43,0.9
104435,Tariq Andersson,Japan,Car Dealer,Fixed Deposit,0,10,Low,0.55,1.0
104436,Lucas Rossi,Japan,Real Estate Agent,Current Account,0,25,Medium,0.36,1.0
104437,Noah Wang,United Kingdom,Real Estate Agent,Savings Account,0,20,Low,0.38,1.0
104438,Noah Khan,France,Software Engineer,Savings Account,0,0,Low,0.48,1.0
104439,Sara Kimura,Ireland,Cash-Intensive Business,Private Banking,0,55,Medium,0.35,0.9
104440,Ivan Haddad,United States,Import/Export Trader,Credit Card,0,30,Medium,0.78,1.0
104441,Dmitri Osei,Netherlands,Software Engineer,Savings Account,0,0,Low,0.67,3.83
104442,Mohammed Brown,France,Car Dealer,Personal Loan,0,20,Low,0.62,1.2
104443,Kenji Johnson,Japan,Jeweller,Credit Card,0,45,Medium,0.38,1.0
104444,Dmitri Smith,Germany,Doctor,Personal Loan,0,20,Low,0.62,1.2
104445,Elena Smith,United States,Import/Export Trader,Fixed Deposit,0,20,Low,0.5,5.0
104446,Tariq Silva,Netherlands,Doctor,Trade Finance,0,20,Low,0.64,0.9
104447,Sofia Volkov,Canada,Software Engineer,Savings Account,0,10,Low,0.64,1.0
104448,Emma Hall,United Kingdom,Teacher,Savings Account,0,0,Low,0.45,1.0
104449,Amara Rossi,Japan,Software Engineer,Trade Finance,0,20,Low,0.48,1.0
104450,Grace Yilmaz,Nigeria,Precious Metals Dealer,Savings Account,0,40,Medium,0.32,2.56
104451,Thomas Brown,Japan,Accountant,International Wire Transfers,0,30,Medium,0.42,0.9
104452,Yuki Nguyen,Netherlands,Civil Servant,Trade Finance,0,30,Medium,0.35,1.0
104453,Ravi Ivanov,Iran,Nurse,Savings Account,0,40,Medium,0.75,1.0
104454,Thomas Okafor,Sweden,Cash-Intensive Business,Credit Card,0,65,High,0.4,1.2
104455,Aisha Lindqvist,South Africa,Nurse,Current Account,0,25,Medium,0.38,0.9
104456,Tariq Okafor,France,Software Engineer,Savings Account,0,10,Low,0.56,1.0
104457,Yuki Okafor,Sweden,Teacher,Current Account,0,0,Low,0.52,0.9
104458,Hassan Brown,Russia,Money Service Business,Savings Account,0,75,High,0.48,7.7
104459,Nadia Ivanov,China,Teacher,Savings Account,0,25,Medium,0.64,2.71
104460,Thomas Osei,Germany,Real Estate Agent,Current Account,0,20,Low,0.42,0.9
104461,Liam Patel,Syria,Software Engineer,Crypto Wallet,0,70,High,0.48,4.17
104462,James Dubois,France,Import/Export Trader,Current Account,0,20,Low,0.33,1.0
104463,Tariq Dubois,Japan,Retail Trader,Savings Account,0,20,Low,0.54,7.6
104464,Elena Brown,Australia,Real Estate Agent,Personal Loan,0,20,Low,0.58,1.2
104465,Oluwaseun Osei,United Kingdom,Nurse,Crypto Wallet,0,30,Medium,0.32,5.57
104466,Elena Al-Sayed,Germany,Retail Trader,Personal Loan,0,20,Low,0.74,1.0
104467,Chloe Hall,United Kingdom,Teacher,Current Account,0,25,Medium,0.35,4.92
104468,Aisha Kowalski,Nigeria,Precious Metals Dealer,Current Account,0,70,High,0.43,2.7
104469,Carlos Dubois,Netherlands,Retail Trader,Savings Account,0,20,Low,0.38,1.0
104470,Hassan Al-Sayed,Sweden,Jeweller,Savings Account,0,10,Low,0.71,1.0
104471,Amara Rossi,South Africa,Civil Servant,Fixed Deposit,0,30,Medium,0.48,1.0
104472,Priya Johnson,Sweden,Software Engineer,Credit Card,0,20,Low,0.38,1.2
104473,Rajesh Khan,United Kingdom,Jeweller,Fixed Deposit,0,20,Low,0.42,3.66
104474,Benjamin Volkov,Germany,Accountant,Credit Card,0,35,Medium,0.71,2.95
104475,Lucas Wang,India,Doctor,Personal Loan,0,25,Medium,0.37,1.0
104476,Carlos Mbeki,Ireland,Accountant,Crypto Wallet,0,20,Low,0.4,1.2
104477,Rajesh Kowalski,Brazil,Teacher,Crypto Wallet,0,45,Medium,0.43,9.69
104478,Oluwaseun Haddad,France,Accountant,Current Account,0,0,Low,0.67,1.2
104479,Priya Mbeki,Canada,Doctor,Current Account,0,0,Low,0.35,1.0
104480,Ivan Mbeki,Nigeria,Nurse,Savings Account,0,25,Medium,0.57,1.2
104481,Rajesh Adeyemi,China,Software Engineer,Trade Finance,0,50,Medium,0.37,1.0
104482,Priya Lindqvist,Germany,Money Service Business,Fixed Deposit,0,35,Medium,0.36,1.2
104483,Ivan Volkov,Japan,Civil Servant,Current Account,0,10,Low,0.67,1.0
104484,Chen Al-Sayed,United Kingdom,Car Dealer,International Wire Transfers,0,30,Medium,0.69,8.98
104485,Tariq Nakamoto,Canada,Accountant,Current Account,0,0,Low,0.77,3.64
104486,Aisha Wang,United Kingdom,Retail Trader,International Wire Transfers,0,40,Medium,0.45,1.0
104487,Wei Hall,Australia,Precious Metals Dealer,Savings Account,0,35,Medium,0.4,1.2
104488,Omar Petrov,United States,Nurse,Current Account,0,20,Low,0.78,1.0
104489,Chloe Hall,Germany,Civil Servant,Savings Account,0,10,Low,0.35,0.9
104490,Noah Okonkwo,Canada,Software Engineer,Savings Account,0,10,Low,0.48,1.0
104491,Benjamin Andersson,Nigeria,Nurse,Current Account,0,15,Low,0.41,0.9
104492,Grace Cole,Turkey,Retail Trader,Crypto Wallet,0,45,Medium,0.43,1.0
104493,Wei Petrov,Netherlands,Civil Servant,Credit Card,0,10,Low,0.76,4.64
104494,Nadia Brown,United Kingdom,Accountant,International Wire Transfers,1,55,Medium,0.52,5.56
104495,Kwame Wang,United States,Software Engineer,Savings Account,0,10,Low,0.36,4.29
104496,Mei Volkov,France,Teacher,Credit Card,0,20,Low,0.78,1.0
104497,Dmitri Silva,South Africa,Software Engineer,Personal Loan,0,35,Medium,0.77,1.2
104498,Fatima Sokolov,Australia,Nurse,Private Banking,0,30,Medium,0.71,8.7
104499,Sofia Volkov,Ireland,Doctor,Savings Account,0,25,Medium,0.64,1.0
104500,Sara Fitzgerald,France,Software Engineer,Credit Card,0,30,Medium,0.37,1.0
104501,Elena Mbeki,Ireland,Doctor,Savings Account,0,10,Low,0.58,1.0
104502,Liam Okonkwo,Sweden,Jeweller,Credit Card,0,20,Low,0.48,1.2
104503,Elena Sokolov,Germany,Civil Servant,Fixed Deposit,1,35,Medium,0.77,2.86
104504,Mohammed Sokolov,Canada,Teacher,International Wire Transfers,0,30,Medium,0.69,0.9
104505,Benjamin Silva,United Kingdom,Doctor,Savings Account,0,10,Low,0.52,1.2
104506,James Patel,India,Accountant,Savings Account,0,15,Low,0.36,1.2
104507,Zara Muller,China,Software Engineer,International Wire Transfers,0,35,Medium,0.42,1.0
104508,Nadia Wang,Germany,Cash-Intensive Business,International Wire Transfers,0,55,Medium,0.64,5.46
104509,Kenji Okafor,Brazil,Software Engineer,Savings Account,0,25,Medium,0.48,3.84
104510,Omar Kowalski,France,Jeweller,Crypto Wallet,0,30,Medium,0.62,4.39
104511,Grace Kimura,India,Retail Trader,Fixed Deposit,0,40,Medium,0.33,1.0
104512,Adebayo Lindqvist,India,Teacher,Credit Card,0,25,Medium,0.34,5.71
104513,Ingrid Wang,United Kingdom,Import/Export Trader,Savings Account,0,20,Low,0.36,3.8
104514,Aisha Kowalski,Canada,Money Service Business,Savings Account,0,35,Medium,0.43,1.0
104515,Omar Okafor,Nigeria,Teacher,Savings Account,0,25,Medium,0.5,4.4
104516,Thomas Bello,United Kingdom,Nurse,Current Account,1,35,Medium,0.42,8.06
104517,Elena Fitzgerald,Myanmar,Software Engineer,Savings Account,0,50,Medium,0.48,1.0
104518,Dmitri Chen,United Kingdom,Nurse,International Wire Transfers,0,30,Medium,0.58,3.96
104519,Dmitri Muller,Canada,Software Engineer,Savings Account,0,0,Low,0.62,5.79
104520,Amara Smith,China,Teacher,Trade Finance,0,35,Medium,0.48,1.0
104521,Chloe Kimura,India,Accountant,Credit Card,0,25,Medium,0.33,0.9
104522,Liam Wang,France,Precious Metals Dealer,Savings Account,0,35,Medium,0.38,1.0
104523,Lucas Lindqvist,India,Civil Servant,Credit Card,0,25,Medium,0.36,1.2
104524,Priya Bello,South Africa,Civil Servant,Crypto Wallet,0,35,Medium,0.5,1.0
104525,Mei Bello,United Kingdom,Real Estate Agent,Current Account,0,20,Low,0.45,3.22
104526,Hassan Volkov,Canada,Doctor,Credit Card,0,25,Medium,0.62,5.27
104527,Chen Fitzgerald,Ireland,Precious Metals Dealer,Savings Account,0,40,Medium,0.36,1.0
104528,Tariq Adeyemi,South Africa,Doctor,Savings Account,0,25,Medium,0.67,1.2
104529,Adebayo Okonkwo,UAE,Doctor,Savings Account,0,25,Medium,0.5,0.9
104530,Fatima Kimura,Brazil,Civil Servant,Private Banking,0,45,Medium,0.4,1.2
104531,Oluwaseun Ivanov,UAE,Retail Trader,Savings Account,0,25,Medium,0.62,1.0
104532,Kenji Reddy,United States,Civil Servant,Credit Card,0,20,Low,0.43,1.0
104533,Yuki Volkov,Canada,Precious Metals Dealer,Savings Account,0,35,Medium,0.67,3.4
104534,Fatima Nakamoto,Netherlands,Jeweller,International Wire Transfers,0,40,Medium,0.81,4.18
104535,Chloe Sokolov,South Africa,Teacher,Current Account,0,25,Medium,0.69,1.0
104536,Liam Dubois,Canada,Civil Servant,Current Account,0,10,Low,0.36,1.2
104537,Omar Smith,Germany,Car Dealer,Private Banking,0,40,Medium,0.52,3.03
104538,Kenji Volkov,Mexico,Software Engineer,Personal Loan,0,35,Medium,0.72,1.0
104539,Amara Al-Sayed,Germany,Software Engineer,Personal Loan,0,20,Low,0.89,4.55
104540,Emma Nakamura,France,Software Engineer,Savings Account,0,0,Low,0.56,1.0
104541,Mei Silva,North Korea,Nurse,Current Account,0,40,Medium,0.55,1.0
104542,Mary Andersson,Nigeria,Doctor,Savings Account,0,35,Medium,0.44,0.9
104543,Rajesh Mbeki,Afghanistan,Civil Servant,Credit Card,0,50,Medium,0.33,0.9
104544,Ingrid Nakamura,China,Software Engineer,Crypto Wallet,0,35,Medium,0.52,1.0
104545,Ravi Kowalski,India,Casino Operator,Credit Card,0,60,High,0.46,1.0
104546,Nadia Rossi,United States,Doctor,Current Account,0,0,Low,0.52,1.0
104547,Aisha Cole,France,Software Engineer,Savings Account,0,10,Low,0.42,0.9
104548,Rajesh Ivanov,United Kingdom,Retail Trader,Savings Account,0,20,Low,0.69,0.9
104549,Omar Johnson,United States,Retail Trader,Current Account,0,20,Low,0.48,1.0
104550,Amara Yilmaz,Germany,Doctor,Savings Account,0,0,Low,0.4,1.2
104551,Omar Andersson,Mexico,Real Estate Agent,Credit Card,0,45,Medium,0.52,3.6
104552,Mary Fitzgerald,Japan,Accountant,Private Banking,1,45,Medium,0.5,1.0
104553,Tariq Smith,India,Software Engineer,Trade Finance,0,45,Medium,0.56,1.0
104554,Hassan Bello,Nigeria,Software Engineer,Current Account,0,15,Low,0.48,0.9
104555,Wei Johnson,China,Jeweller,Savings Account,0,50,Medium,0.4,0.9
104556,Thomas Wang,Nigeria,Software Engineer,Credit Card,0,25,Medium,0.42,0.9
104557,Ingrid Yilmaz,India,Precious Metals Dealer,Credit Card,0,60,High,0.38,1.2
104558,Emma Reddy,France,Car Dealer,International Wire Transfers,0,40,Medium,0.43,6.61
104559,Omar Fitzgerald,United Kingdom,Nurse,Crypto Wallet,0,20,Low,0.57,1.0
104560,Aisha Haddad,India,Accountant,Savings Account,0,25,Medium,0.83,3.23
104561,Ivan Ivanov,Panama,Civil Servant,Savings Account,0,50,Medium,0.67,1.0
104562,Benjamin Haddad,Iran,Money Service Business,Current Account,0,75,High,0.74,4.26
104563,Tariq Dubois,Canada,Nurse,Savings Account,0,0,Low,0.54,1.0
104564,Mary Andersson,Germany,Car Dealer,Savings Account,0,40,Medium,0.44,1.2
104565,Elena Brown,Sweden,Jeweller,Savings Account,0,10,Low,0.58,1.2
104566,Benjamin Khan,United Kingdom,Teacher,Savings Account,0,10,Low,0.48,2.12
104567,Benjamin Andersson,United Kingdom,Teacher,Credit Card,0,20,Low,0.41,1.0
104568,Carlos Nakamura,Nigeria,Jeweller,Private Banking,1,70,High,0.44,1.0
104569,Mohammed Mbeki,Netherlands,Software Engineer,International Wire Transfers,0,50,Medium,0.62,1.0
104570,Liam Brown,United Kingdom,Import/Export Trader,Crypto Wallet,0,40,Medium,0.48,1.0
104571,Kwame Dubois,Panama,Casino Operator,Fixed Deposit,0,75,High,0.33,1.0
104572,Amara Reddy,Australia,Casino Operator,Private Banking,0,45,Medium,0.5,1.0
104573,Priya Kimura,United States,Retail Trader,Current Account,0,10,Low,0.33,1.0
104574,Rajesh Adeyemi,Kenya,Teacher,Personal Loan,0,35,Medium,0.37,1.0
104575,James Sokolov,Nigeria,Software Engineer,Credit Card,0,35,Medium,0.77,0.9
104576,Lucas Rossi,Japan,Accountant,International Wire Transfers,0,45,Medium,0.36,1.2
104577,Ravi Okonkwo,India,Retail Trader,Savings Account,0,25,Medium,0.56,3.45
104578,Chloe Adeyemi,Canada,Import/Export Trader,Crypto Wallet,0,60,High,0.38,1.0
104579,Adebayo Sokolov,Australia,Teacher,Savings Account,0,10,Low,0.71,1.0
104580,Noah Ivanov,Turkey,Doctor,Current Account,0,25,Medium,0.58,1.0
104581,Hassan Adeyemi,Kenya,Doctor,Credit Card,0,35,Medium,0.58,4.9
104582,Ingrid Yilmaz,Turkey,Teacher,Savings Account,0,15,Low,0.38,1.0
104583,Noah Kimura,China,Software Engineer,Crypto Wallet,0,35,Medium,0.35,0.9
104584,Ravi Nakamoto,United States,Retail Trader,Credit Card,0,30,Medium,0.8,0.9
104585,Sergei Reddy,Australia,Jeweller,Personal Loan,0,30,Medium,0.56,1.0
104586,Yuki Smith,United States,Doctor,Savings Account,0,20,Low,0.45,1.0
104587,Liam Dubois,United States,Civil Servant,Crypto Wallet,0,30,Medium,0.36,1.2
104588,Rajesh Khan,Canada,Retail Trader,Current Account,0,20,Low,0.42,4.41
104589,Thomas Yilmaz,United Kingdom,Real Estate Agent,Crypto Wallet,0,45,Medium,0.38,0.9
104590,Nadia Yilmaz,Ireland,Civil Servant,Current Account,0,10,Low,0.58,7.16
104591,Carlos Nakamoto,Ireland,Civil Servant,Credit Card,0,40,Medium,0.67,4.26
104592,Priya Kimura,Germany,Teacher,Savings Account,0,0,Low,0.33,1.2
104593,Elena Kimura,United States,Car Dealer,Private Banking,0,40,Medium,0.64,1.0
104594,Tariq Lindqvist,Turkey,Car Dealer,Current Account,0,25,Medium,0.55,0.9
104595,Elena Kowalski,United States,Software Engineer,Trade Finance,0,50,Medium,0.67,1.2
104596,Amara Volkov,Germany,Nurse,Savings Account,0,10,Low,0.72,1.0
104597,Thomas Hall,United States,Money Service Business,Savings Account,0,25,Medium,0.5,1.0
104598,Lucas Mbeki,Canada,Civil Servant,Current Account,0,15,Low,0.33,4.69
104599,Sergei Lindqvist,Canada,Teacher,Current Account,0,10,Low,0.69,1.0
104600,Mohammed Muller,Ireland,Jeweller,Crypto Wallet,0,40,Medium,0.67,0.9
104601,Wei Sokolov,Mexico,Teacher,Savings Account,0,15,Low,0.8,0.9
104602,Ingrid Reddy,Canada,Doctor,Current Account,0,10,Low,0.38,0.9
104603,Thomas Petrov,India,Real Estate Agent,Current Account,0,35,Medium,0.72,0.9
104604,Zara Dubois,United States,Civil Servant,Current Account,0,10,Low,0.35,6.05
104605,Priya Johnson,Russia,Civil Servant,Crypto Wallet,0,70,High,0.38,1.0
104606,Ingrid Al-Sayed,Nigeria,Casino Operator,Current Account,0,40,Medium,0.76,1.0
104607,Chen Bello,Netherlands,Software Engineer,Fixed Deposit,0,0,Low,0.43,0.9
104608,Dmitri Cole,Germany,Accountant,Current Account,0,0,Low,0.75,1.2
104609,Ivan Sokolov,United Kingdom,Accountant,Credit Card,0,10,Low,0.72,1.2
104610,Wei Hall,Japan,Car Dealer,Savings Account,0,20,Low,0.4,3.26
104611,Yuki Fitzgerald,Canada,Teacher,Savings Account,0,10,Low,0.34,1.0
104612,Sofia Patel,Germany,Arms Dealer,Credit Card,0,50,Medium,0.45,1.0
104613,Mei Kimura,Sweden,Teacher,Current Account,0,10,Low,0.43,5.97
104614,Noah Rossi,Netherlands,Real Estate Agent,Savings Account,0,25,Medium,0.38,4.22
104615,Aisha Okafor,Brazil,Civil Servant,Crypto Wallet,0,35,Medium,0.42,0.9
104616,Lucas Reddy,France,Software Engineer,International Wire Transfers,0,20,Low,0.43,1.0
104617,Adebayo Lindqvist,Brazil,Doctor,Personal Loan,0,35,Medium,0.34,1.0
104618,Benjamin Volkov,China,Jeweller,Current Account,0,35,Medium,0.71,3.51
104619,Carlos Yilmaz,UAE,Accountant,Credit Card,0,35,Medium,0.38,0.9
104620,Chloe Fitzgerald,Germany,Teacher,Trade Finance,0,30,Medium,0.34,9.91
104621,Sara Silva,Afghanistan,Nurse,Current Account,0,65,High,0.52,8.77
104622,Hassan Wang,United Kingdom,Money Service Business,Fixed Deposit,0,35,Medium,0.57,9.51
104623,Adebayo Dubois,Japan,Nurse,Fixed Deposit,0,25,Medium,0.38,1.0
104624,Mohammed Ivanov,Turkey,Teacher,Savings Account,0,25,Medium,0.61,3.36
104625,Wei Yilmaz,Germany,Civil Servant,International Wire Transfers,0,20,Low,0.43,5.91
104626,Sofia Chen,Netherlands,Money Service Business,Fixed Deposit,0,35,Medium,0.36,1.2
104627,Carlos Hall,United States,Accountant,Savings Account,0,0,Low,0.42,9.19
104628,Emma Ivanov,Canada,Retail Trader,Savings Account,0,20,Low,0.67,1.2
104629,Rajesh Fitzgerald,India,Nurse,Credit Card,0,35,Medium,0.34,1.0
104630,Rajesh Andersson,Canada,Civil Servant,Savings Account,0,0,Low,0.41,1.0
104631,Nadia Osei,China,Nurse,Credit Card,0,35,Medium,0.55,5.47
104632,Amara Okonkwo,India,Car Dealer,Savings Account,0,35,Medium,0.52,1.0
104633,Rajesh Ivanov,Brazil,Nurse,Current Account,0,25,Medium,0.69,9.26
104634,Aisha Brown,Nigeria,Import/Export Trader,Current Account,0,35,Medium,0.43,0.9
104635,Elena Nakamura,Canada,Civil Servant,Fixed Deposit,0,10,Low,0.52,1.0
104636,Ivan Petrov,United States,Car Dealer,Current Account,0,20,Low,1.0,1.2
104637,Zara Mbeki,Australia,Precious Metals Dealer,Credit Card,0,35,Medium,0.35,1.0
104638,Sergei Brown,Japan,Teacher,Savings Account,0,10,Low,0.64,1.2
104639,Chen Nguyen,UAE,Real Estate Agent,Current Account,0,35,Medium,0.27,1.0
104640,Ingrid Al-Sayed,United States,Nurse,Current Account,0,0,Low,0.76,1.2
104641,Dmitri Osei,Japan,Teacher,Savings Account,0,0,Low,0.67,0.9
104642,Kwame Brown,Ireland,Doctor,Fixed Deposit,0,0,Low,0.36,3.82
104643,Chloe Dubois,Germany,Software Engineer,International Wire Transfers,0,20,Low,0.33,1.2
104644,Benjamin Cole,United Kingdom,Accountant,Fixed Deposit,0,10,Low,0.46,1.0
104645,Priya Fitzgerald,United States,Doctor,Credit Card,0,20,Low,0.4,1.2
104646,Ivan Yilmaz,United Kingdom,Money Service Business,Trade Finance,0,55,Medium,0.45,6.55
104647,Sofia Ivanov,China,Accountant,Personal Loan,0,25,Medium,0.72,0.9
104648,Benjamin Wang,Germany,Doctor,Private Banking,0,30,Medium,0.4,1.0
104649,Aisha Nakamoto,United Kingdom,Accountant,Trade Finance,0,30,Medium,0.77,1.0
104650,Oluwaseun Haddad,Nigeria,Software Engineer,Fixed Deposit,0,25,Medium,0.67,1.2
104651,Kenji Okonkwo,Netherlands,Precious Metals Dealer,Current Account,0,35,Medium,0.52,0.9
104652,Priya Mbeki,South Africa,Cash-Intensive Business,Current Account,0,50,Medium,0.35,8.37
104653,Ivan Haddad,United Kingdom,Retail Trader,Savings Account,0,10,Low,0.78,1.0
104654,Kwame Osei,Turkey,Accountant,Private Banking,0,45,Medium,0.43,1.0
104655,Mary Ivanov,UAE,Jeweller,International Wire Transfers,0,70,High,0.67,1.2
104656,Omar Adeyemi,China,Accountant,Savings Account,0,15,Low,0.64,1.2
104657,Fatima Ivanov,Myanmar,Real Estate Agent,Savings Account,0,60,High,0.62,1.2
104658,Thomas Reddy,Japan,Civil Servant,Savings Account,0,0,Low,0.48,1.0
104659,Ravi Lindqvist,Afghanistan,Software Engineer,Current Account,0,50,Medium,0.44,0.9
104660,Sofia Chen,United States,Nurse,International Wire Transfers,0,20,Low,0.36,1.0
104661,Aisha Khan,UAE,Retail Trader,Savings Account,0,35,Medium,0.52,4.33
104662,Noah Mbeki,Russia,Jeweller,Credit Card,0,85,High,0.35,1.2
104663,Priya Johnson,India,Casino Operator,Private Banking,0,85,High,0.38,5.42
104664,Noah Khan,France,Software Engineer,Personal Loan,0,10,Low,0.48,1.0
104665,Tariq Mbeki,South Africa,Teacher,Fixed Deposit,0,25,Medium,0.56,8.32
104666,James Silva,Japan,Teacher,Savings Account,0,10,Low,0.5,1.2
104667,Elena Okonkwo,Ireland,Retail Trader,Credit Card,1,55,Medium,0.69,1.0
104668,Fatima Ivanov,South Africa,Civil Servant,International Wire Transfers,0,45,Medium,0.62,9.72
104669,Lucas Wang,United States,Software Engineer,Savings Account,0,10,Low,0.37,1.2
104670,Chloe Hall,Turkey,Teacher,Personal Loan,0,35,Medium,0.35,6.86
104671,Elena Smith,Brazil,Car Dealer,Crypto Wallet,0,55,Medium,0.5,4.29
104672,Chloe Volkov,Ireland,Nurse,Current Account,0,0,Low,0.72,6.84
104673,Rajesh Yilmaz,Canada,Car Dealer,Personal Loan,0,30,Medium,0.32,1.0
104674,Priya Okonkwo,Canada,Teacher,Savings Account,0,10,Low,0.54,1.0
104675,Nadia Al-Sayed,Nigeria,Real Estate Agent,Credit Card,0,45,Medium,0.79,4.01
104676,Nadia Hall,India,Nurse,Current Account,0,25,Medium,0.73,1.0
104677,Zara Nakamura,Canada,Doctor,Savings Account,0,0,Low,0.48,2.65
104678,Dmitri Kowalski,Brazil,Accountant,Credit Card,0,35,Medium,0.69,1.2
104679,Elena Muller,United States,Civil Servant,Fixed Deposit,0,10,Low,0.56,0.9
104680,Chen Khan,Mexico,Civil Servant,Private Banking,0,35,Medium,0.45,1.0
104681,Omar Muller,Japan,Accountant,International Wire Transfers,0,50,Medium,0.58,5.52
104682,James Reddy,Netherlands,Import/Export Trader,Credit Card,0,30,Medium,0.36,7.2
104683,Priya Andersson,Turkey,Import/Export Trader,Savings Account,0,35,Medium,0.46,1.2
104684,Ivan Fitzgerald,Panama,Teacher,Fixed Deposit,0,65,High,0.54,1.2
104685,Kenji Hall,France,Car Dealer,Fixed Deposit,0,20,Low,0.45,1.0
104686,Aisha Nakamoto,Nigeria,Software Engineer,Savings Account,0,15,Low,0.77,1.2
104687,Oluwaseun Osei,Japan,Teacher,Savings Account,0,10,Low,0.32,3.16
104688,Chen Patel,France,Nurse,Credit Card,0,10,Low,0.38,1.2
104689,Oluwaseun Al-Sayed,Brazil,Nurse,Current Account,0,45,Medium,0.71,1.0
104690,Sergei Al-Sayed,Brazil,Accountant,Private Banking,0,55,Medium,0.76,5.6
104691,Sergei Mbeki,United States,Precious Metals Dealer,Savings Account,0,25,Medium,0.64,1.2
104692,Emma Cole,Nigeria,Money Service Business,Savings Account,1,75,High,0.45,0.9
104693,Chloe Nakamura,India,Casino Operator,Savings Account,0,40,Medium,0.46,8.64
104694,Zara Kowalski,UAE,Precious Metals Dealer,Crypto Wallet,0,70,High,0.46,1.0
104695,Benjamin Cole,Japan,Retail Trader,Savings Account,0,25,Medium,0.46,1.0
104696,Aisha Kowalski,France,Jeweller,Savings Account,0,20,Low,0.43,4.95
104697,Mary Haddad,Nigeria,Software Engineer,International Wire Transfers,0,35,Medium,0.7,1.0
104698,Kwame Kowalski,Sweden,Doctor,Trade Finance,0,45,Medium,0.5,1.2
104699,Rajesh Mbeki,Canada,Accountant,Credit Card,0,20,Low,0.33,1.0
104700,Kwame Cole,Turkey,Nurse,Current Account,0,50,Medium,0.36,1.2
104701,Mei Nguyen,Nigeria,Casino Operator,Credit Card,0,50,Medium,0.37,9.05
104702,Adebayo Adeyemi,Ireland,Real Estate Agent,International Wire Transfers,0,45,Medium,0.44,1.0
104703,Ravi Andersson,India,Teacher,Savings Account,0,25,Medium,0.48,1.0
104704,Fatima Adeyemi,India,Nurse,International Wire Transfers,0,35,Medium,0.46,1.2
104705,Adebayo Fitzgerald,India,Accountant,Fixed Deposit,0,25,Medium,0.4,1.0
104706,Lucas Okonkwo,United Kingdom,Teacher,Current Account,0,0,Low,0.46,2.28
104707,Yuki Wang,Ireland,Jeweller,Savings Account,0,20,Low,0.38,5.4
104708,Sergei Bello,Germany,Nurse,Private Banking,0,30,Medium,0.69,1.0
104709,Wei Johnson,Brazil,Teacher,Personal Loan,0,35,Medium,0.4,3.6
104710,Mei Brown,France,Real Estate Agent,Credit Card,0,35,Medium,0.36,1.0
104711,Sofia Cole,Canada,Jeweller,Savings Account,0,35,Medium,0.35,1.0
104712,Ingrid Patel,Russia,Casino Operator,Current Account,0,75,High,0.43,1.0
104713,Priya Kowalski,United Kingdom,Doctor,Trade Finance,0,20,Low,0.44,0.9
104714,Hassan Rossi,Australia,Teacher,Personal Loan,0,20,Low,0.48,1.0
104715,Aisha Hall,Japan,Software Engineer,Savings Account,1,50,Medium,0.55,1.2
104716,Chen Petrov,United States,Nurse,Current Account,0,10,Low,0.73,3.91
104717,Grace Bello,Nigeria,Nurse,Crypto Wallet,0,35,Medium,0.42,1.2
104718,Liam Wang,India,Real Estate Agent,Savings Account,0,35,Medium,0.38,3.71
104719,Mary Ivanov,France,Jeweller,Savings Account,0,20,Low,0.67,1.2
104720,Nadia Bello,Australia,Real Estate Agent,Credit Card,0,20,Low,0.52,1.2
104721,Carlos Fitzgerald,Australia,Teacher,Credit Card,0,20,Low,0.4,1.0
104722,Rajesh Andersson,Brazil,Retail Trader,Trade Finance,0,55,Medium,0.41,2.28
104723,Mary Kimura,Nigeria,Casino Operator,Trade Finance,0,70,High,0.35,1.0
104724,Chen Mbeki,United States,Accountant,Fixed Deposit,0,10,Low,0.35,0.9
104725,Ravi Brown,Australia,Nurse,Credit Card,0,10,Low,0.45,6.62
104726,Mary Khan,United States,Software Engineer,Current Account,0,10,Low,0.38,0.9
104727,Oluwaseun Okafor,Turkey,Accountant,Current Account,0,40,Medium,0.36,1.2
104728,Aisha Ivanov,United Kingdom,Accountant,Personal Loan,0,20,Low,0.64,4.66
104729,Rajesh Osei,South Africa,Software Engineer,Current Account,0,25,Medium,0.34,5.88
104730,Sergei Haddad,India,Jeweller,Fixed Deposit,0,25,Medium,0.64,3.12
104731,Thomas Okonkwo,United Kingdom,Retail Trader,Fixed Deposit,0,20,Low,0.44,1.0
104732,Thomas Dubois,China,Nurse,Current Account,0,25,Medium,0.38,1.0
104733,Emma Kimura,United States,Car Dealer,Fixed Deposit,0,10,Low,0.42,1.0
104734,Priya Chen,China,Real Estate Agent,Current Account,0,25,Medium,0.37,3.33
104735,Aisha Bello,Ireland,Accountant,International Wire Transfers,0,20,Low,0.43,1.0
104736,Tariq Nakamura,Canada,Casino Operator,Savings Account,0,25,Medium,0.57,8.35
104737,Adebayo Dubois,United Kingdom,Software Engineer,Credit Card,0,10,Low,0.38,1.0
104738,Thomas Wang,Canada,Nurse,Crypto Wallet,0,30,Medium,0.42,4.84
104739,Priya Sokolov,Ireland,Doctor,Fixed Deposit,0,10,Low,0.77,3.83
104740,Zara Fitzgerald,Canada,Software Engineer,Fixed Deposit,0,10,Low,0.43,0.9
104741,Mary Khan,Canada,Car Dealer,Credit Card,0,20,Low,0.38,1.2
104742,Chloe Silva,France,Casino Operator,International Wire Transfers,0,45,Medium,0.42,1.0
104743,Mary Volkov,Kenya,Precious Metals Dealer,Credit Card,0,50,Medium,0.75,0.9
104744,Thomas Lindqvist,Myanmar,Retail Trader,Current Account,0,75,High,0.35,1.0
104745,Kenji Lindqvist,Australia,Software Engineer,Credit Card,0,35,Medium,0.43,4.1
104746,Oluwaseun Volkov,Turkey,Doctor,Personal Loan,0,50,Medium,0.62,1.0
104747,Dmitri Okonkwo,Japan,Doctor,Private Banking,0,30,Medium,0.79,4.95
104748,Liam Okonkwo,United Kingdom,Nurse,Credit Card,0,20,Low,0.48,4.78
104749,Yuki Cole,United States,Real Estate Agent,International Wire Transfers,0,30,Medium,0.38,9.2
104750,Sofia Dubois,South Africa,Jeweller,Credit Card,0,45,Medium,0.33,1.0
104751,Chloe Muller,Nigeria,Teacher,Savings Account,0,15,Low,0.25,8.46
104752,Emma Cole,Nigeria,Software Engineer,Fixed Deposit,0,25,Medium,0.45,3.82
104753,Benjamin Sokolov,Australia,Accountant,Fixed Deposit,0,0,Low,0.67,4.99
104754,Lucas Smith,Mexico,Real Estate Agent,Credit Card,0,45,Medium,0.36,1.0
104755,Carlos Lindqvist,Iran,Casino Operator,Savings Account,0,75,High,0.34,5.74
104756,Sara Hall,United States,Real Estate Agent,Trade Finance,0,75,High,0.48,2.81
104757,Kenji Smith,Afghanistan,Car Dealer,Credit Card,0,70,High,0.35,0.9
104758,Carlos Khan,Turkey,Car Dealer,Savings Account,0,35,Medium,0.43,0.9
104759,Benjamin Patel,United States,Real Estate Agent,Savings Account,0,10,Low,0.4,0.9
104760,Chloe Cole,Iran,Accountant,Credit Card,0,60,High,0.43,1.0
104761,Grace Bello,United Kingdom,Precious Metals Dealer,Credit Card,0,50,Medium,0.42,1.0
104762,Omar Patel,Nigeria,Software Engineer,Credit Card,0,25,Medium,0.61,1.0
104763,Priya Smith,India,Precious Metals Dealer,Private Banking,0,90,High,0.35,1.0
104764,Hassan Volkov,United Kingdom,Nurse,Savings Account,0,10,Low,0.62,1.0
104765,Benjamin Patel,United Kingdom,Software Engineer,Savings Account,0,10,Low,0.4,0.9
104766,Zara Nguyen,Iran,Arms Dealer,Trade Finance,0,105,High,0.42,1.0
104767,Lucas Silva,Canada,Real Estate Agent,Personal Loan,0,20,Low,0.5,1.2
104768,Zara Patel,Sweden,Car Dealer,Current Account,0,20,Low,0.43,0.9
104769,Ravi Nguyen,Australia,Real Estate Agent,Personal Loan,0,20,Low,0.43,1.0
104770,Thomas Hall,India,Accountant,Savings Account,0,25,Medium,0.5,1.0
104771,Wei Wang,United States,Accountant,Current Account,0,20,Low,0.48,1.0
104772,Emma Rossi,Canada,Real Estate Agent,Current Account,0,10,Low,0.43,1.0
104773,Chloe Adeyemi,United States,Casino Operator,Crypto Wallet,0,55,Medium,0.38,1.0
104774,Chloe Ivanov,Japan,Jeweller,Private Banking,0,40,Medium,0.64,1.0
104775,Mohammed Patel,United Kingdom,Jeweller,International Wire Transfers,1,80,High,0.69,1.2
104776,Noah Petrov,Germany,Doctor,Current Account,0,10,Low,0.73,1.0
104777,Liam Muller,Germany,Casino Operator,International Wire Transfers,0,55,Medium,0.45,1.0
104778,Tariq Dubois,Australia,Casino Operator,Personal Loan,0,35,Medium,0.54,1.2
104779,Rajesh Sokolov,Japan,Teacher,Trade Finance,0,20,Low,0.74,5.89
104780,Sergei Yilmaz,Germany,Retail Trader,Savings Account,0,20,Low,0.69,4.99
104781,Amara Nakamoto,Japan,Software Engineer,Private Banking,0,30,Medium,0.77,3.07
104782,Sergei Kimura,India,Teacher,Credit Card,0,40,Medium,0.69,1.0
104783,Omar Dubois,Canada,Software Engineer,Credit Card,0,20,Low,0.5,1.2
104784,Dmitri Reddy,United Kingdom,Precious Metals Dealer,Trade Finance,0,75,High,0.56,1.0
104785,Lucas Cole,United Kingdom,Retail Trader,Private Banking,0,30,Medium,0.43,1.0
104786,Carlos Johnson,Mexico,Retail Trader,Savings Account,0,25,Medium,0.32,1.2
104787,Sergei Nguyen,Netherlands,Civil Servant,Current Account,0,25,Medium,0.62,1.0
104788,Omar Lindqvist,China,Accountant,Fixed Deposit,0,15,Low,0.52,1.2
104789,Mohammed Mbeki,India,Real Estate Agent,Fixed Deposit,0,35,Medium,0.62,1.0
104790,Sergei Fitzgerald,Sweden,Doctor,Personal Loan,0,20,Low,0.6,1.2
104791,Benjamin Ivanov,Canada,Retail Trader,Trade Finance,0,40,Medium,0.64,1.2
104792,Hassan Johnson,Turkey,Car Dealer,Personal Loan,1,60,High,0.52,1.0
104793,Rajesh Volkov,South Africa,Software Engineer,Credit Card,0,25,Medium,0.62,1.0
104794,Liam Nguyen,United Kingdom,Retail Trader,Trade Finance,0,40,Medium,0.36,2.84
104795,Ivan Silva,South Africa,Retail Trader,Crypto Wallet,0,55,Medium,0.57,0.9
104796,Benjamin Kimura,Brazil,Accountant,Current Account,0,25,Medium,0.43,0.9
104797,Emma Silva,Nigeria,Retail Trader,Trade Finance,0,55,Medium,0.52,1.0
104798,Mohammed Reddy,Australia,Civil Servant,Current Account,0,15,Low,0.69,1.0
104799,Hassan Reddy,South Africa,Teacher,Credit Card,0,25,Medium,0.62,1.2
104800,Thomas Wang,United Kingdom,Civil Servant,Personal Loan,0,40,Medium,0.42,6.0
104801,Emma Volkov,United States,Civil Servant,Personal Loan,0,10,Low,0.75,5.24
104802,Kenji Kimura,Mexico,Doctor,Trade Finance,0,45,Medium,0.4,1.0
104803,Mei Johnson,France,Accountant,Savings Account,0,0,Low,0.42,1.0
104804,Wei Nakamura,India,Car Dealer,Savings Account,0,25,Medium,0.58,0.9
104805,Ingrid Hall,Russia,Doctor,Savings Account,0,40,Medium,0.42,3.79
104806,Liam Dubois,United Kingdom,Doctor,Fixed Deposit,1,35,Medium,0.36,1.0
104807,Kenji Okonkwo,Canada,Money Service Business,Crypto Wallet,0,55,Medium,0.52,1.2
104808,Sara Haddad,Brazil,Casino Operator,Credit Card,0,60,High,0.78,1.0
104809,Rajesh Kimura,United States,Import/Export Trader,Current Account,0,40,Medium,0.32,1.2
104810,Elena Osei,India,Cash-Intensive Business,Savings Account,0,50,Medium,0.61,5.1
104811,Liam Okonkwo,Brazil,Software Engineer,Crypto Wallet,0,35,Medium,0.48,5.09
104812,Noah Kimura,United States,Accountant,Fixed Deposit,0,0,Low,0.35,3.83
104813,Mary Wang,United Kingdom,Nurse,Current Account,0,0,Low,0.36,1.2
104814,Chen Patel,India,Car Dealer,Personal Loan,0,45,Medium,0.38,1.0
104815,Aisha Dubois,United States,Real Estate Agent,Crypto Wallet,0,30,Medium,0.42,0.9
104816,Tariq Kimura,Sweden,Real Estate Agent,Trade Finance,0,40,Medium,0.54,5.3
104817,James Petrov,Brazil,Accountant,Trade Finance,0,35,Medium,0.7,1.2
104818,Sofia Yilmaz,France,Nurse,Fixed Deposit,0,0,Low,0.33,0.9
104819,Thomas Ivanov,Kenya,Accountant,Current Account,0,40,Medium,0.62,1.0
104820,Carlos Lindqvist,Nigeria,Car Dealer,Savings Account,0,25,Medium,0.34,1.0
104821,Ravi Muller,Canada,Retail Trader,Credit Card,0,20,Low,0.33,0.9
104822,Sergei Lindqvist,Netherlands,Retail Trader,Savings Account,0,20,Low,0.69,0.9
104823,Dmitri Bello,Syria,Civil Servant,Personal Loan,0,50,Medium,0.72,1.0
104824,Ivan Nakamura,Turkey,Nurse,Savings Account,0,15,Low,0.56,1.2
104825,Ivan Osei,France,Software Engineer,Private Banking,0,20,Low,0.6,8.03
104826,Wei Petrov,Sweden,Import/Export Trader,Current Account,0,10,Low,0.76,1.0
104827,Mei Haddad,United Kingdom,Retail Trader,Credit Card,0,20,Low,0.73,7.08
104828,Ivan Okafor,Netherlands,Teacher,International Wire Transfers,0,20,Low,0.55,0.9
104829,Chloe Cole,Russia,Real Estate Agent,International Wire Transfers,0,80,High,0.43,4.04
104830,Noah Patel,Sweden,Nurse,Savings Account,0,30,Medium,0.43,1.2
104831,Fatima Nakamoto,Sweden,Real Estate Agent,Credit Card,0,20,Low,0.81,0.9
104832,Priya Silva,Japan,Retail Trader,Trade Finance,0,40,Medium,0.5,5.47
104833,Chen Reddy,Canada,Doctor,Credit Card,0,10,Low,0.37,1.0
104834,Adebayo Dubois,Nigeria,Doctor,Savings Account,0,15,Low,0.38,8.49
104835,Mary Adeyemi,Sweden,Civil Servant,Personal Loan,0,10,Low,0.56,1.0
104836,Amara Kowalski,UAE,Accountant,Trade Finance,0,45,Medium,0.52,1.0
104837,Hassan Andersson,Iran,Accountant,Trade Finance,0,70,High,0.55,1.2
104838,Emma Kowalski,Mexico,Money Service Business,International Wire Transfers,0,60,High,0.46,1.2
104839,Wei Nakamoto,United States,Nurse,Savings Account,0,0,Low,0.83,1.0
104840,Ravi Chen,Turkey,Doctor,Credit Card,0,35,Medium,0.38,2.83
104841,Sara Volkov,Japan,Accountant,Savings Account,0,0,Low,0.67,4.92
104842,Chen Patel,Turkey,Real Estate Agent,International Wire Transfers,0,45,Medium,0.38,6.06
104843,Fatima Khan,Sweden,Civil Servant,Current Account,0,10,Low,0.52,0.9
104844,Oluwaseun Al-Sayed,Brazil,Real Estate Agent,Current Account,0,35,Medium,0.71,2.35
104845,Aisha Adeyemi,Germany,Accountant,Credit Card,0,10,Low,0.48,9.23
104846,James Mbeki,Germany,Doctor,Savings Account,0,20,Low,0.34,1.2
104847,James Okonkwo,United Kingdom,Cash-Intensive Business,Current Account,0,35,Medium,0.54,1.0
104848,Mary Nguyen,India,Real Estate Agent,Fixed Deposit,0,35,Medium,0.5,1.0
104849,Ravi Khan,France,Jeweller,Credit Card,0,20,Low,0.48,3.92
104850,Mary Rossi,United Kingdom,Real Estate Agent,Savings Account,0,30,Medium,0.38,6.63
104851,Chen Nakamura,India,Nurse,Savings Account,0,25,Medium,0.48,4.44
104852,Ivan Sokolov,Russia,Software Engineer,Current Account,0,50,Medium,0.72,1.0
104853,Thomas Rossi,Panama,Car Dealer,Personal Loan,0,60,High,0.42,3.02
104854,Emma Nakamura,Sweden,Real Estate Agent,Current Account,0,20,Low,0.56,1.2
104855,Aisha Rossi,United Kingdom,Money Service Business,Savings Account,0,50,Medium,0.43,1.2
104856,Sara Nguyen,Germany,Teacher,Trade Finance,0,20,Low,0.33,2.67
104857,Aisha Volkov,Germany,Jeweller,Trade Finance,0,40,Medium,0.64,1.0
104858,Yuki Muller,France,Doctor,Current Account,0,10,Low,0.36,1.2
104859,Hassan Lindqvist,Australia,Jeweller,Fixed Deposit,0,25,Medium,0.48,6.02
104860,Lucas Kimura,Australia,Precious Metals Dealer,Fixed Deposit,0,35,Medium,0.4,9.65
104861,Noah Reddy,France,Real Estate Agent,Fixed Deposit,0,20,Low,0.45,4.61
104862,Grace Reddy,China,Retail Trader,Savings Account,0,35,Medium,0.35,1.0
104863,Ingrid Hall,India,Doctor,Current Account,0,25,Medium,0.42,1.0
104864,Aisha Andersson,Germany,Software Engineer,Current Account,0,10,Low,0.46,0.9
104865,Zara Yilmaz,North Korea,Teacher,Personal Loan,0,60,High,0.35,4.14
104866,Carlos Johnson,United Kingdom,Civil Servant,Trade Finance,0,30,Medium,0.32,2.12
104867,Sofia Brown,United Kingdom,Nurse,Savings Account,0,10,Low,0.45,1.2
104868,Sergei Nguyen,Germany,Money Service Business,Fixed Deposit,0,35,Medium,0.62,1.0
104869,Zara Al-Sayed,France,Teacher,Credit Card,0,20,Low,0.85,1.0
104870,Mei Nakamoto,Nigeria,Arms Dealer,Current Account,0,50,Medium,0.83,1.0
104871,Adebayo Bello,UAE,Software Engineer,Current Account,0,25,Medium,0.38,1.0
104872,Omar Okonkwo,United States,Teacher,Trade Finance,0,30,Medium,0.54,7.08
104873,James Okafor,Turkey,Doctor,Savings Account,0,25,Medium,0.48,3.69
104874,Rajesh Smith,Ireland,Precious Metals Dealer,Savings Account,0,40,Medium,0.33,1.0
104875,Emma Sokolov,Australia,Nurse,Credit Card,0,40,Medium,0.72,0.9
104876,Dmitri Okonkwo,United Kingdom,Car Dealer,Personal Loan,0,30,Medium,0.79,0.9
104877,Chloe Mbeki,Germany,Nurse,Savings Account,0,10,Low,0.25,0.9
104878,Sofia Cole,Kenya,Retail Trader,Personal Loan,0,35,Medium,0.35,1.0
104879,Tariq Khan,United Kingdom,Software Engineer,Savings Account,0,10,Low,0.58,4.14
104880,Elena Wang,Canada,Software Engineer,International Wire Transfers,0,20,Low,0.61,1.2
104881,Sofia Muller,Brazil,Retail Trader,International Wire Transfers,0,45,Medium,0.25,1.0
104882,Ivan Nakamoto,Germany,Nurse,Savings Account,0,10,Low,0.8,8.18
104883,Ravi Rossi,France,Teacher,Fixed Deposit,0,0,Low,0.45,1.0
104884,Dmitri Hall,Nigeria,Nurse,Savings Account,0,15,Low,0.67,4.44
104885,Zara Mbeki,Germany,Car Dealer,Savings Account,0,20,Low,0.35,0.9
104886,Amara Andersson,Turkey,Software Engineer,Credit Card,0,25,Medium,0.43,3.95
104887,Zara Mbeki,Netherlands,Real Estate Agent,Fixed Deposit,0,20,Low,0.35,1.0
104888,Ravi Kimura,China,Accountant,International Wire Transfers,0,45,Medium,0.42,1.2
104889,Ravi Muller,Australia,Accountant,Trade Finance,0,30,Medium,0.33,1.2
104890,Zara Bello,Australia,Nurse,Credit Card,0,20,Low,0.43,1.0
104891,Kwame Fitzgerald,China,Teacher,Personal Loan,0,40,Medium,0.41,1.0
104892,Emma Nakamura,Panama,Car Dealer,Credit Card,0,70,High,0.56,0.9
104893,Nadia Nakamura,Germany,Teacher,Trade Finance,0,30,Medium,0.62,1.0
104894,Nadia Khan,UAE,Teacher,International Wire Transfers,0,45,Medium,0.73,5.39
104895,Liam Nakamura,Brazil,Accountant,Private Banking,0,45,Medium,0.64,1.2
104896,Mary Bello,United States,Import/Export Trader,Savings Account,0,20,Low,0.43,3.92
104897,Chen Okafor,United Kingdom,Precious Metals Dealer,Current Account,0,25,Medium,0.5,0.9
104898,Ivan Silva,Brazil,Teacher,Fixed Deposit,0,25,Medium,0.57,5.59
104899,James Yilmaz,Germany,Money Service Business,Savings Account,0,25,Medium,0.33,1.0
104900,Hassan Andersson,Mexico,Teacher,Fixed Deposit,1,55,Medium,0.55,0.9
104901,Zara Patel,United Kingdom,Teacher,Personal Loan,0,10,Low,0.43,3.46
104902,Adebayo Smith,Japan,Accountant,Current Account,0,0,Low,0.4,5.37
104903,Ivan Hall,Mexico,Nurse,Savings Account,1,50,Medium,0.5,0.9
104904,Liam Nakamoto,United Kingdom,Real Estate Agent,Credit Card,0,20,Low,0.88,1.0
104905,Noah Lindqvist,Kenya,Precious Metals Dealer,Credit Card,0,80,High,0.37,8.51
104906,Hassan Silva,Germany,Car Dealer,Credit Card,0,30,Medium,0.55,0.9
104907,Rajesh Johnson,United Kingdom,Accountant,Current Account,0,10,Low,0.37,1.2
104908,Grace Volkov,Australia,Accountant,Savings Account,1,25,Medium,0.64,1.2
104909,Sara Rossi,Brazil,Civil Servant,International Wire Transfers,0,35,Medium,0.38,1.2
104910,Sofia Patel,United States,Teacher,Trade Finance,0,20,Low,0.45,6.57
104911,Priya Muller,United States,Software Engineer,Trade Finance,0,20,Low,0.42,5.64
104912,Aisha Rossi,Russia,Software Engineer,International Wire Transfers,0,70,High,0.43,1.0
104913,Tariq Muller,Ireland,Real Estate Agent,Savings Account,0,20,Low,0.62,5.7
104914,Wei Reddy,Turkey,Doctor,Crypto Wallet,0,45,Medium,0.38,1.0
104915,Noah Kimura,Sweden,Accountant,International Wire Transfers,0,20,Low,0.35,1.0
104916,Liam Adeyemi,United Kingdom,Doctor,Fixed Deposit,0,10,Low,0.42,1.0
104917,Dmitri Lindqvist,France,Cash-Intensive Business,Current Account,0,35,Medium,0.62,8.03
104918,Amara Cole,Australia,Teacher,Personal Loan,0,10,Low,0.52,6.04
104919,Ingrid Silva,Germany,Software Engineer,Savings Account,0,0,Low,0.54,4.3
104920,Wei Hall,United States,Software Engineer,Savings Account,0,0,Low,0.4,1.0
104921,Carlos Brown,Syria,Nurse,Current Account,0,50,Medium,0.42,5.52
104922,Emma Adeyemi,Myanmar,Precious Metals Dealer,Trade Finance,0,85,High,0.48,3.54
104923,Nadia Johnson,United States,Car Dealer,Trade Finance,0,40,Medium,0.56,1.2
104924,Wei Cole,Canada,Doctor,Personal Loan,0,20,Low,0.45,1.0
104925,Rajesh Silva,United Kingdom,Retail Trader,Savings Account,0,10,Low,0.48,1.2
104926,Zara Chen,Canada,Precious Metals Dealer,Current Account,0,35,Medium,0.38,1.0
104927,Kwame Lindqvist,UAE,Accountant,Savings Account,0,15,Low,0.42,1.0
104928,Hassan Chen,Japan,Accountant,Current Account,0,10,Low,0.57,4.52
104929,Sara Okafor,Germany,Teacher,Current Account,0,10,Low,0.48,1.2
104930,Thomas Khan,China,Car Dealer,Savings Account,0,35,Medium,0.43,5.09
104931,Kenji Nguyen,United Kingdom,Teacher,International Wire Transfers,1,55,Medium,0.33,3.1
104932,Lucas Fitzgerald,France,Doctor,Current Account,0,10,Low,0.36,1.2
104933,Kenji Andersson,Canada,Nurse,Credit Card,0,10,Low,0.46,1.0
104934,Benjamin Andersson,France,Teacher,International Wire Transfers,0,20,Low,0.41,1.0
104935,Mary Kowalski,Nigeria,Software Engineer,Savings Account,0,40,Medium,0.54,1.0
104936,Chloe Volkov,Japan,Software Engineer,Current Account,0,0,Low,0.72,1.0
104937,Sara Volkov,Sweden,Retail Trader,Credit Card,0,35,Medium,0.67,1.0
104938,Oluwaseun Kowalski,Germany,Software Engineer,Current Account,0,10,Low,0.39,5.92
104939,Ingrid Wang,United Kingdom,Arms Dealer,Crypto Wallet,0,45,Medium,0.36,1.2
104940,Ivan Okonkwo,Afghanistan,Software Engineer,Credit Card,0,60,High,0.52,1.0
104941,Yuki Cole,United Kingdom,Doctor,Current Account,0,10,Low,0.38,2.87
104942,Hassan Nakamura,United Kingdom,Casino Operator,Current Account,0,35,Medium,0.56,0.9
104943,Liam Nguyen,United Kingdom,Nurse,Fixed Deposit,0,10,Low,0.36,5.72
104944,Kenji Petrov,Sweden,Cash-Intensive Business,Crypto Wallet,0,45,Medium,0.7,4.23
104945,Hassan Al-Sayed,United Kingdom,Casino Operator,Credit Card,0,55,Medium,0.71,2.39
104946,Noah Osei,China,Civil Servant,Savings Account,0,15,Low,0.45,1.2
104947,Kwame Dubois,South Africa,Teacher,Private Banking,0,45,Medium,0.33,1.0
104948,Yuki Andersson,Netherlands,Import/Export Trader,Savings Account,0,10,Low,0.48,4.9
104949,Zara Nakamura,France,Software Engineer,Current Account,0,10,Low,0.48,5.88
104950,Ivan Bello,France,Doctor,Crypto Wallet,1,55,Medium,0.67,6.32
104951,Ingrid Andersson,United States,Precious Metals Dealer,Private Banking,0,55,Medium,0.44,0.9
104952,Aisha Okafor,Panama,Software Engineer,Credit Card,1,85,High,0.42,1.0
104953,Dmitri Adeyemi,Russia,Money Service Business,Savings Account,0,75,High,0.52,3.75
104954,Grace Kowalski,Canada,Teacher,Savings Account,0,0,Low,0.44,1.0
104955,Rajesh Okafor,United States,Civil Servant,Credit Card,0,20,Low,0.46,3.37
104956,Liam Nakamura,United States,Cash-Intensive Business,Crypto Wallet,0,55,Medium,0.64,1.0
104957,Hassan Nakamura,Germany,Nurse,Savings Account,0,10,Low,0.56,1.2
104958,Chloe Sokolov,India,Money Service Business,Savings Account,0,50,Medium,0.69,4.18
104959,Emma Okafor,Germany,Car Dealer,Fixed Deposit,0,10,Low,0.5,2.41
104960,Wei Petrov,Germany,Civil Servant,Trade Finance,0,20,Low,0.76,1.0
104961,Wei Nakamoto,Nigeria,Nurse,Current Account,0,40,Medium,0.83,4.08
104962,Ingrid Fitzgerald,United States,Teacher,Savings Account,0,10,Low,0.39,1.2
104963,Sara Chen,Mexico,Teacher,Savings Account,0,25,Medium,0.38,4.71
104964,Ingrid Nakamoto,United Kingdom,Retail Trader,Current Account,0,40,Medium,0.74,1.0
104965,Fatima Adeyemi,Germany,Nurse,Crypto Wallet,0,30,Medium,0.46,5.17
104966,Carlos Cole,United Kingdom,Real Estate Agent,Credit Card,0,30,Medium,0.42,8.96
104967,Aisha Kowalski,Mexico,Car Dealer,Savings Account,0,35,Medium,0.43,0.9
104968,Oluwaseun Cole,United States,Teacher,Savings Account,0,0,Low,0.32,6.99
104969,Zara Muller,Netherlands,Civil Servant,Personal Loan,0,35,Medium,0.42,1.0
104970,Oluwaseun Nakamura,UAE,Car Dealer,Fixed Deposit,0,35,Medium,0.4,1.0
104971,Benjamin Nakamura,Nigeria,Teacher,Current Account,0,30,Medium,0.48,0.9
104972,Amara Andersson,Japan,Retail Trader,Personal Loan,0,20,Low,0.43,1.2
104973,Chen Dubois,China,Teacher,Personal Loan,0,35,Medium,0.35,1.0
104974,Rajesh Hall,India,Doctor,Current Account,0,15,Low,0.35,1.0
104975,Lucas Nakamoto,United Kingdom,Teacher,Personal Loan,0,10,Low,0.69,4.93
104976,Ingrid Khan,Brazil,Civil Servant,Savings Account,0,40,Medium,0.42,1.0
104977,Chen Adeyemi,United Kingdom,Teacher,Personal Loan,0,25,Medium,0.34,1.2
104978,Sara Reddy,United States,Nurse,Trade Finance,1,55,Medium,0.45,3.64
104979,Thomas Muller,United Kingdom,Precious Metals Dealer,Trade Finance,0,55,Medium,0.4,0.9
104980,Chloe Okafor,Australia,Car Dealer,Current Account,0,20,Low,0.33,5.04
104981,Lucas Al-Sayed,Nigeria,Accountant,Savings Account,0,30,Medium,0.74,1.2
104982,Emma Nakamoto,United Kingdom,Nurse,Fixed Deposit,0,10,Low,0.8,0.9
104983,Ingrid Patel,Ireland,Precious Metals Dealer,Credit Card,0,35,Medium,0.43,1.0
104984,Oluwaseun Muller,Netherlands,Teacher,Current Account,0,10,Low,0.37,1.0
104985,Ivan Dubois,China,Accountant,Current Account,0,15,Low,0.55,1.2
104986,Mary Dubois,Netherlands,Nurse,Credit Card,0,10,Low,0.42,1.0
104987,Yuki Wang,Australia,Import/Export Trader,Current Account,0,20,Low,0.38,5.09
104988,Priya Brown,Netherlands,Real Estate Agent,Current Account,0,10,Low,0.43,1.0
104989,Lucas Rossi,Mexico,Teacher,Crypto Wallet,0,45,Medium,0.36,0.9
104990,Carlos Volkov,Mexico,Teacher,Credit Card,1,50,Medium,0.62,1.2
104991,Adebayo Adeyemi,France,Software Engineer,Credit Card,0,10,Low,0.44,1.0
104992,Kwame Haddad,United Kingdom,Accountant,Current Account,1,35,Medium,0.67,3.44
104993,Mary Dubois,Kenya,Accountant,Savings Account,0,25,Medium,0.42,4.03
104994,Wei Volkov,India,Software Engineer,Credit Card,0,25,Medium,0.7,1.2
104995,Amara Muller,Australia,Civil Servant,Savings Account,0,0,Low,0.48,7.51
104996,Elena Nakamoto,Turkey,Civil Servant,Personal Loan,0,25,Medium,0.69,1.0
104997,Chen Chen,India,Civil Servant,Current Account,0,25,Medium,0.31,1.2
104998,Elena Silva,Germany,Software Engineer,Private Banking,0,20,Low,0.75,1.0
104999,Thomas Bello,India,Software Engineer,Current Account,0,25,Medium,0.42,1.2
105000,Sofia Haddad,Nigeria,Civil Servant,Crypto Wallet,1,70,High,0.75,1.2
